time,latitude,longitude,pres,temp,temp_qc,psal,psal_qc,pres_qc,data_mode,platform_number,cycle_number,position_qc,direction
UTC,degrees_north,degrees_east,decibar,degree_Celsius,,PSU,,,,,,,
2019-01-01T11:00:58Z,6.633,94.759,4.7,29.232,1,32.59,1,1,A,1901442,295,1,A
2019-01-12T05:05:13Z,6.821,94.455,4.4,29.075,1,32.378,1,1,A,1901442,296,1,A
2019-01-22T22:50:13Z,6.498,93.993,4.7,28.902,1,32.417,1,1,A,1901442,297,1,A
2019-02-24T04:54:55Z,6.555,92.956,4.6,29.299,1,33.225,1,1,A,1901442,300,1,A
2019-03-06T23:08:02Z,6.537,92.856,4.4,29.673,1,32.698,1,1,A,1901442,301,1,A
2019-03-17T20:38:44Z,6.576,92.633,4.5,29.779,1,32.77,1,1,A,1901442,302,1,A
2019-03-28T10:59:54Z,6.608,92.338,4.4,30.192,1,34.257,1,1,A,1901442,303,1,A
2019-04-08T05:20:24Z,6.334,92.179,4.4,30.853,1,33.801,1,1,A,1901442,304,1,A
2019-04-19T02:18:16Z,6.27,92.103,4.6,31.226,1,33.984,1,1,A,1901442,305,1,A
2019-04-29T17:36:20Z,6.27,92.084,4.4,30.437,1,34.154,1,1,A,1901442,306,1,A
2019-05-10T14:08:38Z,6.091,92.007,4.4,30.202,1,34.262,1,1,A,1901442,307,1,A
2019-05-21T05:42:46Z,5.982,91.935,4.4,30.092,1,33.632,1,1,A,1901442,308,1,A
2019-06-01T02:38:24Z,6.118,92.06,4.3,30.459,1,33.351,1,1,A,1901442,309,1,A
2019-06-11T17:15:22Z,6.313,92.125,4.1,30.079,1,33.324,1,1,A,1901442,310,1,A
2019-06-22T14:43:18Z,6.668,92.121,4.5,29.676,1,33.28,1,1,A,1901442,311,1,A
2019-07-03T05:58:08Z,6.725,92.232,4.6,29.459,1,33.176,1,1,A,1901442,312,1,A
2019-07-14T02:41:36Z,7.026,92.153,4.5,29.558,1,33.311,1,1,A,1901442,313,1,A
2019-07-24T17:35:42Z,7.171,92.273,4.4,29.121,1,33.329,1,1,A,1901442,314,1,A
2019-08-04T14:40:44Z,7.063,92.497,4.6,29.334,1,33.608,1,1,A,1901442,315,1,A
2019-08-15T07:24:48Z,7.201,92.816,4.2,29.039,1,33.632,1,1,A,1901442,316,1,A
2019-08-26T02:50:02Z,7.201,92.358,4.3,28.598,1,33.452,1,1,A,1901442,317,1,A
2019-09-05T17:38:12Z,7.416,92.027,4.1,28.657,1,33.707,1,1,A,1901442,318,1,A
2019-09-16T14:09:28Z,7.389,91.957,4.2,28.414,1,33.305,1,1,A,1901442,319,1,A
2019-09-27T05:36:26Z,7.069,92.027,4.5,28.702,1,33.181,1,1,A,1901442,320,1,A
2019-10-08T02:31:38Z,6.825,91.805,4.6,29.338,1,32.906,1,1,A,1901442,321,1,A
2019-10-18T16:43:46Z,6.866,91.33,4.6,29.471,1,33.051,1,1,A,1901442,322,1,A
2019-10-29T14:55:36Z,6.88,90.842,4.2,29.032,1,32.609,1,1,A,1901442,323,1,A
2019-11-09T06:49:08Z,6.783,90.767,4.5,28.619,1,33.012,1,1,A,1901442,324,1,A
2024-10-06T18:34:30Z,5.3734,83.4594,4.0,29.206,1,34.097,3,1,A,1902198,230,1,A
2024-10-16T18:21:59Z,5.4268,83.8108,4.2,29.07,1,34.03,3,1,A,1902198,231,1,A
2024-10-26T17:51:46Z,5.4164,83.7356,3.0,29.258,1,33.12,3,1,A,1902198,232,1,A
2024-11-05T18:58:20Z,5.677,83.1001,4.1,29.695,1,32.851,3,1,A,1902198,233,1,A
2024-11-15T18:17:11Z,6.8512,83.0777,4.1,29.843,1,32.08,3,1,A,1902198,234,1,A
2024-11-25T18:32:59Z,5.8514,83.4364,4.1,29.553,1,32.671,3,1,A,1902198,235,1,A
2025-01-04T18:42:01Z,5.6547,82.4196,3.0,28.898,1,31.593,3,1,A,1902198,239,1,A
2025-01-14T18:22:36Z,6.2485,82.541,4.2,29.0,1,33.666,3,1,A,1902198,240,1,A
2025-01-24T18:40:28Z,5.7522,82.5475,4.2,28.585,1,34.459,3,1,A,1902198,241,1,A
2025-03-15T17:47:34Z,5.0149,84.8214,4.2,29.65,1,37.696,3,1,A,1902198,246,1,A
2025-03-25T18:54:01Z,6.0945,84.5103,3.0,29.819,1,33.564,3,1,A,1902198,247,1,A
2025-04-04T18:10:27Z,6.3649,84.7639,4.2,30.057,1,28.671,3,1,A,1902198,248,1,A
2025-04-14T18:41:11Z,5.6254,85.1851,4.1,29.674,1,29.367,3,1,A,1902198,249,1,A
2025-08-22T18:21:29Z,5.1882,83.2821,4.2,28.631,1,23.894,3,1,A,1902198,262,1,A
2025-09-01T18:37:49Z,5.4722,83.9987,4.2,28.784,1,16.788,3,1,A,1902198,263,1,A
2025-09-11T17:57:22Z,5.4003,84.2107,2.9,28.8,1,16.025,3,1,A,1902198,264,1,A
2025-04-15T02:18:12Z,5.27441,90.28755,1.04,29.701,1,32.5,1,1,R,1902367,0,1,A
2025-04-16T13:57:55Z,5.25473,90.28133,1.0,29.634,1,32.3968,1,1,R,1902367,3,1,A
2025-04-17T10:51:56Z,5.2649,90.30837,1.08,30.155,1,32.5468,1,1,R,1902367,4,1,A
2025-04-18T07:48:34Z,5.28421,90.33944,1.04,29.72,1,32.5402,1,1,R,1902367,5,1,A
2025-04-19T05:39:59Z,5.26553,90.35827,1.08,29.952,1,32.6144,1,1,R,1902367,6,1,A
2025-04-20T06:06:37Z,5.27396,90.36625,1.0,29.588,1,32.6922,1,1,R,1902367,7,1,A
2025-04-21T06:22:24Z,5.28479,90.40187,1.12,29.865,1,32.6734,1,1,R,1902367,8,1,A
2025-04-20T05:00:00Z,14.07668,89.30805,0.96,30.343,1,32.8348,1,1,R,1902373,0,1,A
2025-04-21T19:53:07Z,14.12698,89.32111,1.04,30.942,1,NaN, ,1,R,1902373,3,1,A
2025-04-22T17:16:46Z,14.13845,89.3292,1.0,31.36,1,33.07,1,1,R,1902373,4,1,A
2025-04-23T18:09:07Z,14.14782,89.32419,1.04,31.002,1,33.0094,1,1,R,1902373,5,1,A
2025-04-24T18:59:51Z,14.16868,89.34438,0.96,31.024,1,33.109,1,1,R,1902373,6,1,A
2025-05-04T17:29:17Z,14.45167,89.44608,1.0,30.866,1,32.846,1,1,R,1902373,7,1,A
2025-05-14T10:50:43Z,14.70048,89.79689,1.0,32.117,1,32.5922,1,1,R,1902373,8,1,A
2025-05-15T08:57:16Z,14.70993,89.82785,0.96,32.024,1,32.8178,1,1,R,1902373,9,1,A
2025-05-16T07:00:28Z,14.72732,89.85229,1.0,31.862,1,32.867,1,1,R,1902373,10,1,A
2025-06-05T19:48:54Z,15.19682,89.99889,1.08,30.173,1,32.835,1,1,R,1902373,18,1,A
2025-06-15T21:58:56Z,15.3581,90.26925,1.12,29.791,1,32.7326,1,1,R,1902373,19,1,A
2025-06-26T00:23:48Z,15.52862,89.98623,1.04,29.279,1,32.9234,1,1,R,1902373,20,1,A
2025-07-16T03:02:35Z,16.19339,89.51496,0.92,29.533,1,32.8418,1,1,R,1902373,22,1,A
2025-08-16T11:41:58Z,15.91174,88.82374,1.04,29.439,1,32.391,1,1,R,1902373,35,1,A
2025-08-26T10:19:26Z,15.52375,88.60382,1.08,29.055,1,32.184,1,1,R,1902373,36,1,A
2025-09-05T08:41:39Z,15.08003,88.46278,1.16,28.892,1,31.0182,1,1,R,1902373,37,1,A
2025-09-15T07:08:39Z,14.80746,88.29985,1.0,NaN, ,NaN, ,1,R,1902373,38,1,A
2020-01-05T20:08:18Z,5.02675,80.74952,1.08,28.817,1,33.856,1,1,D,2902394,153,1,A
2020-01-15T12:10:43Z,5.01436,80.87053,1.04,29.05,1,34.081,1,1,D,2902394,154,1,A
2020-01-25T04:20:22Z,5.41068,80.72424,1.12,28.591,1,33.301,1,1,D,2902394,155,1,A
2020-02-04T02:57:18Z,5.69793,81.15888,1.04,28.33,1,33.343,1,1,D,2902394,156,1,A
2020-02-13T19:01:44Z,7.04558,82.43999,1.08,28.282,1,33.402,1,1,D,2902394,157,1,A
2020-02-23T11:10:53Z,7.89207,82.64384,1.12,28.272,1,33.411,1,1,D,2902394,158,1,A
2020-03-04T03:19:31Z,8.77112,81.87268,1.16,28.349,1,33.43,1,1,D,2902394,159,1,A
2020-03-14T01:53:05Z,9.57115,82.8659,1.2,28.241,1,33.098,1,1,D,2902394,160,1,A
2020-03-23T18:05:40Z,9.21472,83.86965,1.24,29.336,1,33.577,1,1,D,2902394,161,1,A
2020-04-02T10:05:49Z,9.78307,84.45968,1.2,29.998,1,33.701,1,1,D,2902394,162,1,A
2020-04-12T02:13:12Z,9.88874,84.68516,1.08,30.027,1,33.13,1,1,D,2902394,163,1,A
2020-04-22T00:47:52Z,9.50317,84.8995,1.2,30.413,1,33.06,1,1,D,2902394,164,1,A
2020-05-01T16:54:46Z,9.06364,84.94228,1.12,31.222,1,33.062,1,1,D,2902394,165,1,A
2020-05-11T09:00:04Z,9.04536,84.94444,1.12,31.854,1,33.14,1,1,D,2902394,166,1,A
2020-05-21T01:01:49Z,9.20754,85.07117,1.12,29.688,1,33.535,1,1,D,2902394,167,1,A
2020-05-30T23:26:08Z,9.25254,85.30683,1.0,30.169,1,33.373,1,1,D,2902394,168,1,A
2020-06-09T15:46:09Z,9.17095,85.66122,1.04,29.807,1,33.321,1,1,D,2902394,169,1,A
2020-06-19T07:53:29Z,8.42457,86.10655,1.16,30.142,1,33.529,1,1,D,2902394,170,1,A
2020-06-28T23:55:26Z,7.97255,85.97653,1.16,29.338,1,33.879,1,1,D,2902394,171,1,A
2020-07-08T22:30:07Z,7.87985,85.6129,1.16,29.179,1,34.243,1,1,D,2902394,172,1,A
2020-07-18T14:37:38Z,8.22022,85.36695,1.16,29.383,1,33.99,1,1,D,2902394,173,1,A
2020-07-28T06:40:20Z,8.49138,85.19994,1.2,28.984,1,33.887,1,1,D,2902394,174,1,A
2020-08-06T22:47:08Z,8.455,85.12368,1.12,28.872,1,34.087,1,1,D,2902394,175,1,A
2020-08-16T21:23:48Z,8.14299,85.34948,1.16,29.191,1,33.981,1,1,D,2902394,176,1,A
2020-08-26T13:32:02Z,8.40059,85.35621,1.2,29.414,1,34.139,1,1,D,2902394,177,1,A
2020-09-05T05:41:22Z,8.92877,85.237,1.16,29.458,1,33.862,1,1,D,2902394,178,1,A
2020-09-14T21:30:06Z,8.90213,85.34478,1.2,28.855,1,34.058,1,1,D,2902394,179,1,A
2020-09-24T19:52:59Z,8.23108,85.41075,1.12,29.068,1,33.991,1,1,D,2902394,180,1,A
2020-10-04T12:08:31Z,7.90715,85.66049,1.12,28.848,1,34.431,1,1,D,2902394,181,1,A
2020-10-14T04:07:34Z,8.26862,86.03408,1.2,28.761,1,33.755,1,1,D,2902394,182,1,A
2020-10-23T20:16:24Z,9.03399,86.20672,1.16,28.913,1,33.715,1,1,D,2902394,183,1,A
2020-11-02T18:36:32Z,9.77519,86.31654,1.2,29.273,1,33.272,1,1,D,2902394,184,1,A
2020-11-12T10:49:58Z,10.02007,86.69091,1.04,29.742,1,33.229,1,1,D,2902394,185,1,A
2020-11-22T02:53:55Z,10.23236,87.03583,1.08,29.234,1,33.348,1,1,D,2902394,186,1,A
2020-12-01T19:00:35Z,10.62978,87.2075,1.12,28.667,1,33.255,1,1,D,2902394,187,1,A
2020-12-11T17:35:08Z,10.91532,87.14668,1.08,28.442,1,33.45,1,1,D,2902394,188,1,A
2020-12-21T09:54:24Z,11.14661,86.95324,1.04,28.372,1,33.928,1,1,D,2902394,189,1,A
2020-12-31T01:56:08Z,11.27291,86.57116,1.04,28.188,1,33.915,1,1,D,2902394,190,1,A
2021-01-09T18:05:23Z,11.2224,86.20066,1.12,27.955,1,33.595,1,1,D,2902394,191,1,A
2021-01-19T16:32:47Z,11.15775,85.76379,1.12,27.767,1,33.727,1,1,D,2902394,192,1,A
2021-01-29T08:47:36Z,10.98201,85.37764,1.12,27.416,1,33.038,1,1,D,2902394,193,1,A
2021-02-08T00:57:29Z,10.7522,84.9143,1.12,27.109,1,32.619,1,1,D,2902394,194,1,A
2021-02-17T17:05:32Z,10.53704,84.25504,1.12,27.214,1,33.032,1,1,D,2902394,195,1,A
2021-02-27T15:34:22Z,10.48066,83.51653,1.16,28.083,1,32.963,1,1,D,2902394,196,1,A
2021-03-09T07:54:21Z,10.40113,82.7859,1.2,28.252,1,32.753,1,1,D,2902394,197,1,A
2021-03-18T23:58:59Z,10.36165,82.11964,1.04,28.402,1,32.844,1,1,D,2902394,198,1,A
2021-03-28T16:12:52Z,10.3284,81.48807,1.2,29.434,1,33.796,1,1,D,2902394,199,1,A
2021-04-07T14:35:40Z,10.33297,81.02761,1.16,29.822,1,33.814,1,1,D,2902394,200,1,A
2021-04-17T06:54:07Z,9.64337,81.08621,1.08,30.373,1,33.867,1,1,D,2902394,201,1,A
2021-04-26T23:04:02Z,8.16034,81.81202,1.04,30.118,1,34.009,1,1,D,2902394,202,1,A
2021-05-06T15:09:22Z,6.56488,82.11202,1.08,31.245,1,33.379,1,1,D,2902394,203,1,A
2021-05-16T13:21:29Z,6.43222,83.27782,1.08,30.968,1,33.855,1,1,D,2902394,204,1,A
2021-05-26T05:37:50Z,7.26273,82.99664,1.2,28.811,1,34.08,1,1,D,2902394,205,1,A
2021-06-04T21:52:33Z,8.52162,83.63799,1.12,29.928,1,33.655,1,1,D,2902394,206,1,A
2021-06-14T14:04:33Z,8.92779,84.17249,1.2,30.021,1,33.538,1,1,D,2902394,207,1,A
2021-06-24T12:36:43Z,8.84028,84.48255,1.08,29.791,1,33.194,1,1,D,2902394,208,1,A
2021-07-04T04:51:05Z,8.71964,84.46273,1.16,29.638,1,33.083,1,1,D,2902394,209,1,A
2021-07-13T21:03:11Z,8.17244,84.09462,1.16,29.159,1,33.676,1,1,D,2902394,210,1,A
2021-07-23T13:05:42Z,7.64818,83.8039,1.24,29.042,1,33.859,1,1,D,2902394,211,1,A
2021-08-02T11:37:46Z,8.10293,83.77255,1.04,29.346,1,33.603,1,1,D,2902394,212,1,A
2021-08-12T03:55:27Z,8.47792,83.27155,1.0,29.571,1,33.582,1,1,D,2902394,213,1,A
2021-08-21T20:08:12Z,8.43963,82.22255,1.12,29.212,1,33.581,1,1,D,2902394,214,1,A
2021-08-31T12:13:23Z,8.94517,81.35428,1.24,29.424,1,34.088,1,1,D,2902394,215,1,A
2021-09-10T10:41:31Z,11.01416,81.19745,1.2,29.186,1,33.673,1,1,D,2902394,216,1,A
2021-09-20T03:03:27Z,10.97895,81.80829,1.08,29.215,1,33.285,1,1,D,2902394,217,1,A
2021-09-29T19:05:54Z,11.29616,80.54619,1.0,29.296,1,33.595,1,1,D,2902394,218,1,A
2021-10-09T11:06:56Z,11.75857,81.63599,1.16,29.665,1,33.128,1,1,D,2902394,219,1,A
2021-10-19T09:31:50Z,11.18894,80.84938,1.2,29.602,1,33.449,1,1,D,2902394,220,1,A
2021-10-29T01:49:39Z,11.48556,80.60399,1.04,29.325,1,33.115,1,1,D,2902394,221,1,A
2021-11-07T18:05:03Z,11.82173,80.5543,1.16,29.301,1,32.406,1,1,D,2902394,222,1,A
2021-11-17T10:19:02Z,11.76269,80.2973,1.2,28.526,1,24.301,1,1,D,2902394,223,1,A
2021-11-27T09:05:26Z,12.04636,80.41351,1.2,28.497,1,29.531,1,1,D,2902394,224,1,A
2021-12-07T01:38:30Z,12.08356,80.38603,1.12,28.181,1,25.439,1,1,D,2902394,225,1,A
2021-12-16T18:13:01Z,11.96579,80.21165,1.08,27.325,1,29.097,1,1,D,2902394,226,1,A
2021-12-26T10:45:35Z,11.98243,80.2233,1.16,27.151,1,30.236,1,1,D,2902394,227,1,A
2022-01-05T08:54:01Z,11.98041,80.22437,1.2,26.858,1,29.527,1,1,D,2902394,228,1,A
2022-01-15T01:20:42Z,12.05877,80.30163,1.16,27.181,1,29.198,1,1,D,2902394,229,1,A
2022-01-24T17:44:59Z,12.10939,80.28996,1.08,27.339,1,30.377,1,1,D,2902394,230,1,A
2022-02-03T10:05:40Z,12.10284,80.32463,1.08,27.731,1,31.313,1,1,D,2902394,231,1,A
2022-02-13T09:02:01Z,12.13284,80.34334,1.12,27.788,1,32.793,1,1,D,2902394,232,1,A
2022-02-23T01:16:35Z,12.07211,80.28485,1.08,27.99,1,32.927,1,1,D,2902394,233,1,A
2022-03-04T17:34:50Z,11.98956,80.24148,1.16,28.126,1,33.383,1,1,D,2902394,234,1,A
2022-03-14T09:53:49Z,11.8287,80.20904,1.12,28.404,1,33.431,1,1,D,2902394,235,1,A
2022-03-24T07:51:14Z,11.4293,80.1455,1.16,29.36,1,33.166,1,1,D,2902394,236,1,A
2022-04-02T23:52:40Z,11.41284,80.09606,1.2,28.915,1,33.516,1,1,D,2902394,237,1,A
2022-04-12T16:15:08Z,11.42126,80.10274,1.08,29.781,1,33.498,1,1,D,2902394,238,1,A
2022-04-22T08:34:49Z,11.4409,80.10683,1.04,30.989,1,33.106,1,1,D,2902394,239,1,A
2022-05-02T06:25:59Z,11.45542,80.12126,1.2,30.045,1,33.472,1,1,D,2902394,240,1,A
2022-05-11T22:42:19Z,11.4459,80.20325,1.2,29.851,1,33.401,1,1,D,2902394,241,1,A
2022-05-21T15:06:36Z,10.27852,80.93549,1.2,29.447,1,33.545,1,1,D,2902394,242,1,A
2022-05-31T07:25:13Z,9.11474,81.50373,1.16,29.726,1,33.618,1,1,D,2902394,243,1,A
2022-06-10T06:04:08Z,8.77595,81.67766,1.12,29.448,1,33.62,1,1,D,2902394,244,1,A
2022-06-19T22:26:10Z,9.47339,83.93622,1.12,29.307,1,33.543,1,1,D,2902394,245,1,A
2022-06-29T14:37:01Z,9.43894,84.68352,1.24,29.589,1,33.158,1,1,D,2902394,246,1,A
2022-07-09T06:48:07Z,10.72056,83.6179,1.24,29.553,1,33.327,1,1,D,2902394,247,1,A
2022-07-19T05:44:59Z,10.68415,84.22072,1.2,29.294,1,33.263,1,1,D,2902394,248,1,A
2022-07-28T22:10:06Z,9.91666,84.20386,1.24,29.383,1,33.688,1,1,D,2902394,249,1,A
2022-08-07T14:32:35Z,9.69153,83.99351,1.12,28.558,1,33.656,1,1,D,2902394,250,1,A
2022-08-17T06:53:55Z,9.75007,83.42976,1.12,29.424,1,33.696,1,1,D,2902394,251,1,A
2022-08-27T05:17:56Z,10.15894,83.02483,1.08,29.23,1,33.365,1,1,D,2902394,252,1,A
2022-09-05T21:40:59Z,11.35675,83.04033,1.08,29.477,1,33.235,1,1,D,2902394,253,1,A
2022-09-15T13:56:45Z,11.92706,82.9966,1.12,29.41,1,33.106,1,1,D,2902394,254,1,A
2022-09-25T06:24:46Z,12.15326,83.6311,1.08,29.542,1,33.486,1,1,D,2902394,255,1,A
2022-10-05T04:56:57Z,12.08998,83.83054,1.12,28.498,1,32.677,1,1,D,2902394,256,1,A
2022-10-14T21:18:07Z,11.83428,83.6687,1.2,29.412,1,33.24,1,1,D,2902394,257,1,A
2022-10-24T13:41:15Z,11.64195,83.35382,1.12,29.407,1,32.852,1,1,D,2902394,258,1,A
2022-11-03T06:07:17Z,11.67641,83.30271,1.12,29.244,1,32.967,1,1,D,2902394,259,1,A
2022-11-13T04:50:11Z,11.67394,83.64491,1.16,28.736,1,33.688,1,1,D,2902394,260,1,A
2022-11-22T21:13:35Z,11.38786,84.13345,1.16,27.59,1,33.918,1,1,D,2902394,261,1,A
2022-12-02T13:29:33Z,11.29123,84.5326,1.0,28.311,1,33.38,1,1,D,2902394,262,1,A
2022-12-12T05:45:37Z,11.28839,84.82143,1.08,26.679,1,29.691,4,1,D,2902394,263,1,A
2022-12-22T04:35:28Z,11.48069,84.9113,1.0,26.779,1,29.789,4,1,D,2902394,264,1,A
2022-12-31T20:56:23Z,11.42855,85.30703,1.12,27.63,1,29.874,4,1,D,2902394,265,1,A
2023-01-10T13:23:10Z,11.12913,85.80035,1.12,26.912,1,29.189,4,1,D,2902394,266,1,A
2023-01-20T05:46:55Z,11.15123,86.074,1.08,26.943,1,29.362,4,1,D,2902394,267,1,A
2023-01-30T04:38:08Z,11.40318,85.99466,1.16,27.524,1,29.49,4,1,D,2902394,268,1,A
2023-02-08T21:11:12Z,11.648481933284117,85.91741350114403,1.08,27.798,1,29.243,4,1,D,2902394,269,8,A
2023-02-18T13:34:15Z,11.3933,85.29352,1.04,27.83,1,29.507,4,1,D,2902394,270,1,A
2023-02-28T05:54:05Z,11.32649,84.77807,1.24,28.119,1,29.584,4,1,D,2902394,271,1,A
2023-03-10T04:48:56Z,11.26199,84.18107,1.2,28.479,1,29.908,4,1,D,2902394,272,1,A
2023-03-19T21:15:39Z,11.09101,83.61216,1.16,28.698,1,29.987,4,1,D,2902394,273,1,A
2023-03-29T13:35:56Z,10.8403,82.88172,1.12,30.155,1,29.723,4,1,D,2902394,274,1,A
2023-04-08T05:52:34Z,10.62403,82.15783,1.12,30.062,1,29.752,4,1,D,2902394,275,1,A
2023-04-18T04:51:02Z,10.41192,81.77348,1.04,30.716,1,30.01,4,1,D,2902394,276,1,A
2023-04-27T21:18:17Z,10.34501,81.18691,1.24,30.733,1,29.525,4,1,D,2902394,277,1,A
2023-05-07T13:26:06Z,9.70877,81.11771,1.16,30.36,1,29.869,4,1,D,2902394,278,1,A
2023-05-17T05:38:06Z,7.9932,82.21332,1.16,30.314,1,29.953,4,1,D,2902394,279,1,A
2023-05-27T04:16:22Z,8.96581,82.84626,1.2,30.412,1,29.149,4,1,D,2902394,280,1,A
2023-06-05T20:47:48Z,10.01326,83.13344,1.12,30.454,1,29.231,4,1,D,2902394,281,1,A
2023-06-15T13:03:09Z,10.17624,83.88107,1.2,30.51,1,29.388,4,1,D,2902394,282,1,A
2023-06-25T05:16:39Z,8.9003,84.03004,1.04,29.447,1,29.867,4,1,D,2902394,283,1,A
2023-07-05T04:18:02Z,8.74579,82.30309,1.16,29.153,1,30.161,4,1,D,2902394,284,1,A
2023-07-14T20:33:29Z,10.41909,81.75238,1.08,29.417,1,29.698,4,1,D,2902394,285,1,A
2023-07-24T12:48:32Z,9.94858,82.90411,1.08,29.141,1,29.938,4,1,D,2902394,286,1,A
2023-08-03T05:09:07Z,8.98098,83.34012,1.04,29.363,1,30.116,4,1,D,2902394,287,1,A
2023-08-13T04:02:08Z,8.594,83.51586,1.08,29.68,1,30.348,4,1,D,2902394,288,1,A
2023-08-22T20:15:51Z,8.10138,83.42739,1.12,29.597,1,30.641,4,1,D,2902394,289,1,A
2023-09-01T12:35:52Z,7.64328,83.24313,1.32,28.855,1,31.454,4,1,D,2902394,290,1,A
2023-09-11T04:58:59Z,7.46699,83.20681,1.04,28.725,1,31.113,4,1,D,2902394,291,1,A
2023-09-21T04:10:06Z,7.47269,83.4413,1.08,28.898,1,31.112,4,1,D,2902394,292,1,A
2023-09-30T20:41:07Z,7.25009,83.7817,1.04,28.913,1,31.386,4,1,D,2902394,293,1,A
2023-10-10T13:14:13Z,7.0844,84.11956,1.2,29.048,1,31.339,4,1,D,2902394,294,1,A
2023-10-20T05:43:06Z,7.28239,84.4839,1.04,28.822,1,30.852,4,1,D,2902394,295,1,A
2023-10-30T04:49:11Z,7.77608,84.85273,1.2,29.741,1,30.587,4,1,D,2902394,296,1,A
2023-11-08T21:12:08Z,8.12438,85.2915,1.16,29.489,1,30.372,4,1,D,2902394,297,1,A
2023-11-18T13:23:14Z,8.27925,85.54033,1.16,29.554,1,29.941,4,1,D,2902394,298,1,A
2023-11-28T05:36:28Z,8.33942,85.54863,1.04,29.392,1,30.288,4,1,D,2902394,299,1,A
2023-12-08T05:14:45Z,8.58584,85.4867,1.16,29.114,1,30.17,4,1,D,2902394,300,1,A
2023-12-17T21:40:15Z,8.90765,85.34354,1.24,28.633,1,29.967,4,1,D,2902394,301,1,A
2023-12-27T14:01:43Z,9.34015,85.15086,1.16,29.031,1,29.711,4,1,D,2902394,302,1,A
2024-01-06T06:14:56Z,9.82378,85.17153,1.12,28.746,1,29.877,4,1,D,2902394,303,1,A
2024-01-16T05:40:22Z,9.88653,85.34631,1.12,28.434,1,29.43,4,1,D,2902394,304,1,A
2024-01-25T22:11:41Z,9.90652,85.60719,1.2,28.366,1,29.896,4,1,D,2902394,305,1,A
2024-02-04T14:31:17Z,9.96734,86.03468,1.04,28.37,1,29.178,4,1,D,2902394,306,1,A
2024-03-04T22:00:59Z,9.96441,87.71498,1.12,28.828,1,NaN, ,1,D,2902394,309,1,A
2024-03-14T14:16:00Z,9.96886,87.9182,1.16,29.546,1,29.537,4,1,D,2902394,310,1,A
2024-03-24T06:27:47Z,9.87221,87.86905,1.16,NaN, ,29.913,4,1,D,2902394,311,1,A
2024-04-12T21:56:20Z,9.52789,87.69274,1.16,30.76,1,NaN, ,1,D,2902394,313,1,A
2024-05-02T06:26:40Z,9.463,87.01263,1.2,NaN, ,29.055,4,1,D,2902394,315,1,A
2020-09-14T21:05:25Z,5.3238,83.21027,1.04,28.572,1,34.35,4,1,D,2902395,179,1,A
2020-09-24T12:56:55Z,5.39098,84.04981,0.48,28.805,1,34.291,4,1,D,2902395,180,1,A
2019-04-03T12:57:51Z,5.25739,85.42238,0.44,31.245,1,33.854,1,1,D,2903132,35,1,A
2019-04-13T10:34:29Z,5.55343,85.5834,0.96,31.651,1,33.597,1,1,D,2903132,36,1,A
2019-04-23T08:01:48Z,5.59814,85.72575,1.04,30.844,1,32.903,1,1,D,2903132,37,1,A
2019-05-03T05:43:12Z,5.53508,85.79016,1.08,29.555,1,33.571,1,1,D,2903132,38,1,A
2019-05-13T03:02:07Z,5.41806,85.93614,0.44,29.694,1,33.903,1,1,D,2903132,39,1,A
2019-05-23T00:36:52Z,5.27749,85.74554,0.96,29.912,1,34.427,1,1,D,2903132,40,1,A
2019-11-07T05:31:23Z,5.09257,88.00439,1.24,29.044,1,33.385,1,1,D,2903132,57,1,A
2019-11-17T02:54:45Z,5.18926,87.73613,0.96,29.495,1,33.325,1,1,D,2903132,58,1,A
2019-11-27T00:19:56Z,5.17197,87.59313,0.92,29.443,1,33.471,1,1,D,2903132,59,1,A
2020-05-23T02:13:21Z,5.11898,87.92615,1.08,29.341,1,33.452,1,1,D,2903132,77,1,A
2020-09-18T19:09:29Z,5.35499,89.44789,1.0,28.858,1,34.033,1,1,D,2903132,89,1,A
2021-11-08T02:40:36Z,5.04563,87.51267,1.04,28.518,1,33.348,1,1,D,2903132,131,1,A
2023-02-05T14:58:06Z,5.04854,91.92516,1.0,29.084,1,33.549,1,1,D,2903132,177,1,A
2023-02-15T12:15:09Z,5.10155,91.90695,1.0,28.701,1,34.424,1,1,D,2903132,178,1,A
2019-04-02T12:59:07Z,5.0162,85.36924,1.12,31.028,2,33.452,4,1,D,2903135,62,1,A
2019-04-12T13:52:51Z,5.29063,85.38266,1.12,30.875,2,33.83,4,1,D,2903135,63,1,A
2019-04-22T15:46:10Z,5.37643,85.40732,1.08,30.667,2,32.848,4,1,D,2903135,64,1,A
2019-05-02T14:16:19Z,5.39829,85.46481,1.12,29.593,2,33.596,4,1,D,2903135,65,1,A
2019-05-12T12:23:02Z,5.44335,85.68454,1.12,29.705,2,33.838,4,1,D,2903135,66,1,A
2019-05-22T10:48:03Z,5.56782,85.6769,1.12,30.407,2,34.261,4,1,D,2903135,67,1,A
2019-06-01T10:10:12Z,5.56757,85.44012,1.0,30.076,2,34.694,4,1,D,2903135,68,1,A
2019-06-11T08:55:53Z,5.18792,85.03718,1.04,29.931,2,34.606,4,1,D,2903135,69,1,A
2019-06-21T07:34:29Z,5.10799,84.60389,0.48,29.714,2,34.799,4,1,D,2903135,70,1,A
2019-07-01T03:09:14Z,5.38584,84.46215,0.92,29.494,2,34.786,4,1,D,2903135,71,1,A
2019-07-10T22:55:24Z,5.72695,84.39932,1.04,29.503,2,34.619,4,1,D,2903135,72,1,A
2019-07-20T19:18:31Z,5.79818,84.09248,0.44,29.336,2,34.828,4,1,D,2903135,73,1,A
2019-07-30T15:27:18Z,5.36116,83.73346,1.08,29.156,2,34.405,4,1,D,2903135,74,1,A
2019-08-29T04:00:06Z,5.33476,83.72023,1.04,28.717,2,34.804,4,1,D,2903135,77,1,A
2019-09-07T23:44:29Z,6.13228,84.13407,1.08,28.593,2,34.878,4,1,D,2903135,78,1,A
2019-09-17T19:31:44Z,6.43579,84.87934,1.04,28.636,2,34.932,4,1,D,2903135,79,1,A
2019-09-27T15:53:44Z,6.34957,85.41782,1.08,28.782,2,33.778,4,1,D,2903135,80,1,A
2019-10-07T12:00:25Z,6.27775,85.62211,1.08,29.615,2,33.476,4,1,D,2903135,81,1,A
2019-10-17T08:08:48Z,5.89615,85.73432,1.08,30.013,2,33.889,4,1,D,2903135,82,1,A
2019-10-27T04:05:42Z,5.57606,85.75964,1.04,28.987,2,33.345,4,1,D,2903135,83,1,A
2019-11-06T00:30:17Z,5.77152,85.79718,1.0,28.792,2,33.605,4,1,D,2903135,84,1,A
2019-11-15T20:32:33Z,6.13732,85.86593,1.04,29.447,2,33.478,4,1,D,2903135,85,1,A
2019-11-25T16:48:07Z,6.38792,86.02979,1.12,29.305,2,33.374,4,1,D,2903135,86,1,A
2019-12-05T12:49:24Z,6.39389,86.38949,1.08,28.941,2,33.464,4,1,D,2903135,87,1,A
2019-12-15T08:52:40Z,6.16387,86.73066,1.12,28.887,2,33.416,4,1,D,2903135,88,1,A
2019-12-25T05:01:16Z,5.71623,86.68179,1.08,29.084,2,33.419,4,1,D,2903135,89,1,A
2020-01-04T02:49:40Z,5.17747,86.45904,1.08,28.674,2,33.313,4,1,D,2903135,90,1,A
2020-01-13T23:02:21Z,5.1266,86.27069,1.0,28.847,2,33.474,4,1,D,2903135,91,1,A
2020-01-23T20:36:22Z,5.23775,86.22679,1.04,28.799,2,33.834,4,1,D,2903135,92,1,A
2020-02-02T16:19:01Z,5.27013,86.39245,1.08,28.83,2,34.038,4,1,D,2903135,93,1,A
2020-02-12T12:08:13Z,5.17257,86.46569,1.08,28.549,2,33.899,4,1,D,2903135,94,1,A
2020-04-01T19:24:52Z,5.01387,86.19982,1.04,29.537,2,33.762,4,1,D,2903135,99,1,A
2020-04-11T15:07:27Z,5.12925,86.30959,1.12,30.539,2,34.362,4,1,D,2903135,100,1,A
2020-04-21T11:05:33Z,5.30318,86.1448,1.08,31.211,2,34.115,4,1,D,2903135,101,1,A
2020-05-01T06:38:20Z,5.39308,85.83643,1.12,30.573,2,33.721,4,1,D,2903135,102,1,A
2020-05-11T02:48:29Z,5.3127,85.45742,1.08,30.698,2,34.259,4,1,D,2903135,103,1,A
2020-05-20T22:58:19Z,5.29231,84.99987,1.2,29.189,2,34.477,4,1,D,2903135,104,1,A
2020-05-30T18:57:39Z,5.27151,84.55719,1.12,29.357,2,34.28,4,1,D,2903135,105,1,A
2020-06-09T14:51:03Z,5.47837,84.13454,1.12,29.457,2,33.912,4,1,D,2903135,106,1,A
2020-06-19T10:50:55Z,5.48271,83.58617,1.12,30.071,2,33.711,4,1,D,2903135,107,1,A
2020-06-29T06:55:32Z,5.09409,83.01224,1.08,29.055,2,34.361,4,1,D,2903135,108,1,A
2020-07-28T19:43:19Z,5.01618,82.67939,1.08,28.653,2,34.071,4,1,D,2903135,111,1,A
2020-08-07T15:56:45Z,5.09628,83.73412,1.0,28.574,2,33.893,4,1,D,2903135,112,1,A
2020-08-17T12:23:20Z,5.56616,84.46381,1.08,28.581,2,34.613,4,1,D,2903135,113,1,A
2020-08-27T08:21:41Z,5.78301,85.23043,1.08,29.57,2,34.071,4,1,D,2903135,114,1,A
2020-09-06T05:03:56Z,6.24485,85.55666,1.04,29.298,2,34.013,4,1,D,2903135,115,1,A
2020-09-16T01:33:17Z,6.34495,85.61426,1.08,28.88,2,34.059,4,1,D,2903135,116,1,A
2020-09-25T20:50:10Z,6.34143,85.77653,1.08,28.741,2,34.206,4,1,D,2903135,117,1,A
2020-10-05T16:33:25Z,6.72933,86.3378,1.04,28.885,2,33.878,4,1,D,2903135,118,1,A
2020-10-15T12:40:24Z,7.00508,87.01602,1.08,28.799,2,34.421,4,1,D,2903135,119,1,A
2020-10-25T08:12:19Z,6.70901,87.18218,1.08,29.103,2,33.599,4,1,D,2903135,120,1,A
2020-11-04T04:28:54Z,6.29658,87.12579,1.12,29.158,2,34.223,4,1,D,2903135,121,1,A
2020-11-14T00:24:52Z,5.91746,87.02917,1.0,29.709,2,34.446,4,1,D,2903135,122,1,A
2020-11-23T22:28:45Z,5.75991,86.9945,1.12,28.934,2,33.198,4,1,D,2903135,123,1,A
2020-12-03T19:40:34Z,5.80675,86.84905,1.04,28.965,2,34.366,4,1,D,2903135,124,1,A
2020-12-13T16:15:57Z,5.99615,86.60529,1.04,29.065,2,34.442,4,1,D,2903135,125,1,A
2020-12-23T12:32:03Z,6.14989,86.34863,1.08,28.792,2,34.384,4,1,D,2903135,126,1,A
2021-01-02T09:05:19Z,6.37013,86.10868,1.08,28.42,2,33.784,4,1,D,2903135,127,1,A
2021-01-12T09:33:30Z,6.5039,86.01753,1.08,28.608,2,34.275,4,1,D,2903135,128,1,A
2021-01-22T06:03:57Z,6.52089,85.93856,1.08,28.941,2,34.17,4,1,D,2903135,129,1,A
2021-02-01T03:07:55Z,6.30274,85.90255,1.12,28.689,2,34.148,4,1,D,2903135,130,1,A
2021-02-10T23:53:32Z,6.16924,86.01185,1.08,28.386,2,34.068,4,1,D,2903135,131,1,A
2021-02-20T20:49:40Z,6.45185,85.98217,1.08,28.792,2,34.187,4,1,D,2903135,132,1,A
2021-03-02T17:36:23Z,6.86888,85.59626,1.12,28.757,2,33.935,4,1,D,2903135,133,1,A
2021-03-12T14:19:50Z,6.95639,85.25866,1.12,29.144,2,33.732,4,1,D,2903135,134,1,A
2021-03-22T10:55:17Z,6.77567,85.10786,1.16,30.09,2,33.35,4,1,D,2903135,135,1,A
2021-04-01T08:11:03Z,6.67764,85.02936,1.12,29.607,2,33.398,4,1,D,2903135,136,1,A
2021-04-11T04:51:12Z,6.8421,85.25615,1.08,30.262,2,33.358,4,1,D,2903135,137,1,A
2021-04-21T01:39:20Z,7.0534,85.65303,1.04,29.693,2,32.942,4,1,D,2903135,138,1,A
2021-04-30T21:39:11Z,7.47968,85.79682,1.04,30.365,2,33.226,4,1,D,2903135,139,1,A
2021-05-10T18:15:42Z,7.62258,85.72466,1.12,30.912,2,33.111,4,1,D,2903135,140,1,A
2021-05-20T14:43:50Z,7.6136,85.4971,1.08,30.666,2,33.354,4,1,D,2903135,141,1,A
2024-05-04T07:29:13Z,11.49771,86.49631,1.0,32.163,1,33.555,1,1,D,2903434,0,1,A
2024-05-06T03:43:38Z,11.49427,86.52956,0.44,32.1,1,33.632,1,1,D,2903434,2,1,A
2024-05-07T13:27:04Z,11.47826,86.55822,1.0,32.209,1,33.631,1,1,D,2903434,3,1,A
2024-05-08T23:12:24Z,11.45634,86.60786,1.0,31.996,1,33.455,1,1,D,2903434,4,1,A
2024-05-19T05:58:36Z,11.21343,86.88125,1.08,31.887,1,32.77,1,1,D,2903434,5,1,A
2024-05-29T12:36:12Z,11.11043,87.19903,1.0,29.964,1,32.838,1,1,D,2903434,6,1,A
2024-06-08T19:03:54Z,10.94319,87.60223,1.0,29.59,1,32.782,1,1,D,2903434,7,1,A
2024-06-19T01:40:41Z,11.18108,87.86917,1.08,29.809,1,32.884,1,1,D,2903434,8,1,A
2024-06-29T08:18:11Z,11.79457,87.73091,1.08,29.734,1,32.978,1,1,D,2903434,9,1,A
2024-07-09T14:54:09Z,12.48634,87.25061,1.08,29.701,1,33.045,1,1,D,2903434,10,1,A
2024-07-19T21:27:02Z,13.25646,86.95199,0.96,29.152,1,0.314,4,1,D,2903434,11,1,A
2024-07-30T03:53:05Z,13.77848,87.43015,1.04,29.151,1,0.403,4,1,D,2903434,12,1,A
2024-08-09T10:21:03Z,13.51018,87.90609,1.0,29.819,1,0.354,4,1,D,2903434,13,1,A
2024-08-19T16:53:11Z,12.82371,87.6805,1.0,29.695,1,0.16,4,1,D,2903434,14,1,A
2024-08-29T23:28:27Z,12.44975,86.96558,1.12,29.194,1,0.097,4,1,D,2903434,15,1,A
2024-09-09T05:59:21Z,12.11868,86.54212,0.44,29.203,1,0.107,4,1,D,2903434,16,1,A
2024-09-19T12:34:35Z,11.58545,86.21862,1.0,29.381,1,0.117,4,1,D,2903434,17,1,A
2024-09-29T19:10:59Z,11.16536,85.9093,0.96,29.551,1,0.175,4,1,D,2903434,18,1,A
2024-10-10T01:50:53Z,11.12619,85.67499,1.04,29.894,1,0.165,4,1,D,2903434,19,1,A
2024-10-20T08:27:28Z,11.30116,85.72383,1.0,29.961,1,0.152,4,1,D,2903434,20,1,A
2024-10-30T14:58:28Z,11.40321,86.01337,1.0,29.673,1,0.147,4,1,D,2903434,21,1,A
2024-11-09T21:36:51Z,11.2057,86.40854,1.0,29.658,1,0.121,4,1,D,2903434,22,1,A
2024-11-20T04:16:15Z,10.77277,86.69049,1.12,29.558,1,0.115,4,1,D,2903434,23,1,A
2024-11-30T10:51:41Z,11.05627,87.11334,1.0,28.79,1,0.106,4,1,D,2903434,24,1,A
2024-12-10T17:26:47Z,11.65718,87.18203,1.04,28.765,1,0.112,4,1,D,2903434,25,1,A
2024-12-20T23:47:37Z,12.11261,87.34022,1.0,28.754,1,0.112,4,1,D,2903434,26,1,A
2024-12-31T06:13:42Z,12.28658,87.56229,0.96,28.686,1,0.119,4,1,D,2903434,27,1,A
2025-01-10T12:51:38Z,12.36007,87.69682,1.04,28.404,1,0.11,4,1,R,2903434,28,1,A
2025-01-20T19:28:04Z,12.08605,87.72864,1.0,28.334,1,0.111,4,1,R,2903434,29,1,A
2025-01-31T01:54:36Z,11.79059,87.5586,0.48,27.615,1,0.123,4,1,R,2903434,30,1,A
2025-02-10T08:37:55Z,11.41449,87.1117,1.04,27.801,1,0.122,4,1,R,2903434,31,1,A
2025-02-20T15:10:37Z,11.08983,86.5986,0.48,28.47,1,0.122,4,1,R,2903434,32,1,A
2025-03-02T21:41:08Z,10.81244,85.93672,1.04,28.131,1,0.121,4,1,R,2903434,33,1,A
2025-03-13T04:07:52Z,10.47119,85.29235,0.44,29.23,1,0.122,4,1,R,2903434,34,1,A
2025-03-23T10:44:48Z,10.11244,84.85521,1.04,29.588,1,0.124,4,1,R,2903434,35,1,A
2025-04-02T17:19:14Z,9.86286,84.74291,1.0,29.849,1,0.126,4,1,R,2903434,36,1,A
2025-04-12T23:45:00Z,9.94077,84.77736,1.12,29.614,1,0.129,4,1,R,2903434,37,1,A
2025-04-23T06:24:42Z,10.16943,84.84567,1.04,30.86,1,0.128,4,1,R,2903434,38,1,A
2025-05-03T13:02:11Z,10.62671,84.85246,1.0,30.728,1,0.129,4,1,R,2903434,39,1,A
2025-05-13T19:34:51Z,11.09346,84.7146,1.04,30.876,1,0.131,4,1,R,2903434,40,1,A
2025-05-24T02:05:30Z,11.58458,84.75358,0.92,30.475,1,0.129,4,1,R,2903434,41,1,A
2025-06-03T08:40:40Z,11.88033,85.10166,1.0,30.151,1,0.132,4,1,R,2903434,42,1,A
2025-06-13T15:02:03Z,12.11102,85.38464,1.0,30.148,1,0.14,4,1,R,2903434,43,1,A
2025-06-23T21:26:11Z,12.0474,85.60098,0.92,29.557,1,0.143,4,1,R,2903434,44,1,A
2025-07-04T04:04:54Z,11.60607,85.80258,1.08,29.657,1,0.19,4,1,R,2903434,45,1,A
2025-07-14T10:38:48Z,11.80242,85.9498,1.04,29.804,1,0.154,4,1,R,2903434,46,1,A
2025-07-24T17:30:05Z,12.1262,86.00763,1.08,29.114,1,0.14,4,1,R,2903434,47,1,A
2025-08-04T00:01:53Z,12.50431,86.06941,0.96,29.282,1,0.135,4,1,R,2903434,48,1,A
2025-08-14T06:25:01Z,12.91544,86.20445,1.08,29.267,1,0.132,4,1,R,2903434,49,1,A
2025-08-24T13:02:57Z,12.92767,86.41168,0.96,29.147,1,0.129,4,1,R,2903434,50,1,A
2025-09-03T19:32:56Z,13.27636,86.45193,0.96,29.066,1,0.132,4,1,R,2903434,51,1,A
2025-09-14T02:06:35Z,13.32907,86.47843,0.96,29.302,1,0.135,4,1,R,2903434,52,1,A
2025-04-17T07:32:00Z,8.91537,87.49099,1.0,30.08,1,32.8028,1,1,R,2903829,0,1,A
2025-04-18T00:45:12Z,8.91164,87.48909,1.0,29.904,1,32.8302,1,1,R,2903829,2,1,A
2025-04-19T20:42:08Z,8.89711,87.4796,1.0,30.126,1,33.1216,1,1,R,2903829,4,1,A
2025-04-20T19:31:02Z,8.91499,87.48831,1.08,30.41,1,33.3394,1,1,R,2903829,5,1,A
2025-04-21T18:25:25Z,8.90443,87.49169,1.0,31.296,1,33.3934,1,1,R,2903829,6,1,A
2025-04-22T17:59:46Z,8.91218,87.48107,1.08,30.793,1,33.2128,1,1,R,2903829,7,1,A
2025-04-23T17:32:11Z,8.89694,87.49281,0.96,30.797,1,33.1436,1,1,R,2903829,8,1,A
2025-05-04T00:59:39Z,8.95435,87.42234,1.0,30.322,1,32.6984,1,1,R,2903829,9,1,A
2025-05-13T16:43:05Z,9.18896,87.25743,1.04,30.467,1,32.5146,1,1,R,2903829,10,1,A
2025-05-23T20:36:09Z,9.55755,86.86848,1.0,29.929,1,32.782,1,1,R,2903829,11,1,A
2025-06-03T00:24:59Z,9.82995,86.63622,0.96,29.866,1,33.0042,1,1,R,2903829,12,1,A
2025-06-13T04:18:41Z,10.05139,86.57538,1.08,29.874,1,33.2432,1,1,R,2903829,13,1,A
2025-06-23T08:13:35Z,9.99425,86.48202,0.96,29.543,1,33.186,1,1,R,2903829,14,1,A
2025-07-03T12:10:21Z,9.8249,86.39843,0.92,29.677,1,33.4104,1,1,R,2903829,15,1,A
2025-07-13T23:58:51Z,9.68619,86.26118,1.0,29.846,1,33.737,1,1,R,2903829,16,1,A
2025-07-23T15:49:05Z,9.48839,86.0783,1.08,29.331,1,34.1134,1,1,R,2903829,17,1,A
2025-08-02T19:37:14Z,9.07912,85.96484,0.96,29.365,1,34.249,1,1,R,2903829,18,1,A
2025-08-12T23:24:31Z,8.60978,85.79227,1.12,29.018,1,34.3702,1,1,R,2903829,19,1,A
2025-08-23T03:04:06Z,8.04032,85.66807,0.96,28.867,1,34.0294,1,1,R,2903829,20,1,A
2025-09-02T06:55:40Z,7.88894,85.83524,1.16,29.226,1,34.4396,1,1,R,2903829,21,1,A
2025-09-12T10:31:45Z,8.4755,85.99619,1.04,29.569,1,33.3518,1,1,R,2903829,22,1,A
2025-04-21T08:59:43Z,16.4974,89.84424,1.08,30.725,1,31.6498,1,1,R,2903831,0,1,A
2025-04-22T08:23:17Z,16.48923,89.76321,1.04,30.683,1,32.1194,1,1,R,2903831,7,1,A
2025-04-23T06:02:15Z,16.50315,89.71456,1.04,30.503,1,32.1996,1,1,R,2903831,8,1,A
2025-04-24T05:17:13Z,16.50974,89.67987,1.08,30.574,1,32.5306,1,1,R,2903831,9,1,A
2025-04-25T03:43:31Z,16.52776,89.64198,1.08,30.219,1,32.1822,1,1,R,2903831,10,1,A
2025-04-26T02:35:24Z,16.54773,89.60289,0.96,30.134,1,32.319,1,1,R,2903831,11,1,A
2025-04-27T01:04:04Z,16.56832,89.55447,1.0,30.148,1,32.4056,1,1,R,2903831,12,1,A
2025-04-28T18:48:23Z,16.61327,89.45786,1.0,30.51,1,32.2524,1,1,R,2903831,15,1,A
2025-05-08T21:47:02Z,16.73498,89.16682,1.04,30.859,1,32.301,1,1,R,2903831,16,1,A
2025-05-19T01:21:58Z,17.00641,88.90358,1.0,31.038,1,32.7444,1,1,R,2903831,17,1,A
2025-05-29T05:34:48Z,17.27095,88.57863,1.04,30.427,1,32.5742,1,1,R,2903831,18,1,A
2025-06-08T09:24:52Z,17.42581,88.39164,1.08,30.611,1,33.0208,1,1,R,2903831,19,1,A
2025-06-18T21:08:50Z,17.478,88.10744,1.12,29.973,1,33.051,1,1,R,2903831,20,1,A
2025-06-28T13:14:07Z,17.281,87.81492,1.0,29.183,1,32.3812,1,1,R,2903831,21,1,A
2025-07-08T16:51:11Z,17.06999,87.71763,1.0,28.837,1,32.8754,1,1,R,2903831,22,1,A
2025-07-18T21:05:01Z,17.05443,87.80003,1.04,29.789,1,32.77,1,1,R,2903831,23,1,A
2025-07-29T09:03:19Z,17.31064,87.96659,1.0,29.178,1,32.679,1,1,R,2903831,24,1,A
2025-08-08T01:29:34Z,17.75946,88.2018,1.2,30.351,1,31.5298,1,1,R,2903831,25,1,A
2025-08-18T05:30:19Z,17.91853,88.65124,1.0,NaN, ,NaN, ,1,R,2903831,26,1,A
2025-08-28T09:39:43Z,17.66628,89.07985,1.2,28.543,1,28.5414,1,1,R,2903831,27,1,A
2025-09-07T13:44:33Z,17.21747,89.26839,1.0,NaN, ,NaN, ,1,R,2903831,28,1,A
2022-01-25T22:02:32Z,5.358,83.739,4.1,28.574,1,11.92,4,1,D,5905090,180,1,A
2022-02-04T21:43:20Z,5.023,84.93,2.9,29.205,1,12.03,4,1,D,5905090,181,1,A
2025-07-21T00:15:45Z,17.6604,89.4446,0.4,30.035,1,32.759,1,1,A,5907152,1,1,A
2025-07-31T05:19:34Z,16.9102,90.0513,0.2,29.297,1,32.216,1,1,A,5907152,2,1,A
2025-08-10T10:32:53Z,16.3374,89.8377,0.6,30.054,1,32.884,1,1,A,5907152,3,1,A
2025-08-20T17:47:07Z,16.1203,89.97,0.4,29.275,1,32.873,1,1,A,5907152,4,1,A
2025-08-31T02:58:59Z,16.0889,90.2888,2.3,28.64,1,31.335,1,1,A,5907152,5,1,A
2019-01-09T09:31:21Z,8.079,91.838,4.0,29.044,1,33.65,1,1,D,2901892,163,1,A
2019-01-19T09:31:54Z,8.454,91.601,4.0,29.004,1,33.741,1,1,D,2901892,164,1,A
2019-01-29T09:31:34Z,8.746,91.192,4.1,28.294,1,33.0,1,1,D,2901892,165,1,A
2019-02-08T09:39:56Z,8.981,90.866,4.0,28.961,1,33.39,1,1,D,2901892,166,1,A
2019-02-18T09:32:03Z,9.156,90.485,4.0,29.075,1,33.193,1,1,D,2901892,167,1,A
2019-02-28T09:33:18Z,9.451,90.216,3.9,29.2,1,33.277,1,1,D,2901892,168,1,A
2019-03-10T09:39:22Z,9.515,90.042,4.1,29.488,1,32.439,1,1,D,2901892,169,1,A
2019-03-20T09:22:54Z,9.582,89.858,4.1,29.549,1,32.422,1,1,D,2901892,170,1,A
2019-03-30T09:47:38Z,9.588,89.736,4.0,29.868,1,32.652,1,1,D,2901892,171,1,A
2019-04-09T10:06:11Z,9.397,89.606,4.1,30.403,1,32.699,1,1,D,2901892,172,1,A
2019-04-19T09:25:59Z,9.062,89.581,4.1,30.947,1,32.902,1,1,D,2901892,173,1,A
2019-04-29T09:48:47Z,8.851,89.887,4.1,29.956,1,32.93,1,1,D,2901892,174,1,A
2019-05-09T09:17:37Z,8.914,90.206,4.1,30.238,1,32.939,1,1,D,2901892,175,1,A
2019-05-19T09:43:03Z,8.969,90.38,4.1,30.502,1,32.951,1,1,D,2901892,176,1,A
2019-05-29T09:43:50Z,8.89,90.251,4.1,30.101,1,32.669,1,1,D,2901892,177,1,A
2019-06-08T09:53:57Z,8.75,90.015,4.0,29.998,1,32.998,1,1,D,2901892,178,1,A
2019-06-18T09:52:30Z,8.641,90.033,4.0,29.668,1,33.089,1,1,D,2901892,179,1,A
2019-06-28T09:26:04Z,8.547,90.336,4.0,29.501,1,33.123,1,1,D,2901892,180,1,A
2019-07-08T09:21:10Z,8.566,90.711,4.1,29.697,1,33.356,1,1,D,2901892,181,1,A
2019-07-18T09:23:47Z,8.757,90.79,4.0,29.741,1,33.444,1,1,D,2901892,182,1,A
2019-07-28T09:38:45Z,9.07,90.667,4.1,29.521,1,33.551,1,1,D,2901892,183,1,A
2019-08-07T09:22:55Z,9.277,90.529,4.0,29.256,1,33.709,1,1,D,2901892,184,1,A
2019-08-17T09:19:59Z,9.251,90.396,4.0,29.067,1,33.882,1,1,D,2901892,185,1,A
2019-08-27T09:23:49Z,8.964,90.179,4.0,28.706,1,34.182,1,1,D,2901892,186,1,A
2019-09-06T09:18:24Z,8.545,90.012,4.0,28.707,1,34.382,1,1,D,2901892,187,1,A
2019-09-16T09:16:01Z,8.419,90.026,4.2,28.56,1,34.013,1,1,D,2901892,188,1,A
2019-09-26T09:22:43Z,8.445,90.027,4.1,28.771,1,33.448,1,1,D,2901892,189,1,A
2019-10-06T09:21:30Z,8.805,89.802,4.1,29.675,1,33.63,1,1,D,2901892,190,1,A
2019-10-16T09:31:17Z,9.111,89.612,4.0,29.761,1,33.369,1,1,D,2901892,191,1,A
2019-10-26T09:33:33Z,9.218,89.624,4.0,29.601,1,33.489,1,1,D,2901892,192,1,A
2019-11-05T09:25:09Z,9.293,89.595,4.1,29.336,1,33.025,1,1,D,2901892,193,1,A
2019-11-15T09:22:41Z,9.27,89.558,4.1,29.347,1,33.258,1,1,D,2901892,194,1,A
2019-11-25T09:37:51Z,9.199,89.427,4.0,29.444,1,33.26,1,1,D,2901892,195,1,A
2019-12-05T09:25:29Z,9.279,89.182,4.1,28.974,1,33.093,1,1,D,2901892,196,1,A
2019-12-15T09:33:36Z,9.341,88.934,4.0,28.8,1,33.422,1,1,D,2901892,197,1,A
2019-12-25T09:29:52Z,9.388,88.708,4.1,28.45,1,32.656,1,1,D,2901892,198,1,A
2020-01-04T09:23:02Z,9.595,88.598,4.0,28.573,1,32.86,1,1,D,2901892,199,1,A
2020-01-14T09:34:10Z,9.794,88.685,4.2,28.175,1,32.562,1,1,D,2901892,200,1,A
2020-01-24T08:49:36Z,9.854,89.019,4.2,28.499,1,32.823,1,1,D,2901892,201,1,A
2020-02-03T09:34:41Z,9.902,89.33,4.2,28.159,1,32.787,1,1,D,2901892,202,1,A
2020-02-13T08:42:46Z,9.827,89.361,4.0,27.995,1,33.047,1,1,D,2901892,203,1,A
2020-02-23T09:21:11Z,9.741,89.225,4.1,28.046,1,33.227,1,1,D,2901892,204,1,A
2020-03-04T09:22:06Z,9.572,89.047,4.0,28.676,1,33.369,1,1,D,2901892,205,1,A
2020-03-14T09:27:37Z,9.333,88.909,4.0,28.933,1,32.611,1,1,D,2901892,206,1,A
2020-03-24T09:35:26Z,9.046,88.785,4.2,28.797,1,32.215,1,1,D,2901892,207,1,A
2020-04-03T09:30:32Z,8.808,88.681,4.0,29.887,1,32.851,1,1,D,2901892,208,1,A
2020-04-13T09:38:07Z,8.656,88.558,4.1,29.667,1,32.69,1,1,D,2901892,209,1,A
2020-04-23T09:36:52Z,8.679,88.436,4.2,30.566,1,32.874,1,1,D,2901892,210,1,A
2020-05-03T10:31:33Z,8.919,88.252,4.1,30.766,1,32.678,1,1,D,2901892,211,1,A
2020-05-13T10:33:56Z,9.396,88.005,4.1,31.001,1,32.754,1,1,D,2901892,212,1,A
2020-05-23T09:37:51Z,9.891,87.758,4.0,29.334,1,33.227,1,1,D,2901892,213,1,A
2020-06-02T09:35:23Z,10.104,87.461,4.0,29.8,1,33.454,1,1,D,2901892,214,1,A
2020-06-12T09:27:52Z,10.103,87.56,4.0,29.567,1,33.229,1,1,D,2901892,215,1,A
2020-06-22T09:34:52Z,9.925,87.717,4.1,29.773,1,33.26,1,1,D,2901892,216,1,A
2020-07-02T09:31:05Z,9.477,87.981,4.0,29.629,1,33.751,1,1,D,2901892,217,1,A
2020-07-12T09:30:54Z,8.824,88.254,3.9,29.074,1,34.034,1,1,D,2901892,218,1,A
2020-07-22T09:28:32Z,7.884,88.177,4.1,29.648,1,33.688,1,1,D,2901892,219,1,A
2020-08-01T09:27:54Z,7.596,88.374,4.1,29.028,1,33.961,1,1,D,2901892,220,1,A
2020-08-11T09:34:52Z,8.205,88.868,4.0,28.987,1,33.981,1,1,D,2901892,221,1,A
2020-08-21T09:25:27Z,8.489,89.192,4.0,29.286,1,34.038,1,1,D,2901892,222,1,A
2020-08-31T09:33:45Z,8.15,89.261,4.1,29.592,1,34.181,1,1,D,2901892,223,1,A
2020-09-10T09:42:50Z,8.284,89.289,4.0,29.23,1,33.447,1,1,D,2901892,224,1,A
2020-09-20T09:36:20Z,8.832,89.227,4.0,28.99,1,32.996,1,1,D,2901892,225,1,A
2020-09-30T09:38:00Z,9.405,89.089,4.0,28.685,1,33.054,1,1,D,2901892,226,1,A
2020-10-10T08:46:33Z,9.996,88.707,4.2,28.986,1,32.982,1,1,D,2901892,227,1,A
2020-10-20T09:30:43Z,10.382,88.597,4.0,28.727,1,33.413,1,1,D,2901892,228,1,A
2020-10-30T09:32:14Z,10.409,88.569,4.0,29.205,1,32.97,1,1,D,2901892,229,1,A
2020-11-09T09:36:00Z,10.435,88.453,4.0,29.492,1,33.182,1,1,D,2901892,230,1,A
2020-11-19T09:31:20Z,10.449,88.182,4.0,29.477,1,33.122,1,1,D,2901892,231,1,A
2020-11-29T09:31:37Z,10.349,87.885,4.0,28.899,1,33.649,1,1,D,2901892,232,1,A
2020-12-09T09:34:55Z,10.088,87.541,4.1,28.502,1,33.613,1,1,D,2901892,233,1,A
2020-12-19T09:26:14Z,9.747,87.223,4.1,28.498,1,33.822,1,1,D,2901892,234,1,A
2020-12-29T09:26:46Z,9.443,86.927,4.1,28.499,1,33.664,1,1,D,2901892,235,1,A
2021-01-08T09:23:33Z,9.166,86.914,4.0,28.685,1,34.118,1,1,D,2901892,236,1,A
2021-01-18T09:37:46Z,9.131,87.051,4.1,28.351,1,33.913,1,1,D,2901892,237,1,A
2021-01-28T09:37:05Z,9.257,87.216,3.9,28.48,1,34.179,1,1,D,2901892,238,1,A
2021-02-07T09:44:09Z,9.658,87.273,4.0,28.571,1,34.692,1,1,D,2901892,239,1,A
2021-02-17T09:30:52Z,9.839,87.454,4.0,28.799,1,33.683,1,1,D,2901892,240,1,A
2021-02-27T09:42:31Z,9.68,87.748,4.0,29.128,1,33.833,1,1,D,2901892,241,1,A
2021-03-09T09:31:30Z,9.486,87.879,4.0,28.757,1,33.751,1,1,D,2901892,242,1,A
2021-03-19T09:25:47Z,9.246,87.917,4.2,29.218,1,33.696,1,1,D,2901892,243,1,A
2021-03-29T08:55:13Z,9.175,87.858,4.0,29.527,1,33.451,1,1,D,2901892,244,1,A
2021-04-08T08:58:04Z,9.202,87.818,4.1,30.168,1,33.078,1,1,D,2901892,245,1,A
2021-04-18T09:10:35Z,9.256,87.842,4.1,30.398,1,33.044,1,1,D,2901892,246,1,A
2021-04-28T09:29:34Z,9.312,87.89,4.1,30.84,1,33.121,1,1,D,2901892,247,1,A
2019-01-04T09:31:18Z,5.93,89.28,3.0,29.252,1,33.458,1,1,D,2901894,163,1,A
2019-01-14T09:33:14Z,5.449,89.434,4.0,29.347,1,33.355,1,1,D,2901894,164,1,A
2019-01-24T09:44:33Z,5.145,89.454,2.9,28.601,1,33.835,1,1,D,2901894,165,1,A
2019-02-03T09:28:18Z,5.151,89.603,2.9,28.979,1,34.181,1,1,D,2901894,166,1,A
2019-08-02T09:39:28Z,5.026,89.119,3.9,29.319,1,34.047,1,1,D,2901894,184,1,A
2019-08-12T09:31:12Z,5.173,89.592,2.9,29.253,1,33.281,1,1,D,2901894,185,1,A
2019-08-22T08:43:05Z,5.215,89.779,4.0,29.061,1,33.662,1,1,D,2901894,186,1,A
2019-09-01T09:41:52Z,5.298,89.882,2.9,28.933,1,33.703,1,1,D,2901894,187,1,A
2019-09-21T09:33:07Z,5.257,89.992,3.0,29.376,1,33.12,1,1,D,2901894,189,1,A
2019-10-01T09:27:12Z,5.213,90.175,2.9,29.167,1,33.358,1,1,D,2901894,190,1,A
2020-02-08T09:18:55Z,5.278,90.353,2.9,28.596,1,34.229,1,1,D,2901894,203,1,A
2020-02-18T09:27:48Z,5.472,90.165,2.9,28.512,1,34.448,1,1,D,2901894,204,1,A
2020-02-28T09:14:50Z,5.539,89.871,2.8,28.599,1,34.33,1,1,D,2901894,205,1,A
2020-03-09T09:31:56Z,5.382,89.527,2.9,29.194,1,34.687,1,1,D,2901894,206,1,A
2020-03-19T09:30:48Z,5.404,89.297,2.8,29.896,1,34.542,1,1,D,2901894,207,1,A
2020-03-29T09:26:34Z,5.327,89.307,2.9,30.041,1,34.349,1,1,D,2901894,208,1,A
2020-04-08T09:35:24Z,5.234,89.224,2.9,30.658,1,33.882,1,1,D,2901894,209,1,A
2020-04-18T09:32:51Z,5.376,89.15,2.9,30.707,1,33.763,1,1,D,2901894,210,1,A
2020-04-28T08:31:08Z,5.729,88.996,3.0,30.579,1,33.319,1,1,D,2901894,211,1,A
2020-05-08T09:43:16Z,6.144,88.784,4.0,30.125,1,32.662,1,1,D,2901894,212,1,A
2020-05-18T09:40:12Z,6.251,88.695,4.0,29.607,1,33.342,1,1,D,2901894,213,1,A
2020-05-28T09:39:18Z,5.95,88.671,4.0,29.661,1,33.495,1,1,D,2901894,214,1,A
2020-06-07T09:15:55Z,5.398,88.547,2.9,29.606,1,33.99,1,1,D,2901894,215,1,A
2020-06-27T09:15:28Z,5.197,88.488,2.9,29.696,1,33.584,1,1,D,2901894,217,1,A
2020-07-07T09:16:15Z,5.904,88.636,2.9,29.717,1,33.62,1,1,D,2901894,218,1,A
2020-07-17T09:31:44Z,6.194,88.736,2.9,29.148,1,33.926,1,1,D,2901894,219,1,A
2020-07-27T09:29:11Z,6.366,88.968,2.9,29.202,1,33.725,1,1,D,2901894,220,1,A
2020-08-06T09:33:42Z,6.495,89.41,2.8,28.985,1,33.976,1,1,D,2901894,221,1,A
2020-08-16T09:40:30Z,5.954,89.511,2.9,29.57,1,33.568,1,1,D,2901894,222,1,A
2020-08-26T09:38:39Z,5.36,89.374,4.0,29.817,1,33.679,1,1,D,2901894,223,1,A
2020-09-05T09:09:14Z,5.933,89.731,3.9,29.338,1,33.835,1,1,D,2901894,224,1,A
2020-09-15T09:21:02Z,6.471,90.339,3.0,28.795,1,33.835,1,1,D,2901894,225,1,A
2020-09-25T09:13:32Z,6.165,90.573,3.9,29.045,1,33.96,1,1,D,2901894,226,1,A
2020-10-05T09:41:37Z,5.642,90.502,2.9,29.111,1,34.039,1,1,D,2901894,227,1,A
2020-10-15T09:17:16Z,5.647,90.585,2.9,28.828,1,33.389,1,1,D,2901894,228,1,A
2020-10-25T09:30:22Z,5.849,90.806,2.9,28.696,1,33.268,1,1,D,2901894,229,1,A
2020-11-04T09:44:44Z,5.946,90.867,2.9,28.963,1,33.347,1,1,D,2901894,230,1,A
2020-11-14T09:43:49Z,5.892,90.742,2.8,29.72,1,33.764,1,1,D,2901894,231,1,A
2020-11-24T09:17:46Z,5.771,90.549,2.9,29.275,1,33.886,1,1,D,2901894,232,1,A
2020-12-04T09:40:18Z,5.74,90.539,2.9,29.359,1,33.679,1,1,D,2901894,233,1,A
2020-12-14T09:38:03Z,5.743,90.825,4.1,29.128,1,33.938,1,1,D,2901894,234,1,A
2020-12-24T09:36:37Z,5.336,90.894,2.9,29.391,1,34.473,1,1,D,2901894,235,1,A
2021-01-23T08:45:27Z,5.009,91.381,2.9,29.249,1,34.993,1,1,D,2901894,238,1,A
2021-02-02T08:40:28Z,5.069,91.272,2.9,29.336,1,34.911,1,1,D,2901894,239,1,A
2021-02-12T08:54:01Z,5.034,90.987,4.0,29.298,1,34.933,1,1,D,2901894,240,1,A
2021-02-22T08:53:51Z,5.29,90.7,3.9,28.93,1,33.455,1,1,D,2901894,241,1,A
2021-03-04T11:03:34Z,5.582,90.501,2.9,29.517,1,33.534,1,1,D,2901894,242,1,A
2019-01-04T09:34:29Z,7.015,89.295,2.9,29.172,1,33.673,1,1,D,2901895,165,1,A
2019-01-14T09:38:41Z,7.022,89.197,2.9,28.875,1,32.775,1,1,D,2901895,166,1,A
2019-01-24T09:24:45Z,7.098,88.809,2.8,28.673,1,33.767,1,1,D,2901895,167,1,A
2019-02-03T09:17:24Z,7.262,88.622,2.8,28.97,1,33.595,1,1,D,2901895,168,1,A
2019-02-13T09:28:30Z,7.222,88.701,2.8,29.082,1,33.219,1,1,D,2901895,169,1,A
2019-02-23T09:16:18Z,6.962,88.624,2.9,29.37,1,33.458,1,1,D,2901895,170,1,A
2019-03-05T09:24:30Z,6.624,88.403,2.8,29.543,1,33.422,1,1,D,2901895,171,1,A
2019-03-15T09:37:15Z,6.686,88.253,2.8,29.794,1,33.529,1,1,D,2901895,172,1,A
2019-03-25T09:18:45Z,6.851,88.499,2.8,29.781,1,33.001,1,1,D,2901895,173,1,A
2019-04-04T09:22:23Z,6.928,88.929,2.8,30.524,1,33.743,1,1,D,2901895,174,1,A
2019-04-14T09:17:33Z,7.147,88.949,2.8,31.109,1,34.062,1,1,D,2901895,175,1,A
2019-04-24T08:35:19Z,7.544,88.684,2.8,31.266,1,33.829,1,1,D,2901895,176,1,A
2019-05-04T09:33:05Z,8.117,88.576,2.8,29.14,1,33.576,1,1,D,2901895,177,1,A
2019-05-14T09:39:27Z,8.255,88.842,2.9,30.088,1,33.177,1,1,D,2901895,178,1,A
2019-05-24T08:52:14Z,7.73,89.073,2.9,30.46,1,33.58,1,1,D,2901895,179,1,A
2019-06-03T09:37:33Z,7.118,88.994,2.9,30.161,1,33.588,1,1,D,2901895,180,1,A
2019-06-13T09:20:48Z,6.995,88.9,2.9,29.789,1,33.961,1,1,D,2901895,181,1,A
2019-06-23T09:27:32Z,7.303,88.812,2.7,29.52,1,34.083,1,1,D,2901895,182,1,A
2019-07-03T09:14:35Z,7.669,88.688,2.8,29.494,1,33.859,1,1,D,2901895,183,1,A
2019-07-13T09:22:13Z,7.81,88.723,3.0,29.821,1,33.791,1,1,D,2901895,184,1,A
2019-07-23T09:03:14Z,7.656,88.934,2.9,29.223,1,34.122,1,1,D,2901895,185,1,A
2019-08-02T09:33:58Z,7.798,89.199,2.7,29.128,1,34.316,1,1,D,2901895,186,1,A
2019-08-12T09:24:10Z,8.298,89.392,2.8,29.186,1,33.394,1,1,D,2901895,187,1,A
2019-08-22T09:39:07Z,8.685,89.393,2.8,28.96,1,33.907,1,1,D,2901895,188,1,A
2019-09-01T09:22:19Z,8.671,89.398,2.9,28.54,1,34.667,1,1,D,2901895,189,1,A
2019-09-11T09:19:55Z,8.428,89.266,2.8,28.78,1,34.027,1,1,D,2901895,190,1,A
2019-09-21T09:21:46Z,8.01,89.103,2.9,28.551,1,33.85,1,1,D,2901895,191,1,A
2019-10-01T09:17:13Z,7.634,89.163,2.8,29.033,1,33.497,1,1,D,2901895,192,1,A
2019-10-11T08:51:20Z,7.754,89.308,2.8,29.412,1,33.377,1,1,D,2901895,193,1,A
2019-10-21T09:28:56Z,8.194,89.229,2.8,29.341,1,33.36,1,1,D,2901895,194,1,A
2019-10-31T09:12:03Z,8.483,89.125,2.8,29.91,1,33.385,1,1,D,2901895,195,1,A
2019-11-10T08:53:12Z,8.504,89.169,2.9,29.496,1,33.596,1,1,D,2901895,196,1,A
2019-11-20T09:29:00Z,8.234,89.433,2.8,29.647,1,33.042,1,1,D,2901895,197,1,A
2019-11-30T09:29:51Z,8.05,89.72,2.9,29.119,1,32.978,1,1,D,2901895,198,1,A
2019-12-10T09:44:12Z,8.131,89.842,2.9,28.741,1,32.975,1,1,D,2901895,199,1,A
2019-12-20T09:15:29Z,8.442,89.738,2.9,28.337,1,32.819,1,1,D,2901895,200,1,A
2019-12-30T09:15:47Z,8.868,89.737,2.8,28.469,1,32.564,1,1,D,2901895,201,1,A
2020-01-09T09:29:07Z,8.917,89.87,2.9,28.399,1,32.692,1,1,D,2901895,202,1,A
2020-01-19T09:28:07Z,8.421,89.944,2.8,28.185,1,32.93,1,1,D,2901895,203,1,A
2020-01-29T09:09:33Z,7.847,90.062,2.8,28.232,1,33.16,1,1,D,2901895,204,1,A
2020-02-08T09:35:04Z,7.707,90.456,2.7,28.378,1,33.036,1,1,D,2901895,205,1,A
2020-02-18T09:13:34Z,7.991,90.661,2.8,28.815,1,33.504,1,1,D,2901895,206,1,A
2020-02-28T09:40:29Z,7.659,90.528,2.8,28.6,1,33.235,1,1,D,2901895,207,1,A
2020-03-09T09:34:43Z,7.027,90.362,2.9,29.939,1,34.519,1,1,D,2901895,208,1,A
2020-03-19T09:19:18Z,6.762,90.212,2.8,30.463,1,34.226,1,1,D,2901895,209,1,A
2020-03-29T09:16:46Z,6.523,90.107,2.9,30.399,1,34.253,1,1,D,2901895,210,1,A
2020-04-08T09:25:06Z,6.431,89.971,2.9,30.232,1,33.328,1,1,D,2901895,211,1,A
2020-04-18T08:48:52Z,6.516,89.844,2.9,30.334,1,33.664,1,1,D,2901895,212,1,A
2020-04-28T09:13:38Z,6.668,89.742,2.8,30.734,1,34.187,1,1,D,2901895,213,1,A
2020-05-08T09:37:56Z,6.557,89.671,2.8,29.747,1,33.505,1,1,D,2901895,214,1,A
2020-05-18T08:41:17Z,6.077,89.609,2.8,29.389,1,33.187,1,1,D,2901895,215,1,A
2020-05-28T09:27:32Z,5.66,89.684,2.7,29.577,1,33.297,1,1,D,2901895,216,1,A
2020-06-07T09:15:41Z,5.594,89.546,2.8,29.696,1,34.226,1,1,D,2901895,217,1,A
2020-06-17T09:25:57Z,5.773,89.149,2.9,29.74,1,34.109,1,1,D,2901895,218,1,A
2020-06-27T09:18:27Z,6.332,88.717,2.8,29.716,1,33.909,1,1,D,2901895,219,1,A
2020-07-07T09:27:24Z,6.808,88.316,2.8,29.689,1,34.047,1,1,D,2901895,220,1,A
2020-07-17T09:23:11Z,6.977,88.019,2.8,29.194,1,33.803,1,1,D,2901895,221,1,A
2020-07-27T09:19:29Z,7.016,88.229,2.9,29.318,1,33.791,1,1,D,2901895,222,1,A
2020-08-06T08:35:11Z,7.537,89.109,2.8,29.048,1,34.008,1,1,D,2901895,223,1,A
2020-08-16T08:54:58Z,7.673,89.684,2.8,29.195,1,34.028,1,1,D,2901895,224,1,A
2020-08-26T08:22:01Z,7.067,89.663,2.8,29.539,1,34.025,1,1,D,2901895,225,1,A
2020-09-05T08:28:59Z,7.107,89.633,2.8,29.521,1,33.884,1,1,D,2901895,226,1,A
2020-09-15T08:48:51Z,7.597,89.845,2.8,29.009,1,33.39,1,1,D,2901895,227,1,A
2020-09-25T09:21:57Z,8.008,89.936,2.9,28.847,1,33.468,1,1,D,2901895,228,1,A
2020-10-05T08:56:51Z,8.103,89.794,2.8,29.061,1,33.186,1,1,D,2901895,229,1,A
2019-02-28T06:45:13Z,5.412,85.7,0.3,31.081,1,34.678,1,1,D,2901896,172,1,A
2019-03-10T08:33:59Z,5.3457,85.5916,0.4,29.85,1,33.559,1,1,D,2901896,173,1,A
2019-03-20T05:23:38Z,5.195,85.4524,0.3,29.324,1,33.197,1,1,D,2901896,174,1,A
2019-03-30T05:27:19Z,5.3565,85.5429,0.3,30.336,1,33.642,1,1,D,2901896,175,1,A
2019-04-09T06:04:36Z,5.6079,85.8722,0.3,30.806,1,33.702,1,1,D,2901896,176,1,A
2019-04-19T06:34:24Z,5.5463,86.0876,0.3,31.37,1,33.328,1,1,D,2901896,177,1,A
2019-04-29T05:12:47Z,5.3686,86.1646,0.4,29.937,1,33.069,1,1,D,2901896,178,1,A
2019-05-09T06:09:58Z,5.3142,86.2716,0.3,29.577,1,33.748,1,1,D,2901896,179,1,A
2019-05-19T05:08:05Z,5.0783,86.249,0.4,30.035,1,34.318,1,1,D,2901896,180,1,A
2019-07-08T06:10:42Z,5.015,86.0199,0.4,29.408,1,34.325,1,1,D,2901896,185,1,A
2019-08-07T05:01:24Z,5.1036,85.5742,0.3,29.077,1,34.613,1,1,D,2901896,188,1,A
2019-08-17T04:51:52Z,5.5279,85.7509,0.4,28.775,1,34.97,1,1,D,2901896,189,1,A
2019-08-27T05:01:29Z,5.8135,85.9103,0.4,28.848,1,34.98,1,1,D,2901896,190,1,A
2019-09-06T04:42:14Z,6.152,85.8486,0.3,28.883,1,34.959,1,1,D,2901896,191,1,A
2019-09-16T04:54:39Z,6.4505,86.1808,0.4,28.731,1,34.941,1,1,D,2901896,192,1,A
2019-09-26T05:04:21Z,6.8213,86.3505,0.4,28.962,1,34.392,1,1,D,2901896,193,1,A
2019-10-06T05:21:35Z,6.9388,86.6097,0.4,29.939,1,33.044,1,1,D,2901896,194,1,A
2019-10-16T05:21:05Z,6.2267,86.6112,0.3,30.564,1,33.405,1,1,D,2901896,195,1,A
2019-10-26T05:18:05Z,5.7906,86.3885,0.4,28.938,1,33.318,1,1,D,2901896,196,1,A
2019-11-05T05:39:32Z,5.8657,86.3195,0.4,29.17,1,33.737,1,1,D,2901896,197,1,A
2019-11-15T05:33:26Z,6.0632,86.2724,0.4,29.778,1,33.336,1,1,D,2901896,198,1,A
2019-11-25T05:36:47Z,6.1972,86.3378,0.3,29.48,1,33.464,1,1,D,2901896,199,1,A
2019-12-05T05:41:41Z,6.1055,86.6794,1.4,28.877,1,33.514,1,1,D,2901896,200,1,A
2019-12-15T05:25:50Z,5.7583,86.9183,0.3,28.999,1,33.866,1,1,D,2901896,201,1,A
2019-12-25T05:23:06Z,5.2052,86.7002,0.4,29.095,1,33.226,1,1,D,2901896,202,1,A
2021-01-08T05:00:23Z,5.1866,91.4329,0.3,29.297,1,33.601,1,1,D,2901896,240,1,A
2021-01-18T05:15:30Z,6.2871,91.6713,0.4,28.913,1,33.741,1,1,D,2901896,241,1,A
2021-01-28T05:29:03Z,7.5523,90.6075,0.4,28.581,1,33.617,1,1,D,2901896,242,1,A
2021-02-07T05:31:06Z,8.6772,89.8341,0.4,28.591,1,33.611,1,1,D,2901896,243,1,A
2021-02-17T04:56:04Z,7.7794,88.5734,0.4,28.865,1,33.56,1,1,D,2901896,244,1,A
2021-02-27T05:10:25Z,7.5689,86.8354,0.3,29.269,1,33.773,1,1,D,2901896,245,1,A
2021-03-09T02:48:55Z,7.6952,84.344,0.4,28.897,1,33.762,1,1,D,2901896,246,1,A
2021-03-19T06:24:35Z,9.4393,83.7509,0.4,29.039,1,33.917,4,1,D,2901896,247,1,A
2021-03-29T02:51:37Z,8.4393,83.946,0.4,29.131,1,34.067,1,1,D,2901896,248,1,A
2021-04-08T03:24:16Z,7.5746,83.979,0.4,29.999,1,33.908,1,1,D,2901896,249,1,A
2021-04-18T04:06:22Z,7.3227,83.6695,0.4,29.91,1,33.816,1,1,D,2901896,250,1,A
2021-04-28T04:49:14Z,6.9839,83.88,0.3,30.406,1,33.886,1,1,D,2901896,251,1,A
2021-05-08T05:45:37Z,7.4221,83.3657,0.3,31.458,1,32.896,1,1,D,2901896,252,1,A
2021-05-18T05:24:34Z,9.3446,82.4934,0.4,30.782,1,33.348,1,1,D,2901896,253,1,A
2021-05-28T06:45:51Z,9.5911,83.2727,0.3,29.809,1,33.573,1,1,D,2901896,254,1,A
2021-06-07T03:01:37Z,10.0585,82.9969,0.3,30.267,1,33.891,1,1,D,2901896,255,1,A
2021-06-17T03:02:55Z,10.0252,82.8885,0.3,29.858,1,33.736,1,1,D,2901896,256,1,A
2021-06-27T03:46:30Z,9.4437,83.3116,0.3,29.694,1,33.648,1,1,D,2901896,257,1,A
2021-07-07T04:32:16Z,8.4235,83.0907,0.3,29.915,1,33.272,1,1,D,2901896,258,1,A
2021-07-17T04:47:16Z,7.8818,84.205,0.4,29.213,1,33.775,1,1,A,2901896,259,1,A
2021-07-27T05:15:43Z,9.7927,86.9676,0.9,29.207,1,33.981,1,1,A,2901896,260,1,A
2021-08-06T05:03:05Z,8.6983,89.428,0.3,29.087,1,33.742,1,1,A,2901896,261,1,A
2021-08-16T04:55:53Z,8.6471,90.337,0.4,28.908,1,33.883,1,1,A,2901896,262,1,A
2021-08-26T05:13:41Z,8.7005,90.7149,0.4,28.871,1,33.446,1,1,A,2901896,263,1,A
2019-01-04T06:43:12Z,9.8848,87.4463,0.2,28.364,1,33.782,1,1,D,2901898,164,1,A
2019-01-14T08:13:13Z,9.8428,87.1538,0.2,28.326,1,33.515,1,1,D,2901898,165,1,A
2019-01-24T06:29:39Z,9.628,86.8469,0.2,28.314,1,33.837,1,1,D,2901898,166,1,A
2019-02-03T08:11:28Z,9.5205,86.7378,0.2,28.265,1,33.767,1,1,D,2901898,167,1,A
2019-02-13T06:34:31Z,9.6108,86.6954,0.3,28.237,1,33.73,1,1,D,2901898,168,1,A
2019-02-23T08:18:41Z,9.8654,86.4547,0.2,28.947,1,33.502,1,1,D,2901898,169,1,A
2019-03-05T06:36:52Z,10.0234,86.2331,0.2,30.282,1,32.629,1,1,D,2901898,170,1,A
2019-03-15T08:27:17Z,10.2275,86.0888,0.2,29.209,1,32.913,1,1,D,2901898,171,1,A
2019-03-25T06:37:28Z,10.5024,86.0985,0.2,29.499,1,33.269,1,1,D,2901898,172,1,A
2019-04-04T08:20:36Z,10.6672,86.3424,0.2,30.911,1,33.049,4,1,D,2901898,173,1,A
2019-04-14T06:37:04Z,10.9079,86.6293,0.2,32.217,1,32.477,1,1,D,2901898,174,1,A
2019-04-24T08:17:49Z,11.1179,86.925,0.2,31.12,1,32.882,1,1,D,2901898,175,1,A
2019-05-04T07:25:33Z,11.3833,87.2954,0.2,29.239,1,33.022,1,1,D,2901898,176,1,A
2019-05-14T08:23:12Z,11.6883,87.7208,0.2,30.107,1,33.302,1,1,D,2901898,177,1,A
2019-05-24T07:15:03Z,11.7463,88.1526,0.2,30.729,1,32.978,1,1,D,2901898,178,1,A
2019-06-03T08:42:51Z,11.4296,88.2986,0.2,30.424,1,33.521,1,1,D,2901898,179,1,A
2019-06-13T07:00:05Z,10.881,88.1872,0.2,30.122,1,33.562,1,1,D,2901898,180,1,A
2019-06-23T08:34:54Z,10.681,88.0269,0.1,30.197,1,33.552,1,1,D,2901898,181,1,A
2019-07-03T07:00:46Z,10.6665,87.8991,0.2,29.615,1,33.497,1,1,D,2901898,182,1,A
2019-07-13T08:20:30Z,10.6995,88.217,0.2,29.727,1,33.684,1,1,D,2901898,183,1,A
2019-07-23T07:13:23Z,10.6289,88.7554,0.2,29.571,1,33.671,1,1,D,2901898,184,1,A
2019-08-02T08:07:42Z,10.3218,88.8312,0.2,29.415,1,33.785,1,1,D,2901898,185,1,A
2019-08-12T07:43:22Z,9.9757,88.6099,0.2,29.177,1,33.922,1,1,D,2901898,186,1,A
2019-08-22T08:02:00Z,9.867,88.3822,0.3,28.853,1,34.235,1,1,D,2901898,187,1,A
2019-09-01T08:04:36Z,9.93,88.3191,0.2,28.814,1,33.889,1,1,D,2901898,188,1,A
2019-09-11T06:35:12Z,10.1875,88.2657,2.4,28.723,1,33.86,1,1,D,2901898,189,1,A
2019-09-21T08:12:17Z,10.4454,88.3964,0.2,28.501,1,33.515,1,1,D,2901898,190,1,A
2019-10-01T06:32:35Z,10.6134,88.5424,0.2,30.641,1,33.139,1,1,D,2901898,191,1,A
2019-10-11T08:34:54Z,11.0338,88.4193,0.2,31.34,1,33.433,1,1,D,2901898,192,1,A
2019-10-21T06:59:02Z,11.1427,88.3709,0.2,29.813,1,33.34,1,1,D,2901898,193,1,A
2019-10-31T08:26:44Z,10.9631,88.3865,0.2,29.981,1,33.428,1,1,D,2901898,194,1,A
2019-11-10T06:44:50Z,10.8893,88.5891,0.2,30.087,1,33.248,1,1,D,2901898,195,1,A
2019-11-20T08:22:41Z,11.1543,88.9802,0.2,29.704,1,33.04,1,1,D,2901898,196,1,A
2019-11-30T07:04:21Z,11.6631,89.2453,0.2,29.334,1,33.24,1,1,D,2901898,197,1,A
2019-12-10T08:31:58Z,11.9676,89.4055,0.2,28.744,1,33.315,1,1,D,2901898,198,1,A
2019-12-20T07:46:16Z,11.7835,89.4123,0.2,28.504,1,33.488,1,1,D,2901898,199,1,A
2019-12-30T08:24:22Z,11.2759,89.309,0.2,28.238,1,33.3,1,1,D,2901898,200,1,A
2020-01-09T07:23:50Z,10.8524,89.3553,0.2,28.213,1,33.146,1,1,D,2901898,201,1,A
2020-01-19T08:32:13Z,10.7121,89.7207,0.2,28.306,1,33.308,1,1,D,2901898,202,1,A
2020-01-29T08:48:38Z,10.7938,89.9029,0.2,28.114,1,32.299,1,1,D,2901898,203,1,A
2020-02-08T06:45:31Z,10.8504,90.0359,0.2,28.263,1,32.935,1,1,D,2901898,204,1,A
2020-02-18T08:27:37Z,10.8322,90.1398,0.2,28.317,1,32.552,1,1,D,2901898,205,1,A
2020-02-28T07:13:42Z,10.7042,90.1602,0.2,27.979,1,32.092,1,1,D,2901898,206,1,A
2020-03-09T08:42:59Z,10.6789,90.1776,0.2,28.266,1,32.13,1,1,D,2901898,207,1,A
2020-03-19T06:54:35Z,10.7681,90.2049,0.2,28.581,1,32.503,1,1,D,2901898,208,1,A
2020-03-29T08:32:39Z,10.9782,90.2039,0.2,29.85,1,32.595,1,1,D,2901898,209,1,A
2020-04-08T06:52:48Z,11.412,90.1374,0.2,30.986,1,32.511,1,1,D,2901898,210,1,A
2020-04-18T08:44:52Z,11.858,90.097,0.2,31.406,1,32.642,1,1,D,2901898,211,1,A
2020-04-28T07:02:27Z,12.0461,90.0348,0.2,31.159,1,32.77,1,1,D,2901898,212,1,A
2020-05-08T08:31:59Z,11.9318,89.9894,0.2,31.2,1,33.057,1,1,D,2901898,213,1,A
2020-05-18T08:03:40Z,11.6763,89.959,0.2,29.949,1,32.849,1,1,D,2901898,214,1,A
2020-05-28T08:34:47Z,11.4798,89.9342,0.2,30.136,1,32.673,1,1,D,2901898,215,1,A
2020-06-07T08:25:30Z,11.3009,90.0774,0.2,29.522,1,32.939,1,1,D,2901898,216,1,A
2020-06-17T06:57:23Z,10.9571,90.0277,0.2,29.262,1,32.616,1,1,D,2901898,217,1,A
2020-06-27T08:45:43Z,10.3785,89.7217,0.2,29.654,1,32.823,1,1,D,2901898,218,1,A
2020-07-07T06:46:02Z,9.8192,89.5701,0.2,29.728,1,33.464,1,1,D,2901898,219,1,A
2020-07-17T08:28:48Z,9.3446,89.6599,0.2,29.169,1,33.769,1,1,D,2901898,220,1,A
2020-07-27T06:41:44Z,9.3463,89.6025,0.2,29.678,1,33.258,1,1,D,2901898,221,1,A
2020-08-06T08:17:16Z,9.7969,89.5046,0.2,29.093,1,33.656,1,1,D,2901898,222,1,A
2020-08-16T07:28:27Z,10.3489,89.6204,0.2,29.076,1,33.511,1,1,D,2901898,223,1,A
2020-08-26T08:19:02Z,10.9219,90.1272,0.2,29.522,1,33.195,1,1,D,2901898,224,1,A
2020-09-05T08:51:45Z,11.3799,90.6065,0.2,30.989,1,32.68,1,1,D,2901898,225,1,A
2020-09-15T06:56:49Z,11.4652,90.8552,0.2,29.32,1,32.809,1,1,D,2901898,226,1,A
2020-09-25T08:19:13Z,11.6182,90.8699,0.2,28.942,1,32.97,1,1,D,2901898,227,1,A
2020-10-05T07:04:28Z,11.7083,90.8552,0.2,28.907,1,32.899,1,1,D,2901898,228,1,A
2020-10-15T08:45:39Z,11.7388,90.8913,0.2,28.589,1,32.766,1,1,D,2901898,229,1,A
2020-10-25T07:04:08Z,11.8727,91.0738,0.2,28.673,1,32.53,1,1,D,2901898,230,1,A
2020-11-04T08:38:34Z,11.6285,91.3596,0.1,30.242,4,32.767,1,1,D,2901898,231,1,A
2020-11-14T08:42:21Z,10.9,91.1874,0.2,29.221,1,32.632,1,1,D,2901898,232,1,A
2020-11-24T06:33:10Z,9.9811,91.1265,0.2,29.419,1,33.219,1,1,D,2901898,233,1,A
2020-12-04T07:52:58Z,9.3441,91.1308,0.2,28.83,1,33.664,1,1,D,2901898,234,1,A
2020-12-14T06:31:09Z,8.96,91.1805,0.2,28.866,1,33.256,1,1,D,2901898,235,1,A
2020-12-24T08:01:38Z,8.9818,91.0538,0.2,28.68,1,33.346,1,1,D,2901898,236,1,A
2021-01-03T06:27:49Z,9.7195,91.0202,0.2,28.685,1,33.642,1,1,D,2901898,237,1,A
2021-01-13T08:02:01Z,10.1334,90.9321,0.2,28.402,1,33.342,1,1,D,2901898,238,1,A
2021-01-23T08:02:37Z,10.6505,90.907,0.2,28.454,1,33.849,1,1,D,2901898,239,1,A
2021-02-02T06:08:23Z,10.4916,90.9901,0.2,28.332,1,33.821,1,1,D,2901898,240,1,A
2021-02-12T08:27:58Z,10.0823,90.7266,0.2,28.341,1,33.157,1,1,D,2901898,241,1,A
2021-02-22T06:36:39Z,9.8087,90.2782,0.3,28.694,1,33.354,1,1,D,2901898,242,1,A
2021-03-04T08:06:50Z,9.6016,90.0859,0.2,29.017,1,33.787,4,1,D,2901898,243,1,A
2021-03-14T06:43:31Z,9.3883,90.2334,0.2,29.421,1,32.985,1,1,D,2901898,244,1,A
2021-03-24T08:18:51Z,9.7111,90.5617,0.2,29.084,1,32.228,1,1,D,2901898,245,1,A
2021-04-03T06:56:12Z,10.0348,90.8549,0.2,30.047,1,32.816,4,1,D,2901898,246,1,A
2021-04-13T08:28:15Z,10.2043,90.7487,0.2,30.931,1,32.673,1,1,D,2901898,247,1,A
2021-04-23T08:39:20Z,10.1649,90.667,0.1,31.021,1,32.822,1,1,D,2901898,248,1,A
2021-05-03T06:49:12Z,9.585,90.3026,0.2,30.893,1,32.986,1,1,D,2901898,249,1,A
2021-05-13T08:26:34Z,9.0662,89.9502,0.2,32.816,1,33.016,1,1,D,2901898,250,1,A
2023-06-16T15:35:13Z,5.3590405,80.06887583333334,3.48,29.3939,1,34.054,1,1,R,1902594,1,1,A
2023-06-17T09:37:20Z,5.399399,80.20273483333334,3.51,29.3918,1,34.058,1,1,R,1902594,2,1,A
2023-06-18T03:40:24Z,5.417721666666667,80.36266466666666,3.49,29.2881,1,34.053,1,1,R,1902594,3,1,A
2023-06-19T15:26:46Z,5.486162666666667,80.69890433333333,3.52,29.2294,1,34.129,1,1,R,1902594,5,1,A
2023-06-29T10:47:56Z,6.2013376666666655,82.07709916666666,3.47,29.787,1,33.552,1,1,R,1902594,6,1,A
2023-07-09T06:03:05Z,7.149867,82.86604549999998,3.5,29.2858,1,33.449,1,1,R,1902594,7,1,A
2023-07-19T01:16:23Z,8.482948,81.90294133333333,3.54,29.2178,1,33.271,1,1,R,1902594,8,1,A
2023-07-28T20:24:16Z,10.921375833333332,81.6394465,3.52,29.1517,1,33.383,1,1,R,1902594,9,1,A
2023-08-07T15:31:32Z,10.6401055,82.46076366666667,3.47,29.6983,1,33.895,1,1,R,1902594,10,1,A
2023-08-17T10:33:49Z,9.080090833333333,82.489473,3.44,29.8318,1,33.989,1,1,R,1902594,11,1,A
2023-08-27T04:55:08Z,9.663212499999998,83.12829283333333,3.47,29.6067,1,34.169,1,1,R,1902594,12,1,A
2023-09-05T23:22:38Z,9.963577166666665,83.15587150000002,3.43,29.4951,1,33.843,1,1,R,1902594,13,1,A
2023-09-15T17:50:44Z,10.670567166666668,83.14006466666666,3.44,29.2975,1,33.85,1,1,R,1902594,14,1,A
2023-09-25T12:14:54Z,11.533433833333333,82.9419055,3.52,29.3793,1,33.415,1,1,R,1902594,15,1,A
2023-10-05T06:34:21Z,12.226834666666665,82.67522316666667,3.5,29.3314,1,33.492,1,1,R,1902594,16,1,A
2023-10-15T01:00:42Z,12.722104000000002,82.89659483333335,3.55,29.8366,1,33.509,1,1,R,1902594,17,1,A
2023-10-24T19:21:23Z,12.526323333333334,83.1313055,3.51,29.1617,1,33.618,1,1,R,1902594,18,1,A
2023-11-03T13:42:38Z,12.686230833333331,83.39716883333334,3.49,29.4876,1,34.088,1,1,R,1902594,19,1,A
2023-11-13T08:08:33Z,12.690557666666667,83.95339100000001,3.47,29.6042,1,33.545,1,1,R,1902594,20,1,A
2023-11-23T02:31:55Z,12.290422333333334,84.283852,3.46,29.158,1,33.49,1,1,R,1902594,21,1,A
2023-12-02T21:00:14Z,11.804426666666666,84.0131865,3.44,28.7628,1,33.479,1,1,R,1902594,22,1,A
2023-12-12T15:27:13Z,11.669524666666666,83.55773633333335,3.54,28.3532,1,33.477,1,1,R,1902594,23,1,A
2023-12-22T09:55:11Z,11.387391333333335,83.42028166666665,3.49,28.7375,1,33.456,1,1,R,1902594,24,1,A
2024-01-01T04:17:58Z,10.936285333333334,83.46992916666667,3.52,28.1949,1,33.571,1,1,R,1902594,25,1,A
2024-01-10T22:42:04Z,10.835618833333335,83.85945066666666,3.51,28.3199,1,33.083,1,1,R,1902594,26,1,A
2024-01-20T17:01:15Z,11.1579325,84.26303633333333,3.56,28.1558,1,33.31,1,1,R,1902594,27,1,A
2024-01-30T11:30:52Z,11.595913166666666,84.48296583333334,3.54,28.0884,1,32.777,1,1,R,1902594,28,1,A
2024-02-09T06:03:46Z,11.958073833333334,84.604505,3.48,28.1384,1,32.8,1,1,R,1902594,29,1,A
2024-02-19T00:31:31Z,12.095417000000001,84.73744533333333,3.56,28.0571,1,32.615,1,1,R,1902594,30,1,A
2024-02-28T18:58:15Z,12.253059166666667,84.78055966666668,3.49,28.1216,1,32.608,1,1,R,1902594,31,1,A
2024-03-09T13:29:13Z,12.447086666666667,84.7401605,3.5,28.3361,1,32.649,1,1,R,1902594,32,1,A
2024-03-19T08:01:15Z,12.703595666666669,84.83891033333333,3.55,28.852,1,32.737,1,1,R,1902594,33,1,A
2024-03-29T02:30:44Z,12.679380333333333,85.30311066666667,3.44,29.1491,1,32.905,1,1,R,1902594,34,1,A
2024-04-07T21:00:10Z,12.649719833333332,85.68624883333332,3.46,30.014,1,32.446,1,1,R,1902594,35,1,A
2024-04-17T15:20:25Z,12.976931333333335,85.83743100000001,3.51,30.4839,1,32.458,1,1,R,1902594,36,1,A
2024-04-27T09:43:49Z,13.319321666666667,86.03760150000001,3.58,30.7425,1,32.57,1,1,R,1902594,37,1,A
2024-05-07T04:07:50Z,13.643139666666665,86.358362,3.47,31.1228,1,32.78,1,1,R,1902594,38,1,A
2024-05-16T22:32:49Z,13.578221666666666,86.73818350000002,3.47,31.3074,1,32.908,1,1,R,1902594,39,1,A
2024-05-26T16:49:33Z,13.172960333333332,87.01560166666668,3.46,30.3572,1,32.934,1,1,R,1902594,40,1,A
2024-06-05T11:18:29Z,12.608950166666666,86.97463950000001,3.51,30.3223,1,32.874,1,1,R,1902594,41,1,A
2024-06-15T05:43:33Z,12.160494000000002,86.80537083333333,3.46,29.8713,1,32.995,1,1,R,1902594,42,1,A
2024-06-25T00:09:54Z,11.838505999999999,86.53250716666668,3.55,29.5903,1,32.903,1,1,R,1902594,43,1,A
2024-07-04T18:38:19Z,11.599250166666666,86.30682016666667,3.48,29.7587,1,33.045,1,1,R,1902594,44,1,A
2024-07-14T13:09:59Z,11.486990333333331,86.14424783333334,3.51,29.6519,1,33.14,1,1,R,1902594,45,1,A
2024-07-24T07:31:46Z,11.483495333333334,86.09934433333335,3.51,29.504,1,33.155,1,1,R,1902594,46,1,A
2024-08-03T02:13:33Z,11.492631166666667,86.04416799999998,3.52,29.6876,1,33.19,1,1,R,1902594,47,1,A
2024-08-12T20:43:25Z,11.448958333333334,85.83429516666665,3.52,29.7154,1,33.245,1,1,R,1902594,48,1,A
2024-08-22T15:10:55Z,11.396916833333334,85.51927216666667,3.49,29.7262,1,33.195,1,1,R,1902594,49,1,A
2024-09-01T09:43:55Z,11.454310333333334,85.11608116666666,3.5,29.0269,1,33.089,1,1,R,1902594,50,1,A
2024-09-11T04:07:25Z,11.616882166666668,84.81672116666665,3.55,29.0587,1,33.162,1,1,R,1902594,51,1,A
2024-09-20T22:26:56Z,11.571311666666668,84.62454366666667,3.5,29.3487,1,34.012,1,1,R,1902594,52,1,A
2024-09-30T16:37:59Z,11.123817833333332,84.46826866666667,3.53,29.7074,1,34.332,1,1,R,1902594,53,1,A
2024-10-10T11:01:03Z,10.541433,84.31514416666666,3.48,29.8269,1,33.034,1,1,R,1902594,54,1,A
2024-10-20T05:30:02Z,10.6277365,84.3188175,3.59,29.8305,1,32.746,1,1,R,1902594,55,1,A
2024-10-29T23:47:17Z,11.054045166666667,84.44572733333334,3.48,29.7113,1,33.012,1,1,R,1902594,56,1,A
2024-11-08T18:09:58Z,11.615518999999999,84.84623233333332,3.52,29.687,1,33.189,1,1,R,1902594,57,1,A
2024-11-18T12:43:15Z,11.8387505,85.26341566666666,3.48,29.6449,1,33.372,1,1,R,1902594,58,1,A
2024-11-28T07:16:02Z,11.055690333333333,85.39649749999998,3.46,29.0428,1,33.339,1,1,R,1902594,59,1,A
2024-12-08T01:46:07Z,10.336085333333333,85.3639415,3.46,28.6268,1,33.33,1,1,R,1902594,60,1,A
2024-12-17T20:11:38Z,10.3268665,85.63165499999998,3.54,28.5575,1,33.169,1,1,R,1902594,61,1,A
2024-12-27T14:39:01Z,10.615407333333334,86.15001383333335,3.47,28.7357,1,33.935,1,1,R,1902594,62,1,A
2025-01-06T09:03:14Z,10.469498666666668,86.44259683333333,3.45,28.772,1,33.927,1,1,R,1902594,63,1,A
2025-01-16T03:29:00Z,10.282086,86.20290766666668,3.58,28.4481,1,33.818,1,1,R,1902594,64,1,A
2025-01-25T21:53:23Z,10.150229833333333,85.90170683333332,3.48,27.1199,1,32.62,1,1,R,1902594,65,1,A
2025-02-04T16:15:49Z,9.977766833333334,85.811902,3.55,28.3473,1,33.872,1,1,R,1902594,66,1,A
2025-02-14T10:32:48Z,9.530702833333333,85.75444183333333,3.46,28.414,1,33.631,1,1,R,1902594,67,1,A
2025-02-24T04:51:53Z,9.069416666666665,85.791602,3.49,27.9478,1,33.076,1,1,R,1902594,68,1,A
2025-03-05T23:06:08Z,9.056004666666666,86.03362716666668,3.5,28.9335,1,33.358,1,1,R,1902594,69,1,A
2025-03-15T17:33:54Z,9.155835,86.26480166666667,3.56,29.2883,1,33.206,1,1,R,1902594,70,1,A
2025-03-25T12:06:21Z,9.375693333333334,86.49845383333334,3.47,29.8574,1,32.975,1,1,R,1902594,71,1,A
2025-04-04T06:30:18Z,9.771275833333334,86.46662783333335,3.49,29.872,1,33.238,1,1,R,1902594,72,1,A
2025-04-14T00:51:29Z,10.143981,86.2695925,3.52,29.967,1,33.322,1,1,R,1902594,73,1,A
2025-04-23T19:12:06Z,10.5569865,86.142463,3.48,31.0719,1,33.13,1,1,R,1902594,74,1,A
2025-05-03T13:31:08Z,10.846555833333332,86.17249266666667,3.5,30.4544,1,33.372,1,1,R,1902594,75,1,A
2025-05-13T07:51:54Z,10.841852166666667,86.34490249999999,3.46,31.0117,1,33.076,1,1,R,1902594,76,1,A
2025-05-23T02:17:41Z,10.9754475,86.60592066666668,3.6,30.3467,1,32.789,1,1,R,1902594,77,1,A
2025-06-01T20:47:10Z,10.979756333333334,87.11056683333332,3.42,29.9717,1,33.412,1,1,R,1902594,78,1,A
2025-06-11T15:14:41Z,10.957741833333333,87.4426145,3.48,29.6932,1,32.934,1,1,R,1902594,79,1,A
2025-06-21T09:40:57Z,10.7231375,87.41641783333334,3.53,29.6632,1,32.986,1,1,R,1902594,80,1,A
2025-07-01T04:16:15Z,10.442529666666667,87.3595,3.58,29.5248,1,33.122,1,1,R,1902594,81,1,A
2025-07-10T22:43:59Z,10.196922666666667,87.27325133333333,3.49,29.7381,1,33.207,1,1,R,1902594,82,1,A
2025-07-20T17:17:35Z,9.950671166666666,87.188212,3.49,29.4082,1,33.63,1,1,R,1902594,83,1,A
2025-07-30T11:38:49Z,9.823232833333332,87.18844583333333,3.52,29.5678,1,34.168,1,1,R,1902594,84,1,A
2025-08-09T06:01:16Z,10.007021666666667,87.08379983333334,3.47,29.6399,1,33.553,1,1,R,1902594,85,1,A
2025-08-19T00:32:48Z,10.118437,86.984253,3.61,29.0215,1,33.244,1,1,R,1902594,86,1,A
2025-08-28T19:02:38Z,10.254466,86.93314216666667,3.46,29.2029,1,33.388,1,1,R,1902594,87,1,A
2025-09-07T13:33:04Z,10.336792333333333,86.68425066666666,3.51,29.3292,1,33.452,1,1,R,1902594,88,1,A
2024-04-27T19:24:00Z,12.015,88.025,8.9,31.078,1,32.261,1,1,D,1902681,1,1,D
2024-04-29T05:48:00Z,11.971893333333334,88.016095,3.1,31.558,1,32.366,1,1,D,1902681,1,1,A
2024-05-09T00:50:00Z,11.840833333333334,88.391195,3.0,31.376,1,32.457,1,1,D,1902681,2,1,A
2024-05-18T19:53:00Z,12.271558333333333,88.58947,3.2,31.887,1,32.862,1,1,D,1902681,3,1,A
2024-05-28T14:58:00Z,13.185961666666667,88.71097,3.0,30.468,1,33.097,1,1,D,1902681,4,1,A
2024-06-07T09:48:00Z,13.882355,89.36133333333333,3.0,30.216,1,32.809,1,1,D,1902681,5,1,A
2024-06-16T14:47:00Z,13.806066666666666,89.85083,3.1,29.944,1,32.984,1,1,D,1902681,6,1,A
2024-06-26T23:54:00Z,13.122868333333333,89.55025666666667,2.9,29.616,1,32.919,1,1,D,1902681,7,1,A
2024-07-06T18:54:00Z,12.756593333333333,88.448725,3.2,29.729,1,33.044,1,1,D,1902681,8,1,A
2024-07-16T13:48:00Z,12.894805,87.539545,3.0,29.369,1,33.058,1,1,D,1902681,9,1,A
2024-07-26T08:41:00Z,13.180801666666667,87.08568666666666,2.9,29.121,1,33.054,1,1,D,1902681,10,1,A
2024-08-05T03:52:00Z,13.413955,87.0983,3.9,29.46,1,33.342,1,1,D,1902681,11,1,A
2024-08-14T22:54:00Z,13.109811666666667,87.03643166666667,2.9,29.915,1,33.142,1,1,D,1902681,12,1,A
2024-08-24T17:41:00Z,12.848785,86.67444,2.8,29.815,1,33.103,1,1,D,1902681,13,1,A
2024-09-03T12:49:00Z,12.675966666666667,86.41900166666667,3.1,29.443,1,33.205,1,1,D,1902681,14,1,A
2024-09-13T07:44:00Z,12.509593333333333,86.37164666666666,3.3,29.196,1,33.19,1,1,D,1902681,15,1,A
2024-09-23T02:51:00Z,12.391316666666667,86.16528666666666,3.0,29.223,1,33.138,1,1,D,1902681,16,1,A
2024-10-02T21:42:00Z,12.490441666666667,85.926195,2.9,29.812,1,33.088,1,1,D,1902681,17,1,A
2024-10-12T16:51:00Z,12.591373333333333,85.82414666666666,5.4,30.161,1,29.628,1,1,D,1902681,18,1,A
2024-10-22T11:32:00Z,12.665013333333333,85.775465,3.0,30.421,1,31.868,1,1,D,1902681,19,1,A
2024-11-01T06:55:00Z,12.861651666666667,85.71749333333334,3.9,30.079,1,32.24,1,1,D,1902681,20,1,A
2024-11-11T02:00:00Z,13.058315,85.64871666666667,3.0,29.685,1,33.09,1,1,D,1902681,21,1,A
2024-11-20T20:51:00Z,12.867155,85.55923666666666,2.8,29.248,1,33.276,1,1,D,1902681,22,1,A
2024-11-30T15:58:00Z,12.480346666666666,85.42424166666666,3.1,28.628,1,33.341,1,1,D,1902681,23,1,A
2024-12-10T10:59:00Z,12.139861666666667,85.15919833333334,3.9,28.477,1,33.42,1,1,D,1902681,24,1,A
2024-12-20T06:02:00Z,11.727715,84.827915,3.4,28.463,1,33.199,1,1,D,1902681,25,1,A
2024-12-30T00:49:00Z,11.472015,84.53968333333333,3.0,28.322,1,33.334,1,1,D,1902681,26,1,A
2025-01-08T19:48:00Z,11.395163333333333,84.325045,3.0,27.533,1,32.268,1,1,D,1902681,27,1,A
2025-01-18T14:49:00Z,11.405138333333333,84.40532333333333,3.1,28.501,1,33.822,1,1,D,1902681,28,1,A
2025-01-28T09:46:00Z,11.273858333333333,84.41254666666667,3.0,27.484,1,33.031,1,1,D,1902681,29,1,A
2025-02-07T04:50:00Z,11.30537,84.32868,3.0,28.097,1,33.644,1,1,D,1902681,30,1,A
2025-02-16T23:46:00Z,11.424808333333333,84.31798333333333,3.6,27.676,1,33.496,1,1,D,1902681,31,1,A
2025-02-26T18:58:00Z,11.352495,84.28654166666666,2.8,28.457,1,33.89,1,1,D,1902681,32,1,A
2025-03-08T13:50:00Z,11.256183333333333,83.99612666666667,3.0,29.412,1,33.695,1,1,D,1902681,33,1,A
2025-03-18T08:43:00Z,11.119351666666667,83.74759166666666,3.0,29.44,1,33.115,1,1,D,1902681,34,1,A
2025-03-28T03:50:00Z,10.93639,83.55624166666666,2.9,29.636,1,34.803,4,1,D,1902681,35,1,A
2025-04-06T22:40:00Z,10.796388333333333,83.36329833333333,3.0,29.864,1,33.35,1,1,D,1902681,36,1,A
2025-04-16T17:57:00Z,10.928161666666666,83.06495,3.0,30.331,1,33.131,1,1,D,1902681,37,1,A
2025-04-26T12:43:00Z,10.953951666666667,82.67681833333333,3.0,31.124,1,33.459,1,1,D,1902681,38,1,A
2025-05-06T07:44:00Z,10.7886,82.46045833333334,2.9,31.091,1,33.484,1,1,D,1902681,39,1,A
2025-05-16T02:53:00Z,10.78674,82.32205333333333,2.9,30.972,1,33.248,1,1,D,1902681,40,1,A
2025-05-25T21:45:00Z,10.869655,82.29018333333333,2.9,30.263,1,33.282,1,1,D,1902681,41,1,A
2025-06-04T16:52:00Z,11.186151666666667,82.50645666666667,3.0,30.246,1,33.265,1,1,D,1902681,42,1,A
2025-06-14T11:52:00Z,10.857196666666667,83.34315333333333,3.0,30.076,1,33.493,1,1,D,1902681,43,1,A
2025-06-24T07:01:00Z,11.094656666666667,83.54322333333333,3.2,29.807,1,33.243,1,1,D,1902681,44,1,A
2025-07-04T01:48:00Z,11.652751666666667,83.71335833333333,3.0,29.728,1,33.159,1,1,D,1902681,45,1,A
2025-07-13T20:53:00Z,11.870776666666666,84.11197666666666,2.8,29.859,1,33.271,1,1,D,1902681,46,1,A
2025-07-23T15:52:00Z,11.710668333333333,84.21363,2.9,29.511,1,33.335,1,1,D,1902681,47,1,A
2025-08-02T10:46:00Z,11.220141666666667,84.49703333333333,2.9,29.828,1,33.456,1,1,D,1902681,48,1,A
2025-08-12T05:50:00Z,11.119016666666667,84.94959333333334,3.6,29.275,1,33.396,1,1,D,1902681,49,1,A
2025-08-22T00:45:00Z,11.370495,85.05111666666667,3.0,29.023,1,32.947,1,1,D,1902681,50,1,A
2025-08-31T19:50:00Z,11.57016,84.88202,3.1,29.22,1,33.136,1,1,A,1902681,51,1,A
2025-09-10T14:57:00Z,12.021906666666666,84.56627333333333,3.0,29.553,1,33.387,1,1,A,1902681,52,1,A
2024-10-20T12:00:00Z,6.244,90.684,8.9,28.994,1,33.005,1,1,D,4903793,1,1,D
2024-10-22T05:00:20Z,6.297206666666667,90.74278,3.3,28.931,1,34.224,1,1,D,4903793,1,1,A
2024-11-01T00:29:20Z,6.156838333333333,91.03116666666666,3.1,29.46,1,34.233,1,1,D,4903793,2,1,A
2024-11-10T19:43:20Z,5.848603333333333,91.05774166666667,3.0,29.648,1,34.092,1,1,D,4903793,3,1,A
2024-11-20T11:57:20Z,6.069106666666666,90.64640666666666,2.8,29.915,1,34.179,1,1,D,4903793,4,1,A
2024-11-30T09:38:20Z,6.65735,90.20344333333334,2.9,29.428,1,34.213,1,1,D,4903793,5,1,A
2024-12-10T04:40:20Z,7.052825,90.28952166666667,3.1,28.859,1,33.97,1,1,D,4903793,6,1,A
2024-12-19T23:09:20Z,6.9862649999999995,90.89893166666667,2.9,28.916,1,34.167,1,1,D,4903793,7,1,A
2024-12-29T18:47:20Z,6.824333333333334,91.07083833333333,3.5,29.292,1,33.99,1,1,D,4903793,8,1,A
2025-01-08T13:46:20Z,6.840903333333333,91.10529333333334,2.9,29.178,1,34.007,1,1,D,4903793,9,1,A
2025-01-18T08:40:20Z,7.042603333333333,91.24654333333334,3.0,28.971,1,33.986,1,1,D,4903793,10,1,A
2025-01-28T03:56:20Z,7.010936666666667,91.32403,3.7,28.758,1,33.277,1,1,D,4903793,11,1,A
2025-02-06T22:46:20Z,6.689661666666667,91.285065,3.3,28.744,1,32.603,1,1,D,4903793,12,1,A
2025-02-16T17:31:20Z,6.333413333333334,91.18987,2.7,28.955,1,33.237,1,1,D,4903793,13,1,A
2025-02-26T12:56:20Z,6.00409,91.03937333333333,4.0,28.901,1,32.942,1,1,D,4903793,14,1,A
2025-03-08T07:39:20Z,6.031321666666667,90.88144166666666,3.9,29.194,1,33.907,1,1,D,4903793,15,1,A
2025-03-18T02:34:20Z,6.349616666666667,90.88353666666667,3.1,29.471,1,33.147,1,1,D,4903793,16,1,A
2025-03-27T21:46:20Z,6.260953333333333,90.99834,3.0,29.661,1,32.767,1,1,D,4903793,17,1,A
2025-04-06T02:29:20Z,5.823865,91.046305,2.7,29.835,1,32.613,1,1,D,4903793,18,1,A
2025-04-16T11:46:20Z,5.3968533333333335,90.976815,3.0,29.831,1,32.686,1,1,D,4903793,19,1,A
2025-04-26T06:32:20Z,5.138556666666666,91.069595,2.9,29.813,1,32.928,1,1,D,4903793,20,1,A
2025-07-13T14:43:20Z,5.427571666666666,92.64220333333333,3.3,29.167,1,32.768,1,1,A,4903793,28,1,A
2025-07-23T09:55:20Z,6.01516,92.2231,3.6,28.853,1,32.944,1,1,A,4903793,29,1,A
2025-08-02T04:45:20Z,6.14252,91.97981666666666,3.1,28.959,1,32.953,1,1,A,4903793,30,1,A
2025-08-11T23:32:20Z,6.135575,91.681935,2.9,29.313,1,33.939,1,1,A,4903793,31,1,A
2025-08-21T18:18:20Z,6.245886666666666,91.25873166666666,3.5,29.232,1,33.967,1,1,A,4903793,32,1,A
2025-08-31T13:12:20Z,6.53263,90.99670166666667,2.8,28.938,1,33.966,1,1,A,4903793,33,1,A
2025-09-10T08:28:20Z,6.80487,91.13494166666666,3.1,28.737,1,33.896,1,1,A,4903793,34,1,A
2024-10-21T02:38:00Z,6.122088333333333,88.247225,8.8,29.043,1,33.338,1,1,D,4903794,1,1,D
2024-10-23T05:34:20Z,6.115283333333333,88.269455,2.8,28.912,1,33.265,1,1,D,4903794,1,1,A
2024-11-02T00:44:20Z,6.572485,88.844945,2.9,29.239,1,33.177,1,1,D,4903794,2,1,A
2024-11-11T19:40:20Z,7.1395,89.28238,3.2,29.416,1,33.379,1,1,D,4903794,3,1,A
2024-11-21T14:31:20Z,7.278836666666667,89.231735,3.0,29.895,1,33.602,1,1,D,4903794,4,1,A
2024-12-01T09:23:20Z,7.1299133333333335,88.91146,3.2,29.524,1,34.235,1,1,D,4903794,5,1,A
2024-12-11T04:42:20Z,6.971781666666667,88.50311666666667,2.9,28.689,1,33.691,1,1,D,4903794,6,1,A
2024-12-20T23:53:20Z,6.897015,88.147355,2.8,29.128,1,33.85,1,1,D,4903794,7,1,A
2024-12-30T18:35:20Z,6.978283333333334,87.956145,2.8,29.027,1,34.21,1,1,D,4903794,8,1,A
2025-01-09T13:41:20Z,7.407416666666666,87.87444666666667,3.0,28.953,1,34.429,1,1,D,4903794,9,1,A
2025-01-19T08:32:20Z,7.908271666666667,87.76853166666666,2.9,27.108,1,32.727,1,1,D,4903794,10,1,A
2025-01-29T03:40:20Z,8.059448333333334,87.835405,3.2,28.805,1,33.737,1,1,D,4903794,11,1,A
2025-02-07T22:43:20Z,7.80182,87.96436166666666,3.2,28.497,1,33.472,1,1,D,4903794,12,1,A
2025-02-17T17:56:20Z,7.710666666666667,88.21276333333333,2.8,28.061,1,32.951,1,1,D,4903794,13,1,A
2025-02-27T12:29:20Z,7.598915,88.46357666666667,2.8,28.315,1,33.33,1,1,D,4903794,14,1,A
2025-03-09T07:37:20Z,7.3493683333333335,88.51598833333334,3.0,28.815,1,33.237,1,1,D,4903794,15,1,A
2025-03-19T02:40:20Z,7.20432,88.40014666666667,3.9,29.398,1,33.396,1,1,D,4903794,16,1,A
2025-03-28T21:45:20Z,7.228693333333333,88.30501,2.9,29.555,1,33.797,1,1,D,4903794,17,1,A
2025-04-07T16:37:20Z,7.409581666666667,88.29316833333333,3.0,29.74,1,32.899,1,1,D,4903794,18,1,A
2025-04-17T11:37:20Z,7.588516666666667,88.31498333333333,3.1,30.334,1,32.937,1,1,D,4903794,19,1,A
2025-04-27T06:44:20Z,7.587291666666666,88.38518333333333,3.1,30.633,1,33.155,1,1,D,4903794,20,1,A
2025-05-07T01:40:20Z,7.625731666666667,88.424475,3.0,30.169,1,32.786,1,1,D,4903794,21,1,A
2025-05-16T20:46:20Z,7.49777,88.28871166666667,2.9,29.631,1,32.8,1,1,D,4903794,22,1,A
2025-05-26T15:40:20Z,7.243988333333333,87.89367666666666,3.3,29.544,1,33.1,1,1,D,4903794,23,1,A
2025-06-05T10:53:20Z,7.062495,87.52294833333333,3.3,29.677,1,33.432,1,1,A,4903794,24,1,A
2025-06-15T05:40:20Z,6.876828333333333,87.211295,5.3,29.463,1,33.824,1,1,A,4903794,25,1,A
2025-06-25T00:38:20Z,6.83864,86.96393333333333,3.0,29.218,1,33.874,1,1,A,4903794,26,1,A
2025-07-04T19:40:20Z,7.014815,86.79782833333333,2.9,29.195,1,34.28,1,1,A,4903794,27,1,A
2025-07-14T15:02:20Z,7.188096666666667,86.62545833333333,3.2,29.309,1,34.312,1,1,A,4903794,28,1,A
2025-07-24T09:58:20Z,7.301605,86.46930166666667,3.2,29.137,1,34.485,1,1,A,4903794,29,1,A
2025-08-03T04:52:20Z,7.138893333333334,86.41773666666667,2.7,29.146,1,34.487,1,1,A,4903794,30,1,A
2025-08-12T23:43:20Z,6.831181666666667,86.4252,2.8,28.952,1,34.283,1,1,A,4903794,31,1,A
2025-08-22T18:48:20Z,6.683376666666667,86.54905666666667,3.1,29.052,1,34.474,1,1,A,4903794,32,1,A
2025-09-01T13:41:20Z,6.76455,86.63142,3.4,29.092,1,34.288,1,1,A,4903794,33,1,A
2025-09-11T08:42:20Z,7.060995,86.474925,3.0,28.935,1,34.257,1,1,A,4903794,34,1,A
2024-08-09T22:38:00Z,5.355571666666667,88.500655,3.4,29.615,1,33.823,1,1,D,5907086,12,1,A
2024-08-19T17:47:00Z,5.703343333333334,88.69265833333333,3.1,29.372,1,33.305,1,1,D,5907086,13,1,A
2024-08-29T12:40:00Z,5.273903333333333,88.60988,3.0,29.333,1,33.293,1,1,D,5907086,14,1,A
2024-09-27T21:35:00Z,5.082128333333333,88.91054833333334,3.0,29.009,1,34.449,1,1,D,5907086,17,1,A
2024-10-07T16:35:00Z,5.0079,89.04862333333334,3.0,29.112,1,33.581,1,1,D,5907086,18,1,A
2024-10-27T06:23:00Z,5.005985,89.12061666666666,3.1,29.327,1,33.763,1,1,D,5907086,20,1,A
2024-11-06T01:23:00Z,5.379641666666667,88.97608333333334,3.0,29.401,1,33.568,1,1,D,5907086,21,1,A
2024-11-15T20:33:00Z,5.359343333333333,88.67213,3.3,29.656,1,34.149,1,1,D,5907086,22,1,A
2024-12-25T00:37:00Z,5.026611666666667,88.21964833333334,3.3,29.356,1,34.092,1,1,D,5907086,26,1,A
2025-01-03T19:51:00Z,5.339378333333333,88.41834166666666,2.9,29.135,1,33.66,1,1,D,5907086,27,1,A
2025-01-13T14:50:00Z,5.282548333333334,88.32956,2.8,29.382,1,33.763,1,1,D,5907086,28,1,A
2025-02-21T18:50:00Z,5.371851666666666,88.05220333333334,3.2,29.275,1,34.025,1,1,D,5907086,32,1,A
2025-03-03T13:36:00Z,5.468086666666666,88.230505,3.1,29.476,1,34.503,1,1,D,5907086,33,1,A
2025-03-13T08:48:00Z,5.083505,88.24036,3.0,29.605,1,34.178,1,1,D,5907086,34,1,A
2025-04-01T22:39:00Z,5.230911666666667,88.13100333333334,3.0,29.852,1,34.664,1,1,D,5907086,36,1,A
2025-04-11T17:25:00Z,5.3780383333333335,88.20828833333333,3.2,29.68,1,34.597,1,1,D,5907086,37,1,A
2025-04-21T12:30:00Z,5.510133333333333,88.001515,3.1,30.173,1,33.226,1,1,D,5907086,38,1,A
2025-05-01T07:18:00Z,5.646821666666667,87.79887833333333,2.9,30.49,1,33.192,1,1,D,5907086,39,1,A
2025-05-11T02:46:00Z,5.554451666666667,87.72810666666666,3.0,29.749,1,33.243,1,1,D,5907086,40,1,A
2025-05-20T21:47:00Z,5.141983333333333,87.560625,3.0,29.458,1,33.556,1,1,D,5907086,41,1,A
2025-06-19T06:45:00Z,5.035725,86.73445833333334,3.0,29.471,1,34.092,1,1,D,5907086,44,1,A
2025-06-29T01:49:00Z,5.359805,86.41637666666666,3.4,29.157,1,33.989,1,1,D,5907086,45,1,A
2025-07-08T20:43:00Z,5.669618333333333,86.136605,2.8,29.252,1,34.117,1,1,D,5907086,46,1,A
2025-07-18T15:48:00Z,5.911528333333333,85.97087166666667,3.2,29.23,1,33.945,1,1,D,5907086,47,1,A
2025-07-28T10:49:00Z,6.074236666666667,85.87785833333334,3.0,29.182,1,34.579,1,1,D,5907086,48,1,A
2025-08-07T05:59:00Z,5.971543333333333,85.75234833333333,2.9,29.047,1,34.303,1,1,D,5907086,49,1,A
2025-08-17T00:52:00Z,5.811296666666666,85.704235,2.9,28.863,1,34.095,1,1,D,5907086,50,1,A
2025-08-26T19:42:00Z,5.70228,85.76153,2.9,28.968,1,34.394,1,1,A,5907086,51,1,A
2025-09-05T14:42:00Z,5.714376666666666,85.91876666666667,3.7,28.839,1,34.41,1,1,A,5907086,52,1,A
2025-09-15T09:46:00Z,5.576895,85.89671166666666,3.0,28.919,1,34.541,1,1,A,5907086,53,1,A
2019-01-10T23:34:29Z,9.027,90.261,1.0,28.745,1,32.708,4,1,D,2902570,185,1,A
2019-01-21T00:56:09Z,9.188,90.503,1.0,28.328,1,32.861,4,1,D,2902570,186,1,A
2019-01-30T23:14:39Z,9.321,90.482,1.0,28.292,1,32.836,4,1,D,2902570,187,1,A
2019-02-09T23:58:30Z,9.624,90.375,1.0,28.229,1,33.137,4,1,D,2902570,188,1,A
2019-02-19T23:41:28Z,10.089,90.194,1.0,28.987,1,32.999,4,1,D,2902570,189,1,A
2019-03-01T23:34:24Z,10.77,90.123,1.0,28.132,1,32.488,4,1,D,2902570,190,1,A
2019-03-12T00:01:08Z,11.207,90.548,1.0,28.103,1,32.716,4,1,D,2902570,191,1,A
2019-03-21T23:50:32Z,11.279,90.827,1.0,29.541,1,32.477,4,1,D,2902570,192,1,A
2019-03-31T23:43:39Z,11.246,90.856,1.0,29.899,1,32.418,4,1,D,2902570,193,1,A
2019-04-11T00:10:47Z,11.016,90.672,1.0,30.225,1,32.467,4,1,D,2902570,194,1,A
2019-04-20T23:43:35Z,11.056,90.453,27.0,30.642,1,32.743,4,1,D,2902570,195,1,A
2019-04-30T23:34:04Z,10.955,90.275,1.0,30.201,1,32.511,4,1,D,2902570,196,1,A
2019-05-10T23:51:38Z,10.78,90.11,1.0,29.841,1,33.145,4,1,D,2902570,197,1,A
2019-05-21T00:17:09Z,10.648,90.037,1.0,30.422,1,32.986,4,1,D,2902570,198,1,A
2019-05-30T23:49:55Z,10.669,89.845,1.0,30.114,1,32.982,4,1,D,2902570,199,1,A
2019-06-09T23:53:31Z,10.65,89.872,1.0,29.948,1,33.086,4,1,D,2902570,200,1,A
2019-06-19T23:53:36Z,10.33,90.028,1.0,29.577,1,33.324,4,1,D,2902570,201,1,A
2019-06-30T00:41:23Z,9.751,89.723,1.0,29.643,1,33.415,4,1,D,2902570,202,1,A
2019-07-10T00:56:58Z,9.214,89.385,1.0,29.336,1,34.074,4,1,D,2902570,203,1,A
2019-01-08T01:09:22Z,15.181,87.273,1.0,27.335,1,32.636,1,1,D,2902596,169,1,A
2019-01-18T00:29:09Z,15.052,87.176,1.0,26.991,1,32.882,1,1,D,2902596,170,1,A
2019-01-28T00:44:45Z,15.109,87.187,1.0,26.871,1,33.084,1,1,D,2902596,171,1,A
2019-02-07T00:27:41Z,14.934,87.333,1.0,26.982,1,33.397,1,1,D,2902596,172,1,A
2019-02-17T00:16:40Z,15.062,87.459,2.0,27.512,1,33.553,1,1,D,2902596,173,1,A
2019-02-27T00:00:27Z,15.15,87.699,6.0,27.695,1,32.522,1,1,D,2902596,174,1,A
2019-03-08T23:45:17Z,14.901,87.993,1.0,27.798,1,31.627,1,1,D,2902596,175,1,A
2019-03-18T23:49:24Z,14.789,87.833,1.0,28.101,1,31.672,1,1,D,2902596,176,1,A
2019-03-29T00:54:44Z,14.94,87.524,1.0,28.728,1,31.696,1,1,D,2902596,177,1,A
2019-04-08T00:17:07Z,14.773,87.296,1.0,29.362,1,32.644,1,1,D,2902596,178,1,A
2019-04-18T00:22:05Z,14.596,87.165,1.0,30.213,1,31.881,1,1,D,2902596,179,1,A
2019-04-28T00:02:42Z,14.585,87.059,16.0,30.685,1,32.359,1,1,D,2902596,180,1,A
2019-05-07T23:51:11Z,14.655,87.041,1.0,29.948,1,32.856,1,1,D,2902596,181,1,A
2019-05-18T00:10:30Z,14.669,87.127,1.0,29.838,1,33.427,1,1,D,2902596,182,1,A
2019-05-28T01:01:08Z,14.773,87.084,1.0,30.4,1,33.533,1,1,D,2902596,183,1,A
2019-06-07T00:11:19Z,14.873,86.924,1.0,30.644,1,33.422,1,1,D,2902596,184,1,A
2019-06-17T00:27:37Z,14.965,86.908,1.0,29.965,1,33.323,1,1,D,2902596,185,1,A
2019-06-27T00:10:12Z,14.881,87.073,1.0,29.98,1,33.544,1,1,D,2902596,186,1,A
2019-07-06T23:52:24Z,14.784,87.115,1.0,29.517,1,33.516,1,1,D,2902596,187,1,A
2019-07-17T00:08:25Z,14.648,87.097,1.0,29.531,1,33.49,1,1,D,2902596,188,1,A
2019-07-27T00:27:22Z,14.394,87.099,1.0,29.559,1,33.54,1,1,D,2902596,189,1,A
2019-08-06T00:06:08Z,14.378,87.084,1.0,28.397,1,33.514,1,1,D,2902596,190,1,A
2019-08-16T00:32:24Z,14.356,87.098,1.0,28.96,1,33.661,1,1,D,2902596,191,1,A
2019-08-25T23:55:37Z,14.139,87.19,1.0,29.126,1,33.389,1,1,D,2902596,192,1,A
2019-09-05T00:01:33Z,13.997,87.452,1.0,28.614,1,33.48,1,1,D,2902596,193,1,A
2019-09-14T23:51:16Z,13.704,87.721,1.0,28.664,1,33.746,1,1,D,2902596,194,1,A
2019-09-25T00:54:03Z,13.46,88.201,1.0,28.473,1,32.814,1,1,D,2902596,195,1,A
2019-10-04T23:58:44Z,13.528,88.409,1.0,30.358,1,32.834,1,1,D,2902596,196,1,A
2019-10-15T00:32:34Z,13.705,88.554,1.0,30.395,1,33.418,1,1,D,2902596,197,1,A
2019-10-25T00:02:21Z,13.57,88.582,1.0,29.657,1,33.34,1,1,D,2902596,198,1,A
2019-11-04T00:09:12Z,13.282,88.502,1.0,29.906,1,33.352,1,1,D,2902596,199,1,A
2019-11-13T23:53:59Z,12.872,88.485,1.0,28.589,1,32.904,1,1,D,2902596,200,1,A
2019-11-24T00:45:21Z,12.791,88.651,1.0,28.748,1,33.464,1,1,D,2902596,201,1,A
2019-12-03T23:56:32Z,13.12,88.859,1.0,28.727,1,33.41,1,1,D,2902596,202,1,A
2019-12-14T00:42:23Z,13.576,89.029,1.0,28.252,1,33.457,1,1,D,2902596,203,1,A
2019-12-23T23:54:17Z,13.718,89.128,1.0,27.831,1,33.353,1,1,D,2902596,204,1,A
2020-01-03T00:04:44Z,13.506,89.154,1.0,27.743,1,32.404,1,1,D,2902596,205,1,A
2020-01-12T23:55:57Z,13.165,89.289,1.0,27.517,1,32.629,1,1,D,2902596,206,1,A
2020-01-23T00:17:07Z,13.138,89.343,1.0,27.925,1,32.398,1,1,D,2902596,207,1,A
2020-02-02T00:03:59Z,13.192,89.33,1.0,27.923,1,32.875,1,1,D,2902596,208,1,A
2020-02-12T00:30:49Z,13.3,89.296,1.0,27.183,1,32.159,1,1,D,2902596,209,1,A
2020-02-22T00:28:43Z,13.471,89.274,1.0,27.336,1,32.867,1,1,D,2902596,210,1,A
2020-03-03T00:07:39Z,13.602,89.227,1.0,27.606,1,32.988,1,1,D,2902596,211,1,A
2020-03-13T00:52:36Z,13.682,89.302,1.0,27.259,1,32.122,1,1,D,2902596,212,1,A
2020-03-23T00:24:56Z,13.711,89.326,1.0,28.053,1,32.212,1,1,D,2902596,213,1,A
2020-04-02T00:28:30Z,13.723,89.41,1.0,28.997,1,32.366,1,1,D,2902596,214,1,A
2020-04-12T00:16:25Z,13.702,89.505,1.0,29.532,1,32.353,1,1,D,2902596,215,1,A
2020-04-22T00:10:17Z,13.562,89.986,1.0,30.072,1,32.461,1,1,D,2902596,216,1,A
2020-05-02T00:10:07Z,13.526,90.453,25.0,30.484,1,32.746,1,1,D,2902596,217,1,A
2020-05-12T01:11:41Z,13.473,90.667,36.0,29.38,1,32.676,1,1,D,2902596,218,1,A
2020-05-22T00:16:16Z,13.277,90.599,1.0,29.54,1,32.946,1,1,D,2902596,219,1,A
2020-06-01T00:55:36Z,12.85,90.292,1.0,30.303,1,32.739,1,1,D,2902596,220,1,A
2020-06-11T00:13:24Z,12.556,89.913,1.0,29.476,1,32.856,1,1,D,2902596,221,1,A
2020-06-21T00:29:44Z,12.453,89.685,1.0,29.607,1,32.973,1,1,D,2902596,222,1,A
2020-07-01T00:12:51Z,12.398,89.378,1.0,29.726,1,33.09,1,1,D,2902596,223,1,A
2020-07-11T00:09:27Z,12.368,89.426,2.0,29.411,1,33.088,1,1,D,2902596,224,1,A
2020-07-21T00:10:30Z,12.251,89.401,1.0,29.517,1,33.04,1,1,D,2902596,225,1,A
2020-07-31T00:58:12Z,12.095,89.174,1.0,29.486,1,32.914,1,1,D,2902596,226,1,A
2020-08-10T00:09:36Z,11.916,89.002,1.0,29.024,1,32.889,1,1,D,2902596,227,1,A
2020-08-20T00:30:50Z,11.82,88.803,1.0,29.218,1,33.254,1,1,D,2902596,228,1,A
2020-08-30T00:06:34Z,11.713,88.803,1.0,29.095,1,32.891,1,1,D,2902596,229,1,A
2020-09-09T00:34:53Z,11.756,88.834,1.0,30.002,1,33.001,1,1,D,2902596,230,1,A
2020-09-19T00:22:43Z,11.82,89.138,1.0,29.377,1,33.153,1,1,D,2902596,231,1,A
2020-09-29T00:11:41Z,12.098,89.48,1.0,28.898,1,33.077,1,1,D,2902596,232,1,A
2020-10-09T00:48:24Z,12.399,89.7,1.0,29.173,1,32.909,1,1,D,2902596,233,1,A
2020-10-19T00:31:32Z,12.504,89.86,1.0,28.852,1,32.598,1,1,D,2902596,234,1,A
2020-10-29T00:20:31Z,12.593,89.826,1.0,29.108,1,32.504,1,1,D,2902596,235,1,A
2020-11-08T00:36:49Z,12.465,89.673,1.0,29.352,1,32.574,1,1,D,2902596,236,1,A
2020-11-18T00:49:54Z,12.13,89.561,1.0,29.04,1,32.788,1,1,D,2902596,237,1,A
2019-01-10T23:35:26Z,9.914,89.098,1.0,28.358,1,33.301,1,1,D,2902605,170,1,A
2019-01-21T00:54:30Z,9.548,89.229,1.0,28.742,1,33.859,1,1,D,2902605,171,1,A
2019-01-31T00:05:07Z,9.452,89.781,1.0,28.28,1,33.079,1,1,D,2902605,172,1,A
2019-02-09T23:57:47Z,9.9,90.194,1.0,28.26,1,33.057,1,1,D,2902605,173,1,A
2019-02-19T23:41:37Z,10.669,90.269,1.0,28.961,1,33.082,1,1,D,2902605,174,1,A
2019-03-02T00:14:26Z,11.25,90.588,1.0,27.786,1,32.485,1,1,D,2902605,175,1,A
2019-03-12T00:01:07Z,11.284,90.952,1.0,28.55,1,32.693,1,1,D,2902605,176,1,A
2019-03-22T00:36:17Z,10.907,90.793,1.0,29.41,1,32.569,1,1,D,2902605,177,1,A
2019-03-31T23:41:05Z,10.715,90.316,1.0,30.157,1,32.607,1,1,D,2902605,178,1,A
2019-04-11T00:11:28Z,10.378,89.846,1.0,30.56,1,32.507,1,1,D,2902605,179,1,A
2019-04-20T23:52:42Z,10.049,89.35,1.0,30.641,1,32.182,1,1,D,2902605,180,1,A
2019-05-01T00:40:45Z,9.795,88.931,2.0,29.806,1,33.509,1,1,D,2902605,181,1,A
2019-05-10T23:51:25Z,9.361,89.071,1.0,30.082,1,32.657,1,1,D,2902605,182,1,A
2019-05-21T00:16:00Z,9.029,89.585,1.0,30.056,1,32.893,1,1,D,2902605,183,1,A
2019-05-30T23:48:55Z,9.018,89.756,1.0,30.046,1,32.835,1,1,D,2902605,184,1,A
2019-06-10T00:16:57Z,9.05,89.63,1.0,29.849,1,33.016,1,1,D,2902605,185,1,A
2019-06-19T23:53:06Z,8.93,89.583,1.0,29.693,1,33.209,1,1,D,2902605,186,1,A
2019-06-29T23:47:03Z,8.695,89.821,1.0,29.49,1,33.386,1,1,D,2902605,187,1,A
2019-07-09T23:19:48Z,8.485,90.232,2.0,29.464,1,33.565,1,1,D,2902605,188,1,A
2019-07-20T00:37:32Z,8.758,90.351,1.0,29.62,1,33.506,1,1,D,2902605,189,1,A
2019-07-29T23:46:58Z,9.453,90.322,1.0,29.391,1,33.685,1,1,D,2902605,190,1,A
2019-08-09T00:14:30Z,9.823,90.364,1.0,29.099,1,33.667,1,1,D,2902605,191,1,A
2019-08-18T23:46:03Z,9.755,90.433,1.0,28.883,1,33.509,1,1,D,2902605,192,1,A
2019-08-28T23:51:47Z,9.434,90.314,1.0,28.73,1,33.815,1,1,D,2902605,193,1,A
2019-09-07T23:29:09Z,9.296,90.105,1.0,28.565,1,33.813,1,1,D,2902605,194,1,A
2019-09-18T00:25:27Z,9.214,89.972,1.0,28.472,1,33.688,1,1,D,2902605,195,1,A
2019-09-28T00:36:03Z,9.075,90.07,1.0,28.606,1,33.331,1,1,D,2902605,196,1,A
2019-10-08T00:23:00Z,9.33,89.911,1.0,29.568,1,33.352,1,1,D,2902605,197,1,A
2019-10-17T23:58:52Z,9.713,89.8,1.0,29.513,1,33.451,1,1,D,2902605,198,1,A
2019-10-27T23:56:21Z,9.954,89.812,1.0,29.31,1,33.38,1,1,D,2902605,199,1,A
2019-11-07T00:13:39Z,10.077,89.821,1.0,29.445,1,33.455,1,1,D,2902605,200,1,A
2019-11-17T00:02:07Z,9.99,89.838,1.0,29.664,1,33.201,1,1,D,2902605,201,1,A
2019-11-27T00:40:20Z,9.993,89.641,1.0,29.152,1,33.298,1,1,D,2902605,202,1,A
2019-12-07T00:16:22Z,10.004,89.3,1.0,28.567,1,32.985,1,1,D,2902605,203,1,A
2019-12-17T00:02:35Z,9.989,88.969,1.0,28.228,1,32.951,1,1,D,2902605,204,1,A
2019-12-26T23:46:06Z,9.903,88.729,1.0,28.255,1,32.761,1,1,D,2902605,205,1,A
2020-01-06T00:45:11Z,9.929,88.577,1.0,28.432,1,32.991,1,1,D,2902605,206,1,A
2020-01-16T00:14:38Z,9.98,88.635,1.0,27.92,1,32.699,1,1,D,2902605,207,1,A
2020-01-26T00:23:01Z,10.057,89.035,1.0,28.046,1,33.294,1,1,D,2902605,208,1,A
2020-02-05T00:07:22Z,10.113,89.347,1.0,27.854,1,32.9,1,1,D,2902605,209,1,A
2020-02-15T00:05:33Z,10.113,89.39,1.0,27.969,1,33.035,1,1,D,2902605,210,1,A
2020-02-24T23:49:18Z,10.076,89.333,1.0,28.036,1,33.103,1,1,D,2902605,211,1,A
2020-03-06T00:57:22Z,9.887,89.175,1.0,28.396,1,33.04,1,1,D,2902605,212,1,A
2020-03-16T00:02:34Z,9.636,88.95,1.0,28.475,1,32.366,1,1,D,2902605,213,1,A
2020-03-26T00:45:40Z,9.335,88.661,1.0,28.683,1,32.398,1,1,D,2902605,214,1,A
2020-04-05T00:00:16Z,9.027,88.535,2.0,29.359,1,32.663,1,1,D,2902605,215,1,A
2020-04-15T00:08:37Z,8.736,88.404,1.0,29.62,1,32.863,1,1,D,2902605,216,1,A
2020-04-25T00:02:07Z,8.668,88.328,1.0,30.464,1,32.828,1,1,D,2902605,217,1,A
2020-05-05T00:49:17Z,8.908,88.301,16.0,29.965,1,32.658,1,1,D,2902605,218,1,A
2020-05-15T00:00:09Z,9.321,88.034,1.0,30.214,1,32.082,1,1,D,2902605,219,1,A
2020-05-25T00:45:51Z,9.931,87.754,1.0,29.379,1,33.28,1,1,D,2902605,220,1,A
2020-06-04T00:40:50Z,10.208,87.64,1.0,29.513,1,32.858,1,1,D,2902605,221,1,A
2020-06-14T00:10:51Z,9.985,88.003,1.0,29.104,1,32.789,1,1,D,2902605,222,1,A
2020-06-24T00:05:05Z,9.63,88.234,1.0,29.664,1,33.338,1,1,D,2902605,223,1,A
2020-07-04T00:24:41Z,9.193,88.492,1.0,29.074,1,33.82,1,1,D,2902605,224,1,A
2020-07-14T00:13:20Z,8.826,88.874,1.0,29.059,1,33.895,1,1,D,2902605,225,1,A
2020-07-24T00:30:19Z,8.431,89.07,1.0,29.377,1,33.958,1,1,D,2902605,226,1,A
2019-01-01T08:46:07Z,11.753,92.106,25.5,28.438,1,32.964,1,1,D,2902680,91,1,A
2019-01-11T04:33:30Z,11.726,92.031,4.1,28.478,1,32.609,1,1,D,2902680,92,1,A
2019-01-21T04:01:24Z,12.097,91.843,6.5,28.113,1,33.042,1,1,D,2902680,93,1,A
2019-01-31T04:18:59Z,12.183,91.761,6.5,27.486,1,32.493,1,1,D,2902680,94,1,A
2019-02-10T09:23:34Z,12.235,91.824,6.9,27.202,1,32.014,1,1,D,2902680,95,1,A
2019-02-20T04:38:46Z,12.177,91.714,6.8,27.91,1,32.48,1,1,D,2902680,96,1,A
2019-03-02T05:09:01Z,11.943,91.617,6.5,28.876,1,32.742,1,1,D,2902680,97,1,A
2019-03-12T08:39:45Z,11.833,91.533,6.9,29.136,1,32.654,1,1,D,2902680,98,1,A
2019-03-22T10:01:45Z,11.961,91.504,6.9,29.441,1,32.625,1,1,D,2902680,99,1,A
2019-05-11T08:49:24Z,10.075,91.267,25.1,29.9,1,33.418,1,1,D,2902680,104,1,A
2019-05-21T05:22:17Z,9.487,91.076,6.6,29.954,1,33.269,1,1,D,2902680,105,1,A
2019-06-10T09:34:28Z,8.958,91.019,20.9,29.86,1,32.704,1,1,D,2902680,107,1,A
2019-06-20T09:19:52Z,9.406,91.416,6.0,29.664,1,33.078,1,1,D,2902680,108,1,A
2019-06-30T04:58:51Z,9.485,91.683,6.3,29.572,1,33.346,1,1,D,2902680,109,1,A
2019-07-10T10:25:51Z,9.716,91.768,4.9,29.625,1,33.485,1,1,D,2902680,110,1,A
2019-07-20T10:11:59Z,8.937,91.961,6.7,29.329,1,33.157,1,1,D,2902680,111,1,A
2019-07-30T09:55:14Z,9.177,92.034,4.3,29.345,1,33.14,1,1,D,2902680,112,1,A
2019-08-09T09:39:55Z,9.326,91.898,6.2,28.987,1,33.417,1,1,D,2902680,113,1,A
2019-08-19T09:24:37Z,9.43,91.789,4.9,28.817,1,33.147,1,1,D,2902680,114,1,A
2019-08-29T09:12:06Z,9.871,91.676,6.6,28.737,1,33.356,1,1,D,2902680,115,1,A
2019-09-08T10:31:18Z,10.509,91.57,5.2,28.45,1,33.26,1,1,D,2902680,116,1,A
2019-09-18T10:17:23Z,10.287,91.803,6.1,28.351,1,33.292,1,1,D,2902680,117,1,A
2019-09-28T10:00:41Z,10.139,91.801,4.9,28.697,1,33.29,1,1,D,2902680,118,1,A
2019-10-18T15:15:10Z,10.26,91.693,15.6,29.387,1,33.091,1,1,D,2902680,120,1,A
2019-10-28T09:16:09Z,10.12,91.491,6.9,29.686,1,32.808,1,1,D,2902680,121,1,A
2019-11-07T10:36:48Z,9.819,91.041,5.9,29.193,1,32.826,1,1,D,2902680,122,1,A
2019-11-17T04:55:56Z,10.052,90.793,6.8,29.505,1,32.919,1,1,D,2902680,123,1,A
2019-11-27T10:05:26Z,10.263,90.594,5.9,28.992,1,32.889,1,1,D,2902680,124,1,A
2019-12-07T09:49:25Z,10.541,90.322,6.6,28.555,1,32.666,1,1,D,2902680,125,1,A
2019-12-17T09:35:34Z,10.542,90.292,5.8,28.724,1,33.038,1,1,D,2902680,126,1,A
2019-12-27T05:02:36Z,10.58,90.607,6.1,27.889,1,33.038,1,1,D,2902680,127,1,A
2020-01-06T10:40:51Z,10.459,90.902,6.1,28.356,1,33.146,1,1,D,2902680,128,1,A
2020-01-16T10:23:23Z,10.525,91.041,6.5,28.263,1,32.36,1,1,D,2902680,129,1,A
2020-01-26T10:08:05Z,10.58,90.872,6.9,28.407,1,32.398,1,1,D,2902680,130,1,A
2020-02-05T09:53:28Z,10.704,90.593,5.7,27.949,1,32.831,1,1,D,2902680,131,1,A
2020-02-15T05:22:40Z,10.893,90.648,6.6,28.071,1,32.561,1,1,D,2902680,132,1,A
2020-02-25T10:27:57Z,10.688,90.581,6.2,28.202,1,32.496,1,1,D,2902680,133,1,A
2020-03-06T10:18:56Z,10.757,90.462,7.0,28.238,1,32.365,1,1,D,2902680,134,1,A
2020-03-26T10:12:49Z,11.018,90.468,20.9,27.917,1,32.361,1,1,D,2902680,136,1,A
2020-06-04T10:00:09Z,11.176,90.254,25.5,29.724,1,33.184,1,1,D,2902680,143,1,A
2020-06-14T11:20:45Z,10.892,90.242,6.9,29.31,1,32.742,1,1,D,2902680,144,1,A
2020-06-24T11:04:47Z,10.488,89.986,6.9,29.38,1,32.691,1,1,D,2902680,145,1,A
2020-07-04T10:48:01Z,10.003,89.82,6.4,29.176,1,32.735,1,1,D,2902680,146,1,A
2020-07-14T10:32:01Z,9.732,89.881,6.2,29.325,1,33.212,1,1,D,2902680,147,1,A
2020-07-24T10:19:30Z,9.738,89.743,6.7,29.483,1,32.788,1,1,D,2902680,148,1,A
2020-08-03T10:04:11Z,9.943,89.498,6.1,29.262,1,33.452,1,1,D,2902680,149,1,A
2020-08-13T10:25:59Z,10.473,89.677,4.9,29.12,1,33.32,1,1,D,2902680,150,1,A
2020-08-23T10:15:34Z,11.088,90.218,5.6,29.421,1,33.122,1,1,D,2902680,151,1,A
2020-09-02T10:49:58Z,11.321,90.735,7.0,29.543,1,32.81,1,1,D,2902680,152,1,A
2020-09-12T10:35:21Z,11.274,90.929,6.0,29.355,1,32.83,1,1,D,2902680,153,1,A
2020-09-22T10:20:45Z,11.348,90.971,6.5,28.86,1,33.003,1,1,D,2902680,154,1,A
2020-10-02T10:06:08Z,11.542,90.859,5.6,28.72,1,32.949,1,1,D,2902680,155,1,A
2020-10-12T05:08:44Z,11.678,90.87,6.7,28.644,1,32.907,1,1,D,2902680,156,1,A
2020-10-22T10:35:01Z,11.846,91.048,6.1,28.758,1,32.856,1,1,D,2902680,157,1,A
2020-11-01T10:25:19Z,11.825,91.442,6.8,28.904,1,32.731,1,1,D,2902680,158,1,A
2020-11-11T10:14:12Z,11.403,91.442,6.6,29.283,1,32.664,1,1,D,2902680,159,1,A
2020-11-21T10:23:23Z,10.853,90.988,6.5,29.259,1,33.242,1,1,D,2902680,160,1,A
2020-12-01T11:26:29Z,10.335,90.421,5.7,28.662,1,33.747,1,1,D,2902680,161,1,A
2020-12-11T10:57:10Z,10.082,89.8,5.1,28.578,1,33.726,1,1,D,2902680,162,1,A
2020-12-21T04:42:50Z,10.157,89.149,6.1,28.333,1,33.806,1,1,D,2902680,163,1,A
2020-12-31T10:47:36Z,10.344,88.795,5.0,28.343,1,33.876,1,1,D,2902680,164,1,A
2021-01-10T04:55:40Z,10.259,88.818,6.3,28.49,1,34.0,1,1,D,2902680,165,1,A
2021-01-20T10:28:50Z,10.075,88.992,4.7,28.556,1,33.871,1,1,D,2902680,166,1,A
2021-01-30T10:18:25Z,9.953,89.173,5.3,28.459,1,33.703,1,1,D,2902680,167,1,A
2021-02-09T05:21:01Z,9.786,89.446,6.5,28.487,1,33.848,1,1,D,2902680,168,1,A
2021-02-19T11:05:30Z,9.677,89.496,6.0,28.277,1,33.454,1,1,D,2902680,169,1,A
2021-03-01T05:06:30Z,9.732,89.364,4.7,28.773,1,33.545,1,1,D,2902680,170,1,A
2021-03-11T10:40:29Z,9.906,89.148,4.5,29.237,1,33.652,1,1,D,2902680,171,1,A
2021-03-21T04:58:17Z,10.004,89.053,6.0,29.472,1,33.319,1,1,D,2902680,172,1,A
2021-03-31T10:42:05Z,10.317,89.054,5.6,29.627,1,33.12,1,1,D,2902680,173,1,A
2021-04-10T05:34:10Z,10.216,89.062,5.9,29.763,1,33.548,1,1,D,2902680,174,1,A
2021-04-20T10:21:58Z,10.286,88.895,5.3,30.133,1,33.447,1,1,D,2902680,175,1,A
2021-05-30T11:07:08Z,10.602,88.017,26.0,29.571,1,32.62,1,1,D,2902680,179,1,A
2021-06-09T10:42:01Z,10.502,87.913,6.9,29.986,1,32.678,1,1,D,2902680,180,1,A
2021-06-19T10:43:31Z,10.316,88.135,6.3,29.779,1,32.972,1,1,D,2902680,181,1,A
2021-06-29T05:35:36Z,10.172,88.271,6.6,29.659,1,33.168,1,1,D,2902680,182,1,A
2021-07-09T11:06:48Z,9.994,88.318,5.7,29.605,1,33.103,1,1,D,2902680,183,1,A
2021-07-19T04:59:23Z,10.015,88.267,4.5,28.922,1,33.675,1,1,D,2902680,184,1,A
2021-07-29T10:52:17Z,9.662,88.387,5.9,29.205,1,33.73,1,1,D,2902680,185,1,A
2021-08-08T11:21:46Z,9.242,88.167,6.7,29.273,1,33.897,1,1,D,2902680,186,1,A
2021-08-18T10:37:46Z,9.067,88.021,5.1,28.983,1,33.818,1,1,D,2902680,187,1,A
2021-08-28T10:56:45Z,9.196,87.958,5.0,28.873,1,33.815,1,1,D,2902680,188,1,A
2021-09-07T05:05:27Z,9.227,87.755,6.1,28.641,1,33.628,1,1,D,2902680,189,1,A
2021-09-17T10:33:08Z,9.31,87.627,6.0,28.725,1,33.957,1,1,D,2902680,190,1,A
2021-09-27T05:14:43Z,9.525,87.295,6.1,28.831,1,33.975,1,1,D,2902680,191,1,A
2021-10-07T10:44:32Z,9.93,87.245,6.2,28.852,1,33.814,1,1,D,2902680,192,1,A
2021-10-17T11:21:01Z,10.465,87.736,4.2,28.801,1,33.724,1,1,D,2902680,193,1,A
2021-10-27T10:29:18Z,10.547,88.107,6.1,29.417,1,33.361,1,1,D,2902680,194,1,A
2021-11-06T11:03:00Z,10.393,88.01,5.4,29.59,1,33.363,1,1,D,2902680,195,1,A
2021-11-16T10:57:29Z,10.199,87.752,6.7,29.101,1,33.32,1,1,D,2902680,196,1,A
2021-11-26T10:45:41Z,9.897,87.579,5.1,28.689,1,33.394,1,1,D,2902680,197,1,A
2021-12-06T05:13:58Z,9.614,87.498,6.5,28.92,1,33.884,1,1,D,2902680,198,1,A
2021-12-16T10:24:52Z,9.457,87.186,4.7,28.772,1,34.178,1,1,D,2902680,199,1,A
2021-12-26T04:58:45Z,9.079,86.764,6.1,28.527,1,34.376,1,1,D,2902680,200,1,A
2022-01-05T11:35:45Z,8.826,86.033,5.6,28.335,1,32.846,1,1,D,2902680,201,1,A
2022-01-15T05:39:32Z,8.785,85.408,6.7,28.242,1,32.827,1,1,D,2902680,202,1,A
2022-01-25T11:11:26Z,8.839,84.726,5.9,28.5,1,33.39,1,1,D,2902680,203,1,A
2022-02-04T05:23:37Z,8.857,83.853,5.6,28.556,1,33.544,1,1,D,2902680,204,1,A
2022-02-14T10:51:18Z,8.99,82.657,4.2,28.403,1,33.47,1,1,D,2902680,205,1,A
2022-02-24T04:57:54Z,9.196,82.234,6.4,28.141,1,33.347,1,1,D,2902680,206,1,A
2022-03-06T12:00:05Z,10.104,82.083,4.8,27.765,1,33.1,1,1,D,2902680,207,1,A
2022-03-16T04:55:17Z,10.766,82.374,6.6,27.972,1,33.567,1,1,D,2902680,208,1,A
2022-03-26T11:36:31Z,10.939,83.099,4.4,29.468,1,33.557,1,1,D,2902680,209,1,A
2022-04-05T11:25:22Z,10.945,83.396,5.1,30.161,1,33.363,1,1,A,2902680,210,1,A
2022-04-15T04:57:39Z,10.636,83.324,6.0,30.133,1,33.489,1,1,A,2902680,211,1,A
2022-04-25T06:13:21Z,10.469,82.969,6.2,30.475,1,33.422,1,1,A,2902680,212,1,A
2022-05-05T10:49:57Z,10.136,82.118,6.7,31.064,1,33.177,1,1,A,2902680,213,1,A
2022-05-15T10:40:14Z,10.01,82.224,5.6,30.238,1,33.229,1,1,A,2902680,214,1,A
2022-05-25T05:14:07Z,10.396,82.425,6.5,29.763,1,33.536,1,1,A,2902680,215,1,A
2022-06-04T11:49:01Z,10.829,82.59,4.8,29.876,1,33.574,1,1,A,2902680,216,1,A
2022-06-14T05:33:12Z,11.073,82.422,6.3,29.542,1,33.685,1,1,A,2902680,217,1,A
2022-06-24T11:25:24Z,11.219,82.027,4.6,29.662,1,33.669,1,1,A,2902680,218,1,A
2022-07-04T05:21:29Z,11.193,82.018,6.3,29.609,1,33.747,1,1,A,2902680,219,1,A
2022-07-14T10:57:35Z,10.852,82.146,4.8,29.091,1,33.888,1,1,A,2902680,220,1,A
2022-07-24T05:12:17Z,9.215,82.661,6.1,29.362,1,33.578,1,1,A,2902680,221,1,A
2022-08-03T10:41:39Z,8.617,83.062,5.2,28.655,1,33.866,1,1,A,2902680,222,1,A
2022-08-13T05:56:51Z,8.933,82.905,6.0,28.337,1,34.318,1,1,A,2902680,223,1,A
2022-08-23T11:09:50Z,8.378,83.0,4.8,29.243,1,34.026,1,1,A,2902680,224,1,A
2022-09-02T05:18:06Z,7.471,82.669,6.6,28.497,1,34.197,1,1,A,2902680,225,1,A
2022-09-12T11:29:37Z,6.312,82.295,5.8,28.213,1,34.276,1,1,A,2902680,226,1,A
2022-09-22T05:15:13Z,6.326,82.184,6.6,27.615,1,34.895,1,1,A,2902680,227,1,A
2022-10-02T11:05:18Z,6.913,83.641,4.7,28.56,1,34.349,1,1,A,2902680,228,1,A
2022-10-12T04:57:54Z,7.164,84.553,6.2,28.546,1,34.503,1,1,A,2902680,229,1,A
2022-10-22T10:43:05Z,7.201,84.215,5.4,28.497,1,33.135,1,1,A,2902680,230,1,A
2022-11-01T05:42:10Z,6.374,84.193,6.7,28.922,1,33.57,1,1,A,2902680,231,1,A
2022-11-11T11:16:10Z,6.951,83.914,6.2,28.602,1,33.276,1,1,A,2902680,232,1,A
2022-11-21T05:29:55Z,7.297,83.434,5.1,27.87,1,33.924,1,1,A,2902680,233,1,A
2022-12-01T11:31:45Z,7.431,82.62,4.4,28.8,1,33.837,1,1,A,2902680,234,1,A
2023-01-20T05:34:30Z,6.102,81.922,25.0,28.085,1,34.534,1,1,A,2902680,239,1,A
2019-03-21T21:10:18Z,14.381,93.082,25.3,26.828,1,32.398,1,1,D,2902681,99,1,A
2019-06-09T22:10:26Z,13.462,91.558,26.0,30.393,1,33.115,1,1,D,2902681,107,1,A
2019-06-19T22:00:15Z,13.68,91.708,6.2,29.352,1,32.689,1,1,D,2902681,108,1,A
2019-06-29T21:50:05Z,13.838,92.089,5.8,29.159,1,32.851,1,1,D,2902681,109,1,A
2019-07-09T21:37:43Z,13.897,92.35,6.6,29.185,1,33.477,1,1,D,2902681,110,1,A
2019-07-19T21:22:24Z,13.958,92.538,4.3,29.313,1,32.75,1,1,D,2902681,111,1,A
2019-07-29T21:08:34Z,14.219,92.676,4.7,29.074,1,33.396,1,1,D,2902681,112,1,A
2019-08-08T22:29:08Z,14.588,93.3,4.1,28.481,1,33.406,1,1,D,2902681,113,1,A
2019-08-18T15:42:46Z,14.701,93.308,4.7,29.078,1,33.006,1,1,D,2902681,114,1,A
2019-08-28T15:05:06Z,14.72,93.449,4.2,28.201,1,32.083,1,1,D,2902681,115,1,A
2019-09-07T16:02:24Z,14.621,93.423,4.1,28.198,1,32.31,1,1,D,2902681,116,1,A
2019-09-17T21:28:05Z,14.7,93.484,4.7,28.457,1,32.412,1,1,D,2902681,117,1,A
2019-01-08T01:01:04Z,6.824,84.529,5.2,28.47,1,33.781,1,1,D,2902682,93,1,A
2019-01-18T00:48:54Z,6.854,85.263,4.6,28.292,1,33.98,1,1,D,2902682,94,1,A
2019-01-27T23:03:34Z,6.835,85.579,6.4,28.522,1,34.043,1,1,D,2902682,95,1,A
2019-02-07T01:09:47Z,6.963,85.418,4.9,28.643,1,33.779,1,1,D,2902682,96,1,A
2019-02-16T23:35:35Z,7.278,85.416,5.3,28.852,1,34.14,1,1,D,2902682,97,1,A
2019-02-26T23:57:55Z,7.769,85.692,5.8,28.909,1,34.309,1,1,D,2902682,98,1,A
2019-03-09T01:09:19Z,7.934,85.926,5.5,29.552,1,34.384,1,1,D,2902682,99,1,A
2019-03-19T01:17:04Z,7.817,86.181,4.7,29.017,1,33.321,1,1,D,2902682,100,1,A
2019-03-28T23:09:08Z,7.865,86.299,6.2,29.907,1,33.525,1,1,D,2902682,101,1,A
2019-04-08T00:25:53Z,7.728,86.534,6.8,29.994,1,32.924,1,1,D,2902682,102,1,A
2019-04-18T02:17:09Z,7.309,86.423,6.9,30.398,1,32.939,1,1,D,2902682,103,1,A
2019-04-28T00:05:23Z,6.965,86.132,6.3,30.558,1,33.674,1,1,D,2902682,104,1,A
2019-05-08T01:04:31Z,6.439,86.305,5.3,29.743,1,33.579,1,1,D,2902682,105,1,A
2019-05-17T23:44:08Z,6.575,86.407,6.1,29.879,1,34.038,1,1,D,2902682,106,1,A
2019-05-28T01:01:38Z,6.69,86.195,4.3,29.961,1,34.521,1,1,D,2902682,107,1,A
2019-06-06T23:38:56Z,6.471,85.872,6.5,29.889,1,34.63,1,1,D,2902682,108,1,A
2019-06-17T01:01:50Z,6.285,85.542,4.6,29.758,1,34.603,1,1,D,2902682,109,1,A
2019-06-26T23:20:26Z,6.381,85.495,6.5,29.479,1,34.676,1,1,D,2902682,110,1,A
2019-07-07T00:42:51Z,6.541,85.539,4.1,29.416,1,34.788,1,1,D,2902682,111,1,A
2019-07-16T22:57:09Z,6.389,85.634,6.4,29.582,1,34.714,1,1,D,2902682,112,1,A
2019-07-27T00:29:28Z,5.835,85.147,3.9,29.281,1,34.882,1,1,D,2902682,113,1,A
2019-08-06T00:48:30Z,5.671,84.769,4.4,29.246,1,34.916,1,1,D,2902682,114,1,A
2019-08-15T23:54:56Z,5.9,84.539,6.7,28.983,1,34.785,1,1,D,2902682,115,1,A
2019-08-26T01:24:44Z,6.234,84.895,4.0,28.958,1,34.834,1,1,D,2902682,116,1,A
2019-09-04T23:32:08Z,6.769,85.364,6.2,28.864,1,34.913,1,1,D,2902682,117,1,A
2019-09-15T01:00:23Z,7.085,86.16,4.8,28.85,1,34.969,1,1,D,2902682,118,1,A
2019-09-24T23:29:09Z,6.736,86.52,6.6,28.525,1,34.049,1,1,D,2902682,119,1,A
2019-10-05T00:41:29Z,6.959,86.485,5.3,28.959,1,33.635,1,1,D,2902682,120,1,A
2019-10-15T00:24:39Z,6.632,86.509,6.8,30.155,1,34.435,1,1,D,2902682,121,1,A
2019-10-25T01:35:16Z,6.363,86.46,5.0,29.063,1,33.322,1,1,D,2902682,122,1,A
2019-11-04T00:00:18Z,6.067,86.568,6.6,29.064,1,33.036,1,1,D,2902682,123,1,A
2019-11-14T01:30:06Z,6.177,86.891,5.0,29.344,1,33.529,1,1,D,2902682,124,1,A
2019-11-23T23:30:36Z,6.15,87.129,6.2,29.449,1,33.624,1,1,D,2902682,125,1,A
2019-12-04T00:57:19Z,5.88,87.468,4.7,28.949,1,33.566,1,1,D,2902682,126,1,A
2019-12-14T00:39:01Z,5.838,87.712,6.3,28.972,1,33.432,1,1,D,2902682,127,1,A
2019-12-24T00:45:15Z,5.445,87.34,5.0,28.944,1,33.491,1,1,D,2902682,128,1,A
2020-01-03T00:07:00Z,5.196,87.135,6.1,28.55,1,33.113,1,1,D,2902682,129,1,A
2020-01-13T01:20:45Z,5.354,86.941,4.6,28.828,1,33.271,1,1,D,2902682,130,1,A
2020-01-22T23:35:00Z,5.648,86.853,6.1,28.72,1,33.996,1,1,D,2902682,131,1,A
2020-02-02T00:59:25Z,5.643,86.821,4.5,28.289,1,33.711,1,1,D,2902682,132,1,A
2020-02-11T23:40:33Z,5.547,86.552,6.5,28.267,1,33.461,1,1,D,2902682,133,1,A
2020-02-22T01:09:35Z,5.63,86.347,4.5,28.576,1,34.429,1,1,D,2902682,134,1,A
2020-03-02T23:28:30Z,5.876,86.074,6.5,28.813,1,34.631,1,1,D,2902682,135,1,A
2020-03-13T00:53:18Z,5.597,85.556,6.4,29.108,1,34.031,1,1,D,2902682,136,1,A
2020-03-22T23:38:38Z,5.337,84.74,6.4,29.15,1,33.869,1,1,D,2902682,137,1,A
2020-04-02T01:03:04Z,5.097,84.262,4.9,29.338,1,33.631,1,1,D,2902682,138,1,A
2020-04-12T00:07:57Z,5.095,83.968,6.5,30.228,1,33.957,1,1,D,2902682,139,1,A
2020-04-22T01:10:09Z,5.214,83.609,5.3,30.55,1,33.838,1,1,D,2902682,140,1,A
2020-05-01T23:44:23Z,5.31,83.509,4.9,30.829,1,34.27,4,1,D,2902682,141,1,A
2020-05-11T23:57:30Z,5.223,83.556,6.0,30.867,1,34.167,4,1,D,2902682,142,1,A
2020-05-22T00:59:42Z,5.119,83.472,4.2,29.431,1,34.316,4,1,D,2902682,143,1,A
2020-08-30T00:49:54Z,5.175,86.466,4.5,29.28,1,33.837,4,1,D,2902682,153,1,A
2020-09-28T23:28:09Z,5.154,86.0,6.1,28.924,1,34.023,4,1,D,2902682,156,1,A
2020-10-09T00:51:38Z,6.073,86.536,4.7,28.889,1,34.297,4,1,D,2902682,157,1,A
2020-10-18T23:32:37Z,6.014,86.894,6.7,28.597,1,34.745,4,1,D,2902682,158,1,A
2020-10-29T01:06:35Z,5.549,87.199,5.4,28.593,1,34.391,4,1,D,2902682,159,1,A
2020-11-08T00:01:30Z,5.483,87.616,6.7,29.03,1,33.747,4,1,D,2902682,160,1,A
2020-11-18T00:42:14Z,5.879,87.512,3.7,29.211,1,33.59,4,1,D,2902682,161,1,A
2020-11-27T23:12:52Z,5.947,87.337,6.1,29.268,1,34.471,4,1,D,2902682,162,1,A
2020-12-08T00:51:38Z,6.203,86.951,4.8,29.249,1,34.795,4,1,D,2902682,163,1,A
2020-12-18T00:05:46Z,6.388,86.632,6.5,29.026,1,34.826,4,1,D,2902682,164,1,A
2020-12-28T01:15:35Z,6.578,86.47,4.8,28.641,1,34.214,4,1,D,2902682,165,1,A
2021-01-06T23:52:46Z,6.588,86.319,6.1,28.77,1,34.217,4,1,D,2902682,166,1,A
2021-01-17T01:07:20Z,6.606,86.19,4.6,28.699,1,34.845,4,1,D,2902682,167,1,A
2021-01-26T23:36:50Z,6.583,85.949,5.7,28.688,1,34.455,4,1,D,2902682,168,1,A
2021-02-06T00:44:31Z,6.015,85.707,4.9,28.573,1,34.717,4,1,D,2902682,169,1,A
2021-02-15T23:59:23Z,5.408,85.603,5.8,28.832,1,34.501,4,1,D,2902682,170,1,A
2021-04-07T00:52:44Z,5.484,82.995,5.0,29.776,1,33.724,4,1,D,2902682,175,1,A
2021-04-16T23:27:19Z,5.825,83.331,6.7,29.935,1,34.22,4,1,D,2902682,176,1,A
2021-04-27T00:50:38Z,6.628,83.188,4.1,30.173,1,34.384,4,1,D,2902682,177,1,A
2021-05-07T00:01:39Z,7.924,83.256,6.2,30.717,1,34.212,4,1,D,2902682,178,1,A
2021-05-17T00:57:43Z,8.027,84.454,5.9,31.034,1,33.694,4,1,D,2902682,179,1,A
2021-05-26T23:32:42Z,7.039,83.806,6.3,28.852,1,35.008,4,1,D,2902682,180,1,A
2021-06-06T00:57:56Z,5.734,82.913,4.9,29.498,1,34.502,4,1,D,2902682,181,1,A
2021-06-16T01:25:36Z,5.792,83.278,4.6,29.05,1,34.376,4,1,D,2902682,182,1,A
2021-06-25T23:28:23Z,7.178,83.369,6.7,29.368,1,33.849,4,1,D,2902682,183,1,A
2021-07-06T01:00:32Z,7.95,82.247,4.5,29.977,1,34.292,4,1,D,2902682,184,1,A
2021-07-15T23:46:12Z,9.269,81.776,6.3,29.612,1,31.084,4,1,D,2902682,185,1,A
2021-07-26T01:02:58Z,9.235,83.36,4.8,29.124,1,30.333,4,1,D,2902682,186,1,A
2021-08-05T00:24:00Z,8.232,82.26,6.1,29.309,1,30.44,4,1,D,2902682,187,1,A
2021-08-15T01:07:45Z,8.999,81.294,5.2,29.244,1,30.317,4,1,D,2902682,188,1,A
2020-10-24T19:43:00Z,15.09,86.999,4.0,29.284,1,31.42,1,1,D,2902710,1,1,A
2020-10-25T03:53:00Z,15.121,87.009,4.2,29.362,1,31.555,1,1,D,2902710,2,1,A
2020-10-30T03:38:00Z,15.276,87.108,3.6,29.419,1,32.643,1,1,D,2902710,3,1,A
2020-11-04T03:19:00Z,15.477,87.178,4.2,29.681,1,32.173,1,1,D,2902710,4,1,A
2020-11-09T03:22:00Z,15.675,87.223,4.6,29.237,1,32.758,1,1,D,2902710,5,1,A
2020-11-14T03:03:00Z,15.832,87.279,3.2,29.062,1,33.252,1,1,D,2902710,6,1,A
2020-11-19T03:01:00Z,15.902,87.342,2.0,28.984,1,33.485,1,1,D,2902710,7,1,A
2020-11-24T02:12:00Z,15.899,87.403,4.0,28.768,1,33.49,1,1,D,2902710,8,1,A
2020-11-29T02:09:00Z,15.876,87.457,3.0,28.626,1,33.482,1,1,D,2902710,9,1,A
2020-12-04T02:01:00Z,15.783,87.505,3.5,28.451,1,33.329,1,1,D,2902710,10,1,A
2020-12-09T02:07:00Z,15.716,87.538,2.0,28.379,1,33.416,1,1,D,2902710,11,1,A
2020-12-14T02:05:00Z,15.566,87.579,2.9,28.401,1,32.71,1,1,D,2902710,12,1,A
2020-12-19T02:12:00Z,15.426,87.598,4.2,28.128,1,32.913,1,1,D,2902710,13,1,A
2020-12-24T02:00:00Z,15.248,87.619,3.1,27.56,1,32.955,1,1,D,2902710,14,1,A
2020-12-29T02:03:00Z,15.012,87.649,3.3,27.4,1,33.017,1,1,D,2902710,15,1,A
2021-01-03T01:33:00Z,14.854,87.66,3.1,27.605,1,33.142,1,1,D,2902710,16,1,A
2021-01-08T01:19:00Z,14.766,87.662,3.2,27.699,1,32.978,1,1,D,2902710,17,1,A
2021-01-13T00:45:00Z,14.686,87.659,2.0,27.846,1,33.033,1,1,D,2902710,18,1,A
2021-01-18T00:12:00Z,14.605,87.699,3.3,27.387,1,33.061,1,1,D,2902710,19,1,A
2021-01-23T00:00:00Z,14.559,87.75,2.1,27.329,1,33.279,1,1,D,2902710,20,1,A
2021-01-28T00:02:00Z,14.544,87.77,2.2,27.043,1,33.325,1,1,D,2902710,21,1,A
2021-02-02T00:23:00Z,14.507,87.79,2.8,27.409,1,33.564,1,1,D,2902710,22,1,A
2021-02-07T00:31:00Z,14.521,87.825,1.8,26.88,1,33.421,1,1,D,2902710,23,1,A
2021-02-12T00:17:00Z,14.542,87.836,1.8,27.405,1,33.947,1,1,D,2902710,24,1,A
2021-02-17T00:04:00Z,14.584,87.832,2.7,27.333,1,33.759,1,1,D,2902710,25,1,A
2021-02-21T23:51:00Z,14.623,87.83,3.1,27.362,1,33.691,1,1,D,2902710,26,1,A
2021-02-27T00:10:00Z,14.649,87.86,2.8,27.814,1,33.53,1,1,D,2902710,27,1,A
2021-03-04T00:26:00Z,14.611,87.894,3.9,27.517,1,31.61,1,1,D,2902710,28,1,A
2021-03-09T01:08:00Z,14.58,87.893,3.9,28.221,1,32.707,1,1,D,2902710,29,1,A
2021-03-14T01:16:00Z,14.514,87.872,2.6,27.592,1,31.511,1,1,D,2902710,30,1,A
2021-03-19T01:42:00Z,14.518,87.839,4.2,28.323,1,31.821,1,1,D,2902710,31,1,A
2021-03-24T01:53:00Z,14.558,87.784,3.8,28.648,1,31.457,1,1,D,2902710,32,1,A
2021-03-29T01:51:00Z,14.544,87.76,4.9,29.252,1,31.924,1,1,D,2902710,33,1,A
2021-04-03T01:35:00Z,14.552,87.763,3.7,28.94,1,31.546,1,1,D,2902710,34,1,A
2021-04-08T01:24:00Z,14.557,87.769,3.3,29.001,1,32.488,1,1,D,2902710,35,1,A
2021-04-13T01:50:00Z,14.562,87.797,3.0,29.946,1,33.471,1,1,D,2902710,36,1,A
2021-04-18T01:49:00Z,14.548,87.827,0.2,29.984,1,31.672,1,1,D,2902710,37,1,A
2021-04-23T01:56:00Z,14.578,87.86,4.9,30.383,1,31.781,1,1,D,2902710,38,1,A
2021-04-28T01:50:00Z,14.646,87.886,4.0,30.581,1,31.97,1,1,D,2902710,39,1,A
2021-05-03T01:53:00Z,14.697,87.886,1.0,30.783,1,31.851,1,1,D,2902710,40,1,A
2021-05-08T02:12:00Z,14.699,87.907,4.9,31.222,1,32.407,1,1,D,2902710,41,1,A
2021-05-13T03:07:00Z,14.656,87.928,4.2,31.608,1,32.399,1,1,D,2902710,42,1,A
2021-05-18T02:52:00Z,14.683,87.932,4.0,31.882,1,32.386,1,1,D,2902710,43,1,A
2021-05-23T02:40:00Z,14.77,87.901,4.1,30.921,1,32.664,1,1,D,2902710,44,1,A
2021-05-28T02:29:00Z,14.886,87.887,4.7,29.865,1,32.313,1,1,D,2902710,45,1,A
2021-06-02T02:27:00Z,14.949,87.835,3.1,30.15,1,32.503,1,1,D,2902710,46,1,A
2021-06-07T03:03:00Z,15.008,87.792,3.5,30.325,1,32.82,1,1,D,2902710,47,1,A
2021-06-12T02:37:00Z,15.057,87.796,3.9,29.561,1,32.866,1,1,D,2902710,48,1,A
2021-06-17T02:06:00Z,15.149,87.802,3.4,29.073,1,32.897,1,1,D,2902710,49,1,A
2021-06-27T02:23:00Z,15.249,87.849,3.1,29.139,1,32.84,1,1,D,2902710,50,1,A
2021-07-02T02:40:00Z,15.358,87.894,4.0,29.548,1,33.135,1,1,D,2902710,51,1,A
2021-07-07T02:43:00Z,15.501,87.896,3.1,29.804,1,32.873,1,1,D,2902710,52,1,A
2021-07-12T03:04:00Z,15.664,87.916,3.4,29.58,1,33.05,1,1,D,2902710,53,1,A
2021-07-17T02:50:00Z,15.713,88.022,3.5,29.735,1,33.232,1,1,D,2902710,54,1,A
2021-07-22T02:38:00Z,15.677,88.135,3.1,29.247,1,32.8,1,1,D,2902710,55,1,A
2021-07-27T02:54:00Z,15.684,88.182,3.1,28.989,1,33.326,1,1,D,2902710,56,1,A
2021-08-01T02:50:00Z,15.739,88.133,2.6,29.124,1,33.395,1,1,D,2902710,57,1,A
2021-08-06T03:16:00Z,15.702,88.112,3.9,29.144,1,33.23,1,1,D,2902710,58,1,A
2021-08-11T02:45:00Z,15.662,88.107,2.8,29.518,1,33.213,1,1,D,2902710,59,1,A
2021-08-16T02:42:00Z,15.58,88.067,3.4,29.346,1,33.32,1,1,D,2902710,60,1,A
2021-08-21T02:48:00Z,15.516,88.031,3.8,29.178,1,32.818,1,1,D,2902710,61,1,A
2021-08-26T02:28:00Z,15.54,87.963,2.9,29.406,1,32.914,1,1,D,2902710,62,1,A
2021-08-31T03:18:00Z,15.591,87.872,2.9,29.206,1,32.878,1,1,D,2902710,63,1,A
2021-09-05T03:08:00Z,15.669,87.84,3.0,29.25,1,32.886,1,1,D,2902710,64,1,A
2021-09-10T02:50:00Z,15.704,87.856,3.0,29.004,1,32.811,1,1,D,2902710,65,1,A
2021-09-15T02:52:00Z,15.706,87.904,4.0,28.821,1,32.713,1,1,D,2902710,66,1,A
2021-09-20T02:55:00Z,15.638,87.98,3.9,29.004,1,32.36,1,1,D,2902710,67,1,A
2021-09-25T02:39:00Z,15.537,88.052,3.8,29.118,1,32.634,1,1,D,2902710,68,1,A
2021-09-30T02:40:00Z,15.493,88.108,2.6,29.039,1,32.947,1,1,D,2902710,69,1,A
2021-10-05T02:35:00Z,15.38,88.174,3.7,29.543,1,32.037,1,1,D,2902710,70,1,A
2021-10-10T02:24:00Z,15.243,88.289,3.5,29.714,1,32.101,1,1,D,2902710,71,1,A
2021-10-15T02:29:00Z,15.151,88.389,3.8,29.566,1,32.094,1,1,D,2902710,72,1,A
2021-10-20T02:32:00Z,15.105,88.462,3.9,29.366,1,32.355,1,1,D,2902710,73,1,A
2021-10-25T02:30:00Z,15.037,88.557,2.9,29.652,1,32.817,1,1,D,2902710,74,1,A
2021-10-30T02:45:00Z,15.13,88.627,4.1,29.636,1,32.094,1,1,D,2902710,75,1,A
2021-11-04T02:29:00Z,15.102,88.682,3.8,29.409,1,31.871,1,1,D,2902710,76,1,A
2021-11-09T02:34:00Z,15.087,88.697,3.9,29.318,1,31.923,1,1,D,2902710,77,1,A
2021-11-14T02:49:00Z,15.135,88.668,3.3,29.333,1,32.522,1,1,D,2902710,78,1,A
2021-11-19T03:34:00Z,15.115,88.636,3.7,29.306,1,32.346,1,1,D,2902710,79,1,A
2021-11-24T03:46:00Z,15.128,88.579,4.5,29.365,1,32.115,1,1,D,2902710,80,1,A
2021-11-29T03:56:00Z,15.07,88.511,3.4,29.447,1,32.302,1,1,D,2902710,81,1,A
2021-12-04T04:02:00Z,14.956,88.446,4.2,29.063,1,32.498,1,1,D,2902710,82,1,A
2021-12-09T04:02:00Z,14.927,88.345,3.6,29.162,1,32.245,1,1,D,2902710,83,1,A
2021-12-14T04:30:00Z,14.861,88.232,3.7,28.929,1,32.428,1,1,D,2902710,84,1,A
2021-12-19T04:40:00Z,14.817,88.154,3.6,28.494,1,32.457,1,1,D,2902710,85,1,A
2021-12-24T04:37:00Z,14.785,88.058,3.7,28.27,1,32.786,1,1,D,2902710,86,1,A
2021-12-29T04:14:00Z,14.776,87.945,2.4,28.067,1,33.024,1,1,D,2902710,87,1,A
2022-01-03T04:36:00Z,14.845,87.861,3.1,27.927,1,33.172,1,1,D,2902710,88,1,A
2022-01-08T05:09:00Z,14.917,87.842,2.9,27.774,1,33.308,1,1,D,2902710,89,1,A
2022-01-13T05:16:00Z,14.989,87.855,1.9,27.902,1,33.265,1,1,D,2902710,90,1,A
2022-01-18T06:01:00Z,15.091,87.916,3.9,28.242,1,32.451,1,1,D,2902710,91,1,A
2022-01-23T05:59:00Z,15.094,88.069,3.6,27.901,1,32.037,1,1,D,2902710,92,1,A
2022-01-28T06:02:00Z,15.102,88.271,2.7,27.99,1,32.663,1,1,D,2902710,93,1,A
2022-02-02T05:48:00Z,15.044,88.433,2.8,27.368,1,32.904,1,1,D,2902710,94,1,A
2022-02-07T06:21:00Z,14.962,88.517,2.9,27.222,1,33.181,1,1,D,2902710,95,1,A
2022-02-12T06:44:00Z,14.84,88.539,3.5,26.959,1,33.362,1,1,D,2902710,96,1,A
2022-02-17T06:30:00Z,14.707,88.522,3.6,26.831,1,33.433,1,1,D,2902710,97,1,A
2022-02-22T06:25:00Z,14.564,88.458,1.8,27.026,1,33.373,1,1,D,2902710,98,1,A
2022-02-27T06:26:00Z,14.432,88.375,3.7,26.881,1,32.874,1,1,D,2902710,99,1,A
2022-03-04T06:33:00Z,14.383,88.256,3.7,26.942,1,32.609,1,1,D,2902710,100,1,A
2022-03-09T06:34:00Z,14.324,88.118,2.2,27.285,1,32.874,1,1,D,2902710,101,1,A
2022-03-14T06:33:00Z,14.279,87.998,3.2,27.186,1,32.483,1,1,D,2902710,102,1,A
2022-03-19T06:43:00Z,14.276,87.865,3.7,27.705,1,32.541,1,1,D,2902710,103,1,A
2020-10-26T04:02:00Z,12.006,87.0,2.5,28.906,1,33.352,1,1,D,2902713,1,1,A
2021-03-21T10:42:00Z,16.19,90.219,5.7,27.97,1,30.951,1,1,A,2902758,1,1,A
2021-03-26T11:16:00Z,16.257,90.061,5.9,28.973,1,31.671,1,1,A,2902758,2,1,A
2021-03-27T12:05:00Z,16.287,90.009,6.0,29.058,1,31.52,1,1,A,2902758,3,1,A
2021-03-28T12:25:00Z,16.33,89.949,6.7,29.015,1,31.254,1,1,A,2902758,4,1,A
2021-03-29T14:55:00Z,16.357,89.879,6.0,29.044,1,31.384,1,1,A,2902758,5,1,A
2021-03-30T17:17:00Z,16.398,89.828,6.2,29.044,1,31.624,1,1,A,2902758,6,1,A
2021-03-31T19:18:00Z,16.441,89.769,6.5,28.907,1,31.41,1,1,A,2902758,7,1,A
2021-04-01T21:19:00Z,16.483,89.733,6.1,28.927,1,31.485,1,1,A,2902758,8,1,A
2021-04-02T23:16:00Z,16.534,89.706,0.8,28.924,1,31.462,1,1,A,2902758,9,1,A
2021-04-07T23:39:00Z,16.606,89.623,5.5,29.259,1,32.11,1,1,A,2902758,10,1,A
2021-04-12T23:45:00Z,16.584,89.604,6.6,29.74,1,31.637,1,1,A,2902758,11,1,A
2021-04-18T00:04:00Z,16.531,89.581,1.9,29.691,1,31.511,1,1,A,2902758,12,1,A
2021-04-23T00:43:00Z,16.518,89.545,6.7,29.979,1,31.592,1,1,A,2902758,13,1,A
2021-04-28T01:38:00Z,16.522,89.483,4.8,30.285,1,31.888,1,1,A,2902758,14,1,A
2021-05-03T01:35:00Z,16.545,89.447,5.0,30.462,1,31.739,1,1,A,2902758,15,1,A
2021-05-08T02:30:00Z,16.616,89.445,5.1,30.67,1,32.107,1,1,A,2902758,16,1,A
2021-05-13T03:33:00Z,16.694,89.442,4.7,31.086,1,32.293,1,1,A,2902758,17,1,A
2021-05-18T04:40:00Z,16.739,89.478,5.6,31.532,1,32.223,1,1,A,2902758,18,1,A
2021-05-23T05:04:00Z,16.74,89.608,5.6,31.535,1,32.309,1,1,A,2902758,19,1,A
2021-05-28T05:51:00Z,16.721,89.803,4.7,29.103,1,32.754,1,1,A,2902758,20,1,A
2021-06-02T06:32:00Z,16.679,90.05,6.6,30.343,1,32.753,1,1,A,2902758,21,1,A
2021-06-07T07:18:00Z,16.716,90.262,5.1,30.501,1,32.681,1,1,A,2902758,22,1,A
2021-06-12T07:50:00Z,16.746,90.478,5.4,29.712,1,32.756,1,1,A,2902758,23,1,A
2021-06-17T08:32:00Z,16.809,90.69,1.2,29.326,1,32.582,1,1,A,2902758,24,1,A
2021-06-22T08:55:00Z,16.902,90.848,5.8,29.118,1,32.454,1,1,A,2902758,25,1,A
2021-06-27T09:14:00Z,16.966,90.985,5.1,29.401,1,32.467,1,1,A,2902758,26,1,A
2021-07-02T09:28:00Z,17.045,91.094,5.8,29.628,1,32.542,1,1,A,2902758,27,1,A
2021-07-07T09:58:00Z,17.127,91.111,4.8,29.817,1,32.566,1,1,A,2902758,28,1,A
2021-07-12T10:47:00Z,17.162,91.051,5.4,29.629,1,32.542,1,1,A,2902758,29,1,A
2021-07-17T11:10:00Z,17.259,90.887,5.3,29.918,1,32.964,1,1,A,2902758,30,1,A
2021-07-22T11:14:00Z,17.32,90.703,6.0,29.574,1,32.706,1,1,A,2902758,31,1,A
2021-07-27T11:10:00Z,17.351,90.543,6.9,29.334,1,32.784,1,1,A,2902758,32,1,A
2021-08-01T11:43:00Z,17.301,90.412,7.4,29.265,1,32.508,1,1,A,2902758,33,1,A
2021-08-06T12:05:00Z,17.278,90.254,7.2,29.011,1,32.237,1,1,A,2902758,34,1,A
2021-08-11T13:00:00Z,17.241,90.094,7.0,29.824,1,31.681,1,1,A,2902758,35,1,A
2021-08-16T14:08:00Z,17.134,89.98,2.8,29.444,1,31.969,1,1,A,2902758,36,1,A
2021-08-21T15:06:00Z,17.085,89.882,6.8,29.386,1,31.972,1,1,A,2902758,37,1,A
2021-08-26T15:53:00Z,16.958,89.743,8.0,29.313,1,32.421,1,1,A,2902758,38,1,A
2021-08-31T16:29:00Z,16.841,89.636,7.4,29.554,1,31.936,1,1,A,2902758,39,1,A
2021-09-05T16:57:00Z,16.764,89.494,7.9,29.365,1,31.935,1,1,A,2902758,40,1,A
2021-09-10T18:25:00Z,16.536,89.277,7.8,29.058,1,31.793,1,1,A,2902758,41,1,A
2021-09-15T18:24:00Z,16.376,89.206,7.5,29.079,1,32.158,1,1,A,2902758,42,1,A
2021-09-20T18:31:00Z,16.236,89.173,7.2,29.152,1,31.823,1,1,A,2902758,43,1,A
2021-09-25T18:51:00Z,16.156,89.157,7.6,28.76,1,31.863,1,1,A,2902758,44,1,A
2021-09-30T19:02:00Z,16.153,89.184,7.2,28.928,1,32.557,1,1,A,2902758,45,1,A
2021-10-05T19:29:00Z,16.178,89.207,7.6,29.501,1,32.474,1,1,A,2902758,46,1,A
2021-10-10T19:56:00Z,16.267,89.203,7.2,29.731,1,32.199,1,1,A,2902758,47,1,A
2021-10-15T19:51:00Z,16.445,89.18,7.4,29.857,1,32.126,1,1,A,2902758,48,1,A
2021-10-20T20:07:00Z,16.585,89.19,7.0,29.413,1,32.347,1,1,A,2902758,49,1,A
2021-10-25T20:36:00Z,16.677,89.204,7.8,29.277,1,32.188,1,1,A,2902758,50,1,A
2021-10-30T20:41:00Z,16.766,89.239,6.5,29.54,1,32.521,1,1,A,2902758,51,1,A
2021-11-04T21:20:00Z,16.732,89.387,7.8,29.582,1,32.012,1,1,A,2902758,52,1,A
2021-11-09T22:17:00Z,16.79,89.559,6.8,29.371,1,32.193,1,1,A,2902758,53,1,A
2021-11-14T23:08:00Z,16.733,89.752,2.8,29.364,1,30.991,1,1,A,2902758,54,1,A
2021-11-19T23:58:00Z,16.662,89.917,7.7,29.451,1,31.479,1,1,A,2902758,55,1,A
2021-11-25T00:54:00Z,16.509,90.026,7.7,29.293,1,31.483,1,1,A,2902758,56,1,A
2021-11-30T01:48:00Z,16.337,90.14,7.3,29.434,1,32.081,1,1,A,2902758,57,1,A
2021-12-05T02:44:00Z,16.286,90.2,7.4,29.328,1,32.224,1,1,A,2902758,58,1,A
2021-12-10T03:42:00Z,16.304,90.278,7.0,28.966,1,32.409,1,1,A,2902758,59,1,A
2021-12-15T04:39:00Z,16.406,90.336,6.8,28.58,1,32.731,1,1,A,2902758,60,1,A
2021-12-20T06:23:00Z,16.712,90.343,7.4,28.26,1,32.325,1,1,A,2902758,61,1,A
2021-12-25T07:41:00Z,16.933,90.314,6.6,27.523,1,32.144,1,1,A,2902758,62,1,A
2021-12-30T08:23:00Z,17.111,90.252,6.7,27.533,1,32.29,1,1,A,2902758,63,1,A
2022-01-04T09:17:00Z,17.246,90.183,8.0,29.677,1,32.18,1,1,A,2902758,64,1,A
2022-01-09T10:05:00Z,17.419,90.099,7.3,27.856,1,32.225,1,1,A,2902758,65,1,A
2022-01-14T11:00:00Z,17.556,90.016,7.9,27.438,1,32.105,1,1,A,2902758,66,1,A
2022-01-19T11:55:00Z,17.588,89.975,6.6,27.287,1,32.19,1,1,A,2902758,67,1,A
2022-01-24T12:53:00Z,17.646,89.849,6.7,26.791,1,32.108,1,1,A,2902758,68,1,A
2022-01-29T13:30:00Z,17.629,89.742,8.0,25.404,1,29.999,1,1,A,2902758,69,1,A
2022-02-03T14:00:00Z,17.613,89.639,7.6,25.823,1,30.848,1,1,A,2902758,70,1,A
2022-02-08T14:28:00Z,17.593,89.521,7.7,25.755,1,31.057,1,1,A,2902758,71,1,A
2022-02-13T15:15:00Z,17.518,89.412,7.1,25.394,1,31.832,1,1,A,2902758,72,1,A
2022-02-18T15:54:00Z,17.44,89.293,7.2,25.805,1,32.192,1,1,A,2902758,73,1,A
2022-02-23T15:55:00Z,17.306,89.203,6.7,25.93,1,32.825,1,1,A,2902758,74,1,A
2022-02-28T16:29:00Z,17.166,89.112,7.1,26.163,1,32.029,1,1,A,2902758,75,1,A
2022-03-05T16:35:00Z,17.024,89.048,6.4,26.482,1,32.483,1,1,A,2902758,76,1,A
2022-03-10T17:09:00Z,16.831,89.016,6.9,27.098,1,32.48,1,1,A,2902758,77,1,A
2022-03-15T17:19:00Z,16.709,88.951,7.1,27.586,1,32.417,1,1,A,2902758,78,1,A
2022-03-20T17:41:00Z,16.504,88.917,7.3,27.63,1,32.213,1,1,A,2902758,79,1,A
2022-03-25T18:22:00Z,16.331,88.902,6.7,28.555,1,32.407,1,1,A,2902758,80,1,A
2022-03-30T18:57:00Z,16.191,88.964,6.6,29.0,1,32.457,1,1,A,2902758,81,1,A
2022-04-04T19:32:00Z,16.158,89.118,7.0,29.432,1,32.613,1,1,A,2902758,82,1,A
2022-04-09T20:20:00Z,16.276,89.195,6.6,29.697,1,32.638,1,1,A,2902758,83,1,A
2022-04-14T21:39:00Z,16.366,88.978,7.3,29.293,1,33.149,1,1,A,2902758,84,1,A
2022-04-19T22:00:00Z,16.214,88.785,5.9,29.504,1,33.481,1,1,A,2902758,85,1,A
2022-04-24T22:25:00Z,15.979,88.829,6.5,29.961,1,33.018,1,1,A,2902758,86,1,A
2022-04-29T23:07:00Z,15.902,89.03,7.2,30.181,1,32.825,1,1,A,2902758,87,1,A
2022-05-04T23:54:00Z,16.031,89.063,6.9,30.533,1,32.981,1,1,A,2902758,88,1,A
2022-05-10T00:48:00Z,16.239,88.95,2.9,29.994,1,32.627,1,1,A,2902758,89,1,A
2022-05-15T00:57:00Z,16.458,88.742,6.5,30.103,1,33.012,1,1,A,2902758,90,1,A
2022-05-20T01:25:00Z,16.476,88.452,7.1,30.229,1,32.946,1,1,A,2902758,91,1,A
2022-05-25T01:55:00Z,16.483,88.403,6.4,29.841,1,33.028,1,1,A,2902758,92,1,A
2022-05-30T02:12:00Z,16.672,88.536,7.0,30.074,1,32.504,1,1,A,2902758,93,1,A
2022-06-04T02:39:00Z,16.917,88.291,7.2,30.105,1,32.509,1,1,A,2902758,94,1,A
2022-06-09T03:01:00Z,16.918,88.123,7.2,30.147,1,32.604,1,1,A,2902758,95,1,A
2022-06-13T23:17:00Z,16.94,88.257,6.0,29.7,1,32.524,1,1,A,2902758,96,1,A
2022-06-18T19:59:00Z,17.293,88.247,7.3,30.023,1,32.793,1,1,A,2902758,97,1,A
2022-06-23T16:11:00Z,17.334,88.09,6.8,30.127,1,32.853,1,1,A,2902758,98,1,A
2022-06-28T12:53:00Z,17.413,88.282,7.0,29.817,1,32.577,1,1,A,2902758,99,1,A
2022-07-03T09:37:00Z,17.752,88.436,7.2,29.919,1,32.857,1,1,A,2902758,100,1,A
2022-07-08T06:02:00Z,17.818,88.34,6.4,29.721,1,32.667,1,1,A,2902758,101,1,A
2022-07-13T02:12:00Z,17.798,88.532,1.6,29.373,1,32.891,1,1,A,2902758,102,1,A
2022-07-17T22:56:00Z,17.872,89.036,6.6,29.257,1,32.877,1,1,A,2902758,103,1,A
2022-07-22T19:19:00Z,18.029,89.413,5.1,29.538,1,29.145,1,1,A,2902758,104,1,A
2022-08-11T14:08:00Z,18.5,89.733,6.3,29.183,1,31.149,1,1,A,2902758,108,1,A
2022-08-16T10:41:00Z,18.517,89.608,2.6,29.344,1,30.986,1,1,A,2902758,109,1,A
2022-08-21T06:50:00Z,18.446,89.694,7.3,28.952,1,30.76,1,1,A,2902758,110,1,A
2022-09-30T11:31:00Z,19.456,88.737,4.3,30.081,1,29.621,1,1,A,2902758,117,1,A
2022-10-05T09:08:00Z,19.561,88.559,4.5,29.711,1,29.329,1,1,A,2902758,118,1,A
2022-10-10T06:07:00Z,19.625,88.564,4.4,29.732,1,29.717,1,1,A,2902758,119,1,A
2022-10-15T03:01:00Z,19.665,88.459,2.8,29.988,1,31.377,1,1,A,2902758,120,1,A
2022-10-19T23:55:00Z,19.698,88.358,2.8,29.765,1,31.237,1,1,A,2902758,121,1,A
2022-10-24T20:49:00Z,19.726,88.405,6.9,29.119,1,31.853,1,1,A,2902758,122,1,A
2022-10-29T17:12:00Z,19.744,88.44,7.2,29.128,1,31.818,1,1,A,2902758,123,1,A
2022-11-03T13:36:00Z,19.782,88.437,6.4,28.921,1,32.05,1,1,A,2902758,124,1,A
2022-11-08T09:37:00Z,19.836,88.573,7.2,28.756,1,31.637,1,1,A,2902758,125,1,A
2022-11-13T04:47:00Z,19.836,88.63,7.0,28.549,1,32.189,1,1,A,2902758,126,1,A
2022-11-18T01:04:00Z,19.829,88.764,7.4,27.903,1,32.386,1,1,A,2902758,127,1,A
2022-11-22T19:03:00Z,19.763,88.794,7.0,27.335,1,31.6,1,1,A,2902758,128,1,A
2022-11-27T13:02:00Z,19.72,88.876,7.2,26.773,1,31.239,1,1,A,2902758,129,1,A
2022-12-02T05:30:00Z,19.674,88.85,7.4,27.142,1,30.695,1,1,A,2902758,130,1,A
2022-12-06T22:06:00Z,19.543,88.918,3.5,27.53,1,29.989,1,1,A,2902758,131,1,A
2022-12-11T14:34:00Z,19.467,88.871,8.3,27.01,1,30.698,1,1,A,2902758,132,1,A
2022-12-16T07:10:00Z,19.419,88.88,8.3,27.862,1,30.609,1,1,A,2902758,133,1,A
2022-12-20T23:51:00Z,19.354,88.87,8.3,27.148,1,30.759,1,1,A,2902758,134,1,A
2022-12-25T16:42:00Z,19.273,88.823,6.0,27.837,1,32.93,1,1,A,2902758,135,1,A
2022-12-30T09:22:00Z,19.198,88.714,6.4,27.374,1,33.009,1,1,A,2902758,136,1,A
2023-01-04T01:57:00Z,19.114,88.653,7.6,25.383,1,30.713,1,1,A,2902758,137,1,A
2023-01-08T18:38:00Z,18.989,88.551,7.0,26.425,1,31.929,1,1,A,2902758,138,1,A
2023-01-13T11:12:00Z,18.899,88.427,7.4,26.265,1,31.914,1,1,A,2902758,139,1,A
2023-01-18T03:23:00Z,18.804,88.309,7.6,25.56,1,30.814,1,1,A,2902758,140,1,A
2023-01-22T20:23:00Z,18.686,88.248,8.1,25.062,1,30.748,1,1,A,2902758,141,1,A
2023-01-27T13:54:00Z,18.447,88.159,7.3,26.372,1,32.458,1,1,A,2902758,142,1,A
2023-02-01T10:36:00Z,18.296,87.91,7.6,26.196,1,31.895,1,1,A,2902758,143,1,A
2023-02-06T07:30:00Z,18.28,87.505,7.2,26.504,1,31.735,1,1,A,2902758,144,1,A
2023-02-11T04:17:00Z,18.217,87.313,7.3,26.488,1,32.171,1,1,A,2902758,145,1,A
2023-02-16T01:04:00Z,18.195,87.196,7.4,26.941,1,32.073,1,1,A,2902758,146,1,A
2023-02-20T22:12:00Z,18.219,87.101,6.9,27.013,1,32.087,1,1,A,2902758,147,1,A
2023-02-25T18:51:00Z,18.206,87.141,7.4,27.243,1,32.122,1,1,A,2902758,148,1,A
2023-03-02T15:28:00Z,18.01,87.207,7.3,27.661,1,32.402,1,1,A,2902758,149,1,A
2023-03-07T12:18:00Z,17.71,87.164,7.1,27.753,1,32.561,1,1,A,2902758,150,1,A
2019-12-13T05:30:32Z,5.756,89.894,0.2,28.235,1,32.834,1,1,A,2902764,1,1,A
2019-12-23T05:25:19Z,5.678,89.738,0.0,28.524,1,33.116,1,1,A,2902764,2,1,A
2020-01-02T05:38:10Z,5.665,89.637,0.2,28.479,1,33.302,1,1,A,2902764,3,1,A
2020-01-12T05:41:13Z,5.454,89.419,0.3,28.058,1,33.993,1,1,A,2902764,4,1,A
2020-03-02T05:40:25Z,5.087,88.444,0.0,28.663,1,34.495,1,1,A,2902764,9,1,A
2020-03-12T05:41:21Z,5.233,88.166,0.0,29.561,1,34.361,1,1,A,2902764,10,1,A
2020-03-22T05:42:26Z,5.264,87.855,0.3,29.614,1,34.191,1,1,A,2902764,11,1,A
2020-04-01T05:30:51Z,5.193,87.782,1.0,29.647,1,34.128,1,1,A,2902764,12,1,A
2020-05-21T05:46:50Z,5.359,87.85,0.2,29.397,1,33.412,1,1,A,2902764,17,1,A
2020-05-31T05:37:19Z,5.344,88.252,0.4,29.668,1,34.252,1,1,A,2902764,18,1,A
2020-07-20T05:50:58Z,5.026,88.975,0.1,29.684,1,33.87,1,1,A,2902764,23,1,A
2020-07-30T05:39:59Z,5.304,89.244,0.2,28.953,1,33.954,1,1,A,2902764,24,1,A
2020-08-09T05:52:37Z,5.268,89.389,0.2,28.788,1,33.946,1,1,A,2902764,25,1,A
2020-09-08T05:39:18Z,5.287,89.235,0.3,29.096,1,33.933,1,1,A,2902764,28,1,A
2020-09-18T05:39:38Z,5.978,89.823,0.1,28.828,1,34.014,1,1,A,2902764,29,1,A
2020-09-28T05:47:27Z,5.674,90.019,0.1,29.002,1,33.976,1,1,A,2902764,30,1,A
2020-10-08T05:44:02Z,5.303,89.862,0.1,28.868,1,34.025,1,1,A,2902764,31,1,A
2020-10-18T05:45:23Z,5.224,89.882,0.0,28.548,1,33.503,1,1,A,2902764,32,1,A
2020-10-28T05:38:34Z,5.379,90.047,0.1,28.783,1,33.229,1,1,A,2902764,33,1,A
2020-11-07T05:45:21Z,5.338,90.067,0.1,29.227,1,33.272,1,1,A,2902764,34,1,A
2020-11-17T05:52:04Z,5.336,89.715,0.2,29.104,1,33.637,1,1,A,2902764,35,1,A
2020-11-27T05:38:55Z,5.319,89.156,0.0,29.376,1,33.877,1,1,A,2902764,36,1,A
2020-12-07T05:44:55Z,5.396,88.545,0.2,29.325,1,34.171,1,1,A,2902764,37,1,A
2020-12-17T05:51:56Z,5.603,88.366,0.2,28.611,1,33.477,1,1,A,2902764,38,1,A
2020-12-27T05:36:18Z,6.008,88.664,0.1,29.386,1,33.637,1,1,A,2902764,39,1,A
2021-01-06T05:34:36Z,6.011,89.241,0.2,29.355,1,34.146,1,1,A,2902764,40,1,A
2021-01-16T05:43:44Z,5.392,89.474,0.2,28.309,4,33.275,4,1,A,2902764,41,1,A
2021-01-26T05:38:02Z,5.074,89.656,0.1,28.644,1,33.702,1,1,A,2902764,42,1,A
2021-03-07T05:44:31Z,5.127,89.712,0.2,29.495,1,33.211,1,1,A,2902764,46,1,A
2021-03-17T05:34:35Z,5.17,89.731,0.3,29.929,1,34.453,1,1,A,2902764,47,1,A
2023-07-29T03:49:20Z,5.084,87.799,0.2,29.143,1,33.69,1,1,A,2902764,133,1,A
2023-08-08T05:47:19Z,5.091,88.229,0.2,29.045,1,34.066,1,1,A,2902764,134,1,A
2023-08-28T09:42:54Z,5.055,88.983,0.4,29.672,1,33.727,1,1,A,2902764,136,1,A
2023-09-07T11:29:25Z,5.667,89.154,0.3,29.148,1,33.824,1,1,A,2902764,137,1,A
2023-09-17T13:53:55Z,5.804,89.298,0.1,29.202,1,33.031,1,1,A,2902764,138,1,A
2023-09-27T15:46:01Z,5.229,89.16,0.0,29.001,1,33.123,1,1,A,2902764,139,1,A
2023-11-27T03:41:25Z,5.116,88.194,0.0,29.598,1,32.731,1,1,A,2902764,145,1,A
2023-12-07T05:46:25Z,5.134,88.145,0.0,29.36,1,32.761,1,1,A,2902764,146,1,A
2024-03-17T01:45:51Z,5.335,87.628,0.3,29.582,1,33.757,1,1,A,2902764,156,1,A
2024-03-27T03:44:19Z,5.055,88.15,0.3,30.358,1,33.576,1,1,A,2902764,157,1,A
2020-02-03T05:34:34Z,9.989,87.509,0.3,28.207,1,33.335,1,1,D,2902765,1,1,A
2020-02-13T05:26:58Z,9.956,87.5,0.1,28.09,1,33.414,1,1,D,2902765,2,1,A
2020-02-23T05:28:25Z,9.958,87.625,0.3,28.124,1,33.491,1,1,D,2902765,3,1,A
2020-03-04T05:18:55Z,10.081,87.832,0.1,28.505,1,33.179,1,1,D,2902765,4,1,A
2020-03-14T05:21:01Z,10.175,88.01,0.2,28.897,1,33.244,1,1,D,2902765,5,1,A
2020-03-24T05:32:14Z,10.159,88.118,0.1,28.967,1,32.354,1,1,D,2902765,6,1,A
2020-04-03T05:21:56Z,10.066,88.03,0.1,29.325,1,32.777,1,1,D,2902765,7,1,A
2020-04-13T05:28:55Z,9.922,87.853,0.3,30.252,1,32.641,1,1,D,2902765,8,1,A
2020-04-23T05:28:54Z,9.767,87.686,0.2,30.82,1,32.693,1,1,D,2902765,9,1,A
2020-05-03T05:30:01Z,9.74,87.525,0.1,31.262,1,32.541,1,1,D,2902765,10,1,A
2020-05-13T05:31:16Z,9.867,87.27,0.1,31.189,1,32.581,1,1,D,2902765,11,1,A
2020-05-23T05:32:19Z,10.148,86.99,0.2,29.084,1,33.377,1,1,D,2902765,12,1,A
2020-06-02T05:19:33Z,10.332,86.59,0.4,29.513,1,33.397,1,1,D,2902765,13,1,A
2020-06-12T05:25:55Z,10.39,86.253,0.3,28.977,1,33.407,1,1,D,2902765,14,1,A
2020-06-22T05:14:25Z,10.272,85.815,0.3,29.513,1,33.459,1,1,D,2902765,15,1,A
2020-07-02T05:30:46Z,10.203,85.376,0.2,29.832,1,33.175,1,1,D,2902765,16,1,A
2020-07-12T05:28:55Z,10.076,85.11,0.1,29.609,1,33.975,1,1,D,2902765,17,1,A
2020-07-22T05:21:36Z,10.138,84.923,0.1,29.608,1,33.94,1,1,D,2902765,18,1,A
2020-08-01T05:26:01Z,10.161,84.849,0.1,29.128,1,33.786,1,1,D,2902765,19,1,A
2020-08-11T05:31:49Z,10.018,84.749,0.4,29.189,1,33.074,1,1,D,2902765,20,1,A
2020-08-21T05:36:44Z,9.911,84.416,0.0,29.334,1,33.249,4,1,D,2902765,21,1,A
2020-08-31T05:21:33Z,9.977,83.988,0.1,29.726,1,33.59,1,1,D,2902765,22,1,A
2020-09-10T05:23:19Z,9.992,83.771,0.2,29.336,1,33.42,1,1,D,2902765,23,1,A
2020-09-20T05:12:28Z,9.892,84.15,0.1,29.115,1,33.695,1,1,D,2902765,24,1,A
2020-09-30T05:27:30Z,9.663,84.813,0.2,28.821,1,34.277,1,1,D,2902765,25,1,A
2020-10-10T05:40:04Z,9.337,85.143,0.0,29.002,1,33.519,1,1,D,2902765,26,1,A
2020-10-20T05:23:04Z,9.578,85.135,0.1,28.689,1,33.376,1,1,D,2902765,27,1,A
2020-10-30T05:28:55Z,10.137,84.866,0.0,29.516,1,33.083,1,1,D,2902765,28,1,A
2020-11-09T05:30:09Z,10.687,84.6,0.4,29.246,1,33.279,1,1,D,2902765,29,1,A
2020-11-19T05:29:25Z,10.992,84.41,0.1,29.473,1,33.21,1,1,D,2902765,30,1,A
2020-11-29T05:20:26Z,10.842,84.317,0.2,28.436,1,33.333,1,1,D,2902765,31,1,A
2020-12-09T05:44:31Z,10.472,84.107,0.1,28.302,1,33.176,1,1,D,2902765,32,1,A
2020-12-19T05:34:25Z,10.229,84.016,0.4,27.69,1,33.022,1,1,D,2902765,33,1,A
2020-12-29T05:38:57Z,10.169,84.054,0.0,27.855,1,33.462,1,1,D,2902765,34,1,A
2021-01-08T05:27:49Z,10.403,84.025,0.1,27.729,1,33.544,1,1,D,2902765,35,1,A
2021-01-18T05:23:55Z,10.876,83.892,0.0,27.674,1,33.507,1,1,D,2902765,36,1,A
2021-01-28T05:27:26Z,11.751,83.925,0.4,26.936,1,31.872,1,1,D,2902765,37,1,A
2021-02-07T05:23:55Z,12.504,84.528,0.4,27.453,1,33.645,1,1,D,2902765,38,1,A
2021-02-17T05:17:49Z,12.565,85.193,0.1,27.203,1,33.623,1,1,D,2902765,39,1,A
2021-02-27T05:21:19Z,12.262,85.44,0.0,27.949,1,33.379,1,1,D,2902765,40,1,A
2021-03-09T05:33:26Z,11.988,85.393,0.2,28.229,1,33.673,1,1,D,2902765,41,1,A
2021-03-19T05:28:25Z,11.965,85.195,0.1,28.858,1,33.639,1,1,D,2902765,42,1,A
2021-03-29T05:38:25Z,11.99,84.982,0.3,29.549,1,33.261,1,1,D,2902765,43,1,A
2021-04-08T05:24:52Z,11.804,84.741,0.2,29.812,1,33.694,1,1,D,2902765,44,1,A
2021-04-18T05:31:03Z,11.515,84.436,0.3,31.005,1,33.081,1,1,D,2902765,45,1,A
2021-04-28T05:42:19Z,11.272,84.096,0.2,32.06,1,32.979,1,1,D,2902765,46,1,A
2021-05-08T05:39:17Z,11.202,83.77,0.3,31.601,1,33.44,1,1,D,2902765,47,1,A
2021-05-18T05:18:25Z,11.384,83.45,0.2,31.016,1,33.249,1,1,D,2902765,48,1,A
2021-05-28T05:38:25Z,11.659,83.12,0.1,30.092,1,33.014,1,1,D,2902765,49,1,A
2021-06-07T05:36:31Z,11.832,82.659,0.3,30.422,1,33.084,1,1,D,2902765,50,1,A
2021-06-17T05:36:26Z,12.018,82.288,0.2,29.869,1,33.188,1,1,D,2902765,51,1,A
2021-06-27T05:28:31Z,11.9,82.331,0.2,29.813,1,33.598,1,1,D,2902765,52,1,A
2021-07-07T05:37:34Z,11.58,82.496,0.3,30.058,1,33.661,1,1,D,2902765,53,1,A
2021-07-17T05:26:03Z,11.903,82.898,0.2,29.378,1,33.413,1,1,D,2902765,54,1,A
2021-07-27T05:40:25Z,12.112,83.381,0.2,29.331,1,33.361,1,1,D,2902765,55,1,A
2021-08-06T05:19:57Z,11.84,83.521,0.0,29.443,1,33.804,1,1,D,2902765,56,1,A
2021-08-16T05:33:16Z,11.619,83.288,0.3,29.307,1,33.486,1,1,D,2902765,57,1,A
2021-08-26T05:23:20Z,11.421,82.848,0.1,29.224,1,33.526,1,1,D,2902765,58,1,A
2021-09-05T05:36:19Z,10.692,82.428,0.1,29.011,1,33.555,1,1,D,2902765,59,1,A
2021-09-15T05:29:57Z,8.975,82.117,0.3,29.197,1,33.58,1,1,D,2902765,60,1,A
2021-09-25T05:32:09Z,7.97,83.225,0.4,29.658,1,33.766,1,1,D,2902765,61,1,A
2021-10-05T05:33:27Z,8.168,83.385,0.1,28.633,1,34.67,1,1,D,2902765,62,1,A
2021-10-15T05:19:55Z,8.426,83.244,0.3,29.235,1,33.751,1,1,D,2902765,63,1,A
2021-10-25T05:41:19Z,8.977,82.885,0.3,29.313,1,33.724,1,1,D,2902765,64,1,A
2021-11-04T05:32:55Z,9.647,81.905,6.4,29.572,1,31.686,1,1,D,2902765,65,1,A
2021-11-14T05:26:43Z,10.124,81.35,0.4,28.925,1,33.253,1,1,D,2902765,66,1,A
2021-11-24T05:34:06Z,10.906,81.465,0.1,28.965,1,32.712,1,1,D,2902765,67,1,A
2021-12-04T05:34:25Z,11.662,81.84,0.3,28.943,1,32.779,1,1,D,2902765,68,1,A
2021-12-14T05:38:49Z,12.118,82.336,0.2,28.724,1,32.18,1,1,D,2902765,69,1,A
2021-12-24T05:29:43Z,11.877,82.244,0.2,28.192,1,32.447,1,1,D,2902765,70,1,A
2022-01-03T05:32:04Z,11.506,81.413,0.4,27.974,1,32.655,1,1,D,2902765,71,1,A
2022-01-13T05:34:55Z,11.954,80.751,0.2,27.624,1,32.027,1,1,D,2902765,72,1,A
2022-01-23T05:29:25Z,13.788,81.689,0.4,27.282,1,31.675,1,1,D,2902765,73,1,A
2022-02-02T05:39:25Z,12.763,82.249,0.1,27.985,1,32.714,1,1,D,2902765,74,1,A
2022-02-12T05:28:43Z,12.171,81.759,0.0,27.616,1,32.336,1,1,D,2902765,75,1,A
2022-02-22T05:30:21Z,12.152,82.019,0.3,27.854,1,32.772,1,1,D,2902765,76,1,A
2022-03-04T05:29:51Z,12.056,82.058,0.4,28.195,1,33.712,1,1,D,2902765,77,1,A
2022-03-14T05:35:25Z,11.463,82.113,0.1,27.861,1,33.332,1,1,D,2902765,78,1,A
2022-03-24T05:29:03Z,11.457,82.795,0.2,29.181,1,33.394,1,1,D,2902765,79,1,A
2022-04-03T05:23:54Z,11.817,83.25,0.2,29.903,1,32.555,1,1,D,2902765,80,1,A
2022-04-13T05:36:37Z,11.69,83.411,0.2,30.167,1,33.343,1,1,D,2902765,81,1,A
2022-04-23T07:29:25Z,11.422,83.314,0.1,31.735,1,33.074,1,1,D,2902765,82,1,A
2022-05-03T09:31:44Z,10.84,83.019,0.1,31.379,1,33.107,1,1,D,2902765,83,1,A
2022-05-13T11:31:01Z,10.731,82.889,0.2,30.455,1,33.183,1,1,D,2902765,84,1,A
2022-05-23T13:27:56Z,11.05,82.961,0.3,29.891,1,33.416,1,1,D,2902765,85,1,A
2022-06-02T15:31:01Z,11.664,83.169,0.1,29.817,1,33.456,1,1,D,2902765,86,1,A
2022-06-12T17:40:50Z,12.1,83.945,0.1,29.405,1,33.75,1,1,D,2902765,87,1,A
2022-06-22T19:33:32Z,11.991,84.671,0.1,29.672,1,33.012,1,1,D,2902765,88,1,A
2022-07-02T21:33:19Z,11.725,85.181,0.1,29.789,1,33.093,1,1,D,2902765,89,1,A
2022-07-12T23:30:24Z,11.995,85.583,0.3,29.071,1,33.302,1,1,D,2902765,90,1,A
2022-07-23T01:25:33Z,12.457,85.775,0.1,29.155,1,33.312,1,1,D,2902765,91,1,A
2022-08-02T03:37:03Z,12.689,86.127,0.0,30.154,1,33.282,1,1,D,2902765,92,1,A
2022-08-12T05:28:14Z,12.075,86.313,0.4,28.913,1,33.123,1,1,D,2902765,93,1,A
2022-08-22T07:31:21Z,11.751,86.399,0.2,29.365,1,33.461,1,1,D,2902765,94,1,A
2022-09-01T09:38:39Z,11.825,86.625,0.1,29.755,1,33.301,1,1,D,2902765,95,1,A
2022-09-11T11:28:49Z,11.637,86.965,0.1,29.076,1,33.448,1,1,D,2902765,96,1,A
2022-09-21T13:40:55Z,11.456,87.343,0.0,28.966,1,33.445,1,1,D,2902765,97,1,A
2022-10-01T15:33:54Z,11.487,87.671,0.1,28.861,1,32.893,1,1,D,2902765,98,1,A
2022-10-11T17:30:43Z,11.632,87.888,0.1,28.859,1,32.568,1,1,D,2902765,99,1,A
2022-10-21T19:21:56Z,11.864,87.931,0.1,28.98,1,32.66,1,1,D,2902765,100,1,A
2022-10-31T21:36:02Z,12.06,87.776,0.1,29.15,1,32.702,1,1,D,2902765,101,1,A
2022-11-10T23:36:40Z,12.247,87.542,0.2,28.828,1,32.68,1,1,D,2902765,102,1,A
2022-11-21T01:36:49Z,12.206,87.315,0.1,28.633,1,33.239,1,1,D,2902765,103,1,A
2022-12-01T03:42:33Z,12.213,87.146,0.2,28.935,1,33.175,1,1,D,2902765,104,1,A
2022-12-11T05:31:43Z,12.213,87.11,0.3,28.672,1,33.128,1,1,D,2902765,105,1,A
2022-12-21T07:35:13Z,12.161,87.22,0.1,28.316,1,33.266,1,1,D,2902765,106,1,A
2022-12-31T09:23:58Z,12.226,87.503,0.4,27.268,1,33.619,1,1,D,2902765,107,1,A
2023-01-10T11:27:26Z,12.257,87.648,0.2,27.508,1,33.871,1,1,D,2902765,108,1,A
2023-01-20T13:28:43Z,12.194,87.662,0.1,27.625,1,33.473,1,1,D,2902765,109,1,A
2023-01-30T15:22:22Z,12.018,87.338,0.1,27.576,1,33.403,1,1,D,2902765,110,1,A
2023-02-09T17:29:02Z,11.64,86.72,0.1,27.707,1,33.283,1,1,D,2902765,111,1,A
2023-02-19T19:26:49Z,11.329,86.054,0.2,27.931,1,33.338,1,1,D,2902765,112,1,A
2023-03-01T21:36:26Z,11.122,85.361,0.3,28.058,1,33.784,1,1,D,2902765,113,1,A
2023-03-11T23:27:04Z,10.949,84.496,0.0,28.325,1,33.748,1,1,D,2902765,114,1,A
2023-03-22T01:24:55Z,10.731,83.654,0.3,28.538,1,33.904,1,1,D,2902765,115,1,A
2023-04-01T03:25:31Z,10.39,82.953,0.2,29.593,1,33.449,1,1,D,2902765,116,1,A
2023-04-11T05:22:55Z,10.089,82.492,0.1,30.217,1,33.719,1,1,D,2902765,117,1,A
2023-04-21T07:38:51Z,9.829,82.337,0.2,31.175,1,33.539,1,1,D,2902765,118,1,A
2023-05-01T09:26:25Z,9.855,82.144,0.2,31.216,1,33.66,1,1,D,2902765,119,1,A
2023-05-11T11:32:49Z,9.716,81.655,0.0,30.386,1,33.465,1,1,D,2902765,120,1,A
2023-05-21T13:26:55Z,8.731,81.749,0.3,30.676,1,33.624,1,1,D,2902765,121,1,A
2023-05-31T15:27:09Z,8.102,82.503,0.1,30.772,1,32.61,1,1,D,2902765,122,1,A
2023-06-10T17:26:03Z,9.876,83.111,0.2,30.511,1,32.864,1,1,D,2902765,123,1,A
2023-06-20T19:27:25Z,11.025,83.291,0.2,29.78,1,33.251,1,1,D,2902765,124,1,A
2023-06-30T21:37:20Z,11.985,82.954,0.2,30.081,1,33.526,1,1,D,2902765,125,1,A
2023-07-10T23:36:41Z,12.444,82.876,0.4,29.763,1,33.602,1,1,D,2902765,126,1,A
2023-07-21T01:23:25Z,12.652,82.863,0.4,29.544,1,33.592,1,1,D,2902765,127,1,A
2023-07-31T03:33:29Z,12.583,83.082,0.2,29.26,1,33.645,1,1,D,2902765,128,1,A
2023-08-10T05:34:04Z,12.087,83.286,0.3,29.5,1,33.625,1,1,D,2902765,129,1,A
2023-08-20T07:38:26Z,11.552,83.3,0.2,29.558,1,33.58,1,1,D,2902765,130,1,A
2023-08-30T09:40:19Z,11.796,83.467,0.2,29.768,1,33.311,1,1,D,2902765,131,1,A
2023-09-09T11:26:25Z,12.406,83.19,0.1,29.515,1,33.7,1,1,D,2902765,132,1,A
2023-09-19T13:29:56Z,12.664,83.085,0.0,29.064,1,33.261,1,1,D,2902765,133,1,A
2023-09-29T15:23:55Z,12.778,83.327,0.1,29.266,1,33.366,1,1,D,2902765,134,1,A
2023-10-09T17:34:21Z,12.624,83.498,0.2,29.461,1,33.504,4,1,D,2902765,135,1,A
2023-10-19T19:24:49Z,11.845,83.555,0.1,29.19,1,33.834,1,1,D,2902765,136,1,A
2023-10-29T21:25:56Z,11.687,83.585,0.3,29.437,1,33.842,1,1,D,2902765,137,1,A
2023-11-08T23:22:55Z,11.924,83.76,0.1,29.548,1,33.503,1,1,D,2902765,138,1,A
2023-11-19T01:29:55Z,12.157,83.893,0.4,29.182,1,33.596,1,1,D,2902765,139,1,A
2023-11-29T03:33:34Z,12.039,83.803,0.0,29.221,1,33.525,1,1,D,2902765,140,1,A
2023-12-09T05:23:31Z,11.77,83.486,0.4,28.963,1,33.118,1,1,D,2902765,141,1,A
2023-12-19T07:37:49Z,11.465,83.412,0.4,28.782,1,33.248,1,1,D,2902765,142,1,A
2023-12-29T09:24:47Z,10.892,83.55,0.3,28.431,1,33.504,1,1,D,2902765,143,1,A
2024-01-08T11:33:04Z,10.756,83.915,0.3,28.616,1,33.056,1,1,D,2902765,144,1,A
2024-01-18T13:24:27Z,11.138,84.401,0.0,28.121,1,33.274,1,1,D,2902765,145,1,A
2024-01-28T15:26:04Z,11.697,84.712,0.2,28.028,1,32.829,1,1,D,2902765,146,1,A
2024-02-07T17:39:03Z,12.058,85.011,0.0,28.074,1,32.838,4,1,D,2902765,147,1,A
2024-02-17T19:33:55Z,12.078,85.299,0.2,27.978,1,32.506,1,1,D,2902765,148,1,A
2024-02-27T21:33:50Z,12.212,85.542,0.4,28.085,1,32.56,1,1,D,2902765,149,1,A
2024-03-08T23:29:30Z,12.358,85.764,0.1,27.947,1,32.639,1,1,D,2902765,150,1,A
2024-03-19T01:37:11Z,12.428,85.895,0.3,28.693,1,32.844,1,1,D,2902765,151,1,A
2024-03-29T03:28:55Z,12.362,86.017,0.4,29.087,1,32.782,1,1,D,2902765,152,1,A
2024-04-08T05:35:25Z,12.529,86.1,0.1,31.025,1,32.494,1,1,D,2902765,153,1,A
2024-04-18T07:33:37Z,12.898,86.071,0.2,30.629,1,32.786,1,1,D,2902765,154,1,A
2024-04-28T09:26:22Z,13.175,86.196,0.4,32.637,1,31.484,1,1,D,2902765,155,1,A
2024-05-08T11:41:49Z,13.38,86.475,0.4,31.761,1,32.804,1,1,D,2902765,156,1,A
2024-05-18T13:45:44Z,13.226,86.748,0.2,31.622,1,32.91,1,1,D,2902765,157,1,A
2024-05-28T15:21:04Z,12.82,86.79,0.2,30.473,1,33.072,1,1,D,2902765,158,1,A
2024-06-07T17:34:15Z,12.32,86.596,0.1,30.169,1,32.838,1,1,D,2902765,159,1,A
2024-06-17T19:30:57Z,11.882,86.44,0.0,29.69,1,32.859,1,1,D,2902765,160,1,A
2024-06-27T21:34:26Z,11.558,86.314,0.4,29.519,1,32.922,1,1,D,2902765,161,1,A
2024-07-07T23:35:01Z,11.315,86.311,0.4,29.615,1,33.105,1,1,D,2902765,162,1,A
2024-07-18T01:33:22Z,11.271,86.309,0.1,29.489,1,33.099,1,1,D,2902765,163,1,A
2024-07-28T03:18:34Z,11.298,86.265,0.4,29.493,1,33.124,1,1,D,2902765,164,1,A
2024-08-07T05:24:58Z,11.34,86.165,0.1,29.8,1,33.187,1,1,D,2902765,165,1,A
2024-08-17T07:26:55Z,11.262,85.92,0.3,29.898,1,33.392,1,1,D,2902765,166,1,A
2024-08-27T09:24:26Z,11.264,85.672,0.1,29.66,1,33.227,1,1,D,2902765,167,1,A
2024-09-06T11:36:56Z,11.376,85.558,0.1,28.871,1,34.024,1,1,D,2902765,168,1,A
2024-09-16T13:20:19Z,11.209,85.615,0.0,29.101,1,34.437,1,1,D,2902765,169,1,A
2024-09-26T15:30:25Z,10.724,85.626,0.3,29.288,1,33.014,1,1,D,2902765,170,1,A
2024-10-06T17:18:22Z,10.684,85.486,0.0,29.392,1,32.581,1,1,D,2902765,171,1,A
2024-10-16T19:31:18Z,11.035,85.377,0.3,29.671,1,32.453,1,1,D,2902765,172,1,A
2024-10-26T21:25:57Z,11.331,85.456,0.1,29.209,1,33.921,1,1,D,2902765,173,1,A
2024-11-05T23:32:00Z,11.474,85.828,0.3,29.7,1,33.395,1,1,D,2902765,174,1,A
2024-11-16T01:21:21Z,11.111,86.188,0.3,29.586,1,33.583,1,1,D,2902765,175,1,A
2024-11-26T03:28:34Z,10.669,86.432,0.2,29.238,1,33.289,1,1,D,2902765,176,1,A
2024-12-06T05:34:25Z,11.028,86.883,0.1,29.085,1,33.141,1,1,D,2902765,177,1,A
2024-12-16T07:29:28Z,11.625,87.078,0.2,28.772,1,33.412,1,1,D,2902765,178,1,A
2024-12-26T09:25:20Z,12.016,87.301,0.3,28.924,1,33.498,1,1,D,2902765,179,1,A
2025-01-05T11:24:17Z,12.267,87.494,0.4,28.65,1,34.214,1,1,D,2902765,180,1,A
2025-01-15T13:26:27Z,12.184,87.65,0.0,28.463,1,34.007,4,1,D,2902765,181,1,A
2025-01-25T15:22:25Z,11.808,87.552,0.4,28.145,1,33.667,1,1,D,2902765,182,1,A
2025-02-04T17:27:57Z,11.417,87.219,0.1,28.184,1,34.048,1,1,D,2902765,183,1,A
2025-02-14T19:27:19Z,11.012,86.747,0.1,27.875,1,33.671,1,1,D,2902765,184,1,A
2025-02-24T21:23:26Z,10.659,86.16,0.2,28.024,1,33.465,4,1,D,2902765,185,1,A
2025-03-06T23:25:41Z,10.357,85.424,0.1,28.362,1,33.454,1,1,D,2902765,186,1,A
2025-03-17T01:33:25Z,10.144,84.805,0.4,29.3,1,33.76,1,1,D,2902765,187,1,A
2025-03-27T03:38:25Z,9.867,84.473,0.3,29.606,1,33.236,1,1,D,2902765,188,1,A
2025-04-06T05:24:25Z,9.632,84.56,0.2,29.925,1,33.352,1,1,D,2902765,189,1,A
2025-04-16T07:36:48Z,9.707,84.869,0.3,31.254,1,33.025,1,1,D,2902765,190,1,A
2025-04-26T09:28:19Z,10.067,85.126,0.3,30.958,1,33.619,1,1,D,2902765,191,1,A
2025-05-06T11:36:25Z,10.69,85.024,0.1,31.297,1,32.989,1,1,D,2902765,192,1,A
2025-05-16T13:31:00Z,11.189,84.935,0.2,30.627,1,32.971,1,1,D,2902765,193,1,A
2025-05-26T15:24:49Z,11.625,85.125,0.3,30.334,1,32.538,1,1,D,2902765,194,1,A
2025-06-05T17:35:20Z,11.672,85.619,0.1,30.136,1,32.793,1,1,A,2902765,195,1,A
2025-06-15T19:43:03Z,11.513,86.011,0.3,29.848,1,32.996,1,1,A,2902765,196,1,A
2025-06-25T21:30:56Z,11.219,86.34,0.0,29.7,1,32.912,1,1,A,2902765,197,1,A
2025-07-05T23:35:48Z,11.392,86.612,0.4,29.627,1,33.308,1,1,A,2902765,198,1,A
2025-07-16T01:33:40Z,11.682,86.608,0.4,29.516,1,33.41,1,1,A,2902765,199,1,A
2025-07-26T03:35:55Z,11.727,86.497,0.4,29.285,1,33.324,1,1,A,2902765,200,1,A
2025-08-05T05:38:49Z,11.881,86.35,0.2,29.647,1,32.994,1,1,A,2902765,201,1,A
2025-08-15T07:33:45Z,12.068,86.196,0.2,29.256,1,33.009,1,1,A,2902765,202,1,A
2025-08-25T09:31:26Z,11.878,86.107,0.1,29.439,1,33.078,1,1,A,2902765,203,1,A
2025-09-04T11:32:26Z,12.007,86.046,0.2,29.022,1,33.581,1,1,A,2902765,204,1,A
2025-09-14T13:22:25Z,11.85,86.154,0.2,29.706,1,33.145,1,1,A,2902765,205,1,A
2020-02-07T05:37:14Z,13.46,87.445,0.4,27.807,1,32.723,1,1,D,2902766,1,1,A
2020-02-17T05:40:16Z,12.984,87.447,0.1,27.686,1,32.866,1,1,D,2902766,2,1,A
2020-02-27T05:36:05Z,12.705,87.564,0.2,28.152,1,32.822,1,1,D,2902766,3,1,A
2020-03-08T05:33:15Z,12.716,87.813,0.2,28.37,1,32.523,1,1,D,2902766,4,1,A
2020-03-18T05:36:00Z,12.832,88.161,0.2,28.879,1,32.58,1,1,D,2902766,5,1,A
2020-03-28T05:38:25Z,12.976,88.53,0.4,29.079,1,32.709,1,1,D,2902766,6,1,A
2020-04-07T05:25:55Z,13.11,88.77,0.1,29.991,1,32.21,1,1,D,2902766,7,1,A
2020-04-17T05:39:32Z,13.221,88.857,0.1,31.439,1,31.828,1,1,D,2902766,8,1,A
2020-04-27T05:31:26Z,13.322,88.927,0.1,31.242,1,32.673,1,1,D,2902766,9,1,A
2020-05-07T05:48:03Z,13.418,89.184,0.1,31.87,1,32.68,1,1,D,2902766,10,1,A
2020-05-17T05:33:09Z,13.596,89.59,0.4,30.216,1,32.919,1,1,D,2902766,11,1,A
2020-05-27T05:34:27Z,13.765,89.885,0.2,29.7,1,33.165,1,1,D,2902766,12,1,A
2020-06-06T05:26:49Z,13.832,90.068,0.4,29.783,1,33.168,1,1,D,2902766,13,1,A
2020-06-16T05:36:27Z,13.856,90.138,0.1,29.56,1,33.011,1,1,D,2902766,14,1,A
2020-06-26T05:36:27Z,13.838,90.186,0.1,30.096,1,33.097,1,1,D,2902766,15,1,A
2020-07-06T05:35:20Z,13.848,90.116,0.3,29.635,1,32.897,1,1,D,2902766,16,1,A
2020-07-16T05:32:15Z,13.849,90.067,0.1,29.29,1,32.777,1,1,D,2902766,17,1,A
2020-07-26T05:37:55Z,13.613,90.003,0.0,29.95,1,32.562,1,1,D,2902766,18,1,A
2020-08-05T05:35:54Z,13.179,89.744,0.0,29.135,1,32.785,1,1,D,2902766,19,1,A
2020-08-15T05:29:24Z,12.76,89.451,0.1,28.989,1,32.925,1,1,D,2902766,20,1,A
2020-08-25T05:31:30Z,12.424,89.384,0.0,29.123,1,32.999,1,1,D,2902766,21,1,A
2020-09-04T05:28:31Z,12.457,89.496,0.0,29.988,1,32.908,1,1,D,2902766,22,1,A
2020-09-14T05:33:34Z,12.705,89.638,0.2,29.549,1,32.82,1,1,D,2902766,23,1,A
2020-09-24T05:38:16Z,13.173,89.565,0.0,29.213,1,33.174,1,1,D,2902766,24,1,A
2020-10-04T05:28:02Z,13.703,89.438,0.1,29.024,1,33.11,1,1,D,2902766,25,1,A
2020-10-14T05:35:23Z,14.026,89.461,0.1,28.805,1,32.838,1,1,D,2902766,26,1,A
2020-10-24T05:34:49Z,14.322,89.644,0.0,28.841,1,32.927,1,1,D,2902766,27,1,A
2020-11-03T05:20:01Z,14.378,90.089,0.0,30.052,1,32.764,1,1,D,2902766,28,1,A
2020-11-13T05:30:20Z,14.32,90.547,0.2,29.403,1,32.356,1,1,D,2902766,29,1,A
2020-11-23T05:35:51Z,14.349,90.736,0.2,29.125,1,32.864,1,1,D,2902766,30,1,A
2020-12-03T05:33:56Z,14.496,90.834,0.2,28.951,1,32.761,1,1,D,2902766,31,1,A
2020-12-13T05:30:55Z,14.668,90.841,0.4,28.488,1,30.32,1,1,D,2902766,32,1,A
2021-01-02T05:31:29Z,14.653,90.707,0.2,28.158,1,32.65,1,1,D,2902766,34,1,A
2021-01-12T05:32:25Z,14.415,90.621,0.2,28.379,1,32.676,1,1,D,2902766,35,1,A
2021-01-22T05:28:20Z,14.11,90.576,0.1,28.297,1,33.161,1,1,D,2902766,36,1,A
2021-02-01T05:24:28Z,13.767,90.611,0.2,27.955,1,33.226,1,1,D,2902766,37,1,A
2021-02-11T05:34:26Z,13.529,90.795,0.4,27.925,1,32.367,1,1,D,2902766,38,1,A
2021-02-21T05:34:55Z,13.532,90.969,0.2,27.996,1,33.394,1,1,D,2902766,39,1,A
2021-03-03T05:27:55Z,13.822,91.025,0.1,28.147,1,32.425,1,1,D,2902766,40,1,A
2021-03-13T05:30:03Z,14.207,90.979,0.4,28.657,1,32.552,4,1,D,2902766,41,1,A
2021-03-23T05:29:13Z,14.436,91.088,0.2,28.712,1,32.31,1,1,D,2902766,42,1,A
2021-04-02T05:26:29Z,14.563,91.292,0.1,29.055,1,31.794,1,1,D,2902766,43,1,A
2021-04-12T05:30:33Z,14.622,91.512,0.3,29.871,1,31.571,1,1,D,2902766,44,1,A
2021-04-22T05:30:20Z,14.737,91.816,0.4,30.127,1,31.698,1,1,D,2902766,45,1,A
2021-05-02T05:35:55Z,14.931,91.952,0.2,31.617,1,31.95,1,1,D,2902766,46,1,A
2021-05-12T05:41:13Z,15.215,91.789,0.4,31.445,1,32.026,1,1,D,2902766,47,1,A
2021-05-22T05:36:31Z,15.532,91.836,0.1,31.486,1,32.131,1,1,D,2902766,48,1,A
2021-06-01T05:37:13Z,15.41,91.899,0.1,30.177,1,32.685,1,1,D,2902766,49,1,A
2021-06-11T05:29:43Z,15.221,91.775,0.2,29.946,1,32.437,1,1,D,2902766,50,1,A
2021-06-21T05:32:31Z,14.999,91.681,0.0,29.457,1,32.569,1,1,D,2902766,51,1,A
2021-07-01T05:34:50Z,14.614,91.539,0.4,29.242,1,32.578,1,1,D,2902766,52,1,A
2021-07-11T05:22:25Z,14.138,91.395,0.4,29.417,1,32.653,1,1,D,2902766,53,1,A
2021-07-21T05:32:33Z,13.867,91.191,0.2,29.252,1,32.712,1,1,D,2902766,54,1,A
2021-07-31T05:29:10Z,13.548,90.964,0.3,29.253,1,32.677,1,1,D,2902766,55,1,A
2021-08-10T05:26:27Z,13.295,91.04,0.1,29.524,1,32.594,1,1,D,2902766,56,1,A
2021-08-20T05:23:04Z,13.357,91.092,0.2,29.394,1,32.904,1,1,D,2902766,57,1,A
2021-08-30T05:29:55Z,13.421,91.098,0.1,29.139,1,32.75,1,1,D,2902766,58,1,A
2021-09-09T05:28:13Z,13.584,91.137,0.3,29.01,1,32.792,1,1,D,2902766,59,1,A
2021-09-19T05:29:25Z,13.914,91.126,0.1,29.119,1,32.898,4,1,D,2902766,60,1,A
2021-09-29T05:26:04Z,14.219,91.086,0.1,29.141,1,32.433,1,1,D,2902766,61,1,A
2021-10-09T05:33:32Z,14.359,90.962,0.3,29.713,1,32.935,1,1,D,2902766,62,1,A
2021-10-19T05:23:14Z,14.476,90.78,0.1,28.992,1,32.654,1,1,D,2902766,63,1,A
2021-10-29T05:34:05Z,14.421,90.707,0.0,29.628,1,32.113,1,1,D,2902766,64,1,A
2021-11-08T05:32:57Z,14.325,90.722,0.1,29.266,1,32.187,1,1,D,2902766,65,1,A
2021-11-18T05:21:49Z,14.332,90.73,0.0,29.433,1,32.803,1,1,D,2902766,66,1,A
2021-11-28T05:28:27Z,14.363,90.775,0.2,29.321,1,32.71,1,1,D,2902766,67,1,A
2021-12-08T05:35:03Z,14.424,90.743,0.4,28.868,1,32.988,1,1,D,2902766,68,1,A
2021-12-18T05:25:28Z,14.354,90.613,0.2,28.495,1,33.403,1,1,D,2902766,69,1,A
2021-12-28T05:29:57Z,14.156,90.403,0.1,27.99,1,32.637,1,1,D,2902766,70,1,A
2022-01-07T05:35:32Z,13.793,90.099,0.2,28.155,1,31.889,1,1,D,2902766,71,1,A
2022-01-17T05:26:02Z,13.547,89.632,0.1,27.66,1,32.813,1,1,D,2902766,72,1,A
2022-01-27T05:32:25Z,13.32,89.205,0.2,27.73,1,32.349,1,1,D,2902766,73,1,A
2022-02-06T05:41:26Z,13.001,88.934,0.2,27.622,1,32.756,1,1,D,2902766,74,1,A
2022-02-16T05:41:34Z,12.79,88.762,0.1,27.362,1,32.785,1,1,D,2902766,75,1,A
2022-02-26T05:36:55Z,12.702,88.677,0.2,27.452,1,32.396,1,1,D,2902766,76,1,A
2022-03-08T05:29:32Z,12.801,88.727,0.2,27.423,1,32.845,1,1,D,2902766,77,1,A
2022-03-18T05:32:32Z,13.154,88.756,0.1,28.623,1,32.646,1,1,D,2902766,78,1,A
2022-03-28T05:39:58Z,13.583,88.746,0.3,30.541,1,32.206,1,1,D,2902766,79,1,A
2022-04-06T19:32:55Z,14.122,88.585,0.3,30.284,1,33.095,1,1,D,2902766,80,1,A
2022-04-16T09:26:00Z,14.593,88.508,0.1,31.065,1,33.028,1,1,D,2902766,81,1,A
2022-04-25T23:30:43Z,14.843,88.624,0.3,30.947,1,32.694,1,1,D,2902766,82,1,A
2022-05-05T13:23:52Z,14.974,88.912,0.2,32.371,1,32.308,1,1,D,2902766,83,1,A
2022-05-15T03:34:59Z,15.003,89.222,0.2,30.082,1,32.56,1,1,D,2902766,84,1,A
2022-05-24T17:34:03Z,15.054,89.388,0.0,30.014,1,32.62,1,1,D,2902766,85,1,A
2022-06-03T07:39:56Z,15.171,89.453,0.4,30.198,1,32.599,1,1,D,2902766,86,1,A
2022-06-12T21:28:54Z,15.42,89.409,0.2,29.656,1,32.561,1,1,D,2902766,87,1,A
2022-06-22T11:35:52Z,15.686,89.238,0.2,29.715,1,32.842,1,1,D,2902766,88,1,A
2022-07-02T01:28:19Z,15.907,88.99,0.0,29.678,1,33.359,1,1,D,2902766,89,1,A
2022-07-11T15:33:10Z,16.111,88.858,0.3,29.187,1,33.153,1,1,D,2902766,90,1,A
2022-07-21T05:30:52Z,16.301,88.807,0.0,28.574,1,33.045,1,1,D,2902766,91,1,A
2022-07-30T19:31:44Z,16.386,88.816,0.4,30.673,1,33.173,1,1,D,2902766,92,1,A
2022-08-09T09:30:55Z,16.108,88.818,0.1,28.799,1,32.859,1,1,D,2902766,93,1,A
2022-08-18T23:33:55Z,15.628,88.511,0.3,28.698,1,33.044,1,1,D,2902766,94,1,A
2022-08-28T13:34:31Z,15.233,88.127,0.4,29.591,1,32.795,1,1,D,2902766,95,1,A
2022-09-07T03:36:00Z,15.077,87.71,0.2,29.875,1,32.623,1,1,D,2902766,96,1,A
2022-09-16T17:29:13Z,14.881,87.407,0.3,29.313,1,32.901,1,1,D,2902766,97,1,A
2022-09-26T07:31:55Z,14.726,87.225,0.2,29.413,1,32.794,1,1,D,2902766,98,1,A
2022-10-05T21:27:57Z,14.669,87.184,0.1,29.008,1,32.237,1,1,D,2902766,99,1,A
2022-10-15T11:31:59Z,14.776,87.133,0.2,29.674,1,32.595,1,1,D,2902766,100,1,A
2022-10-25T01:30:01Z,14.848,87.232,0.4,29.213,1,33.01,1,1,D,2902766,101,1,A
2022-11-03T15:32:57Z,14.763,87.57,0.4,29.193,1,32.87,1,1,D,2902766,102,1,A
2022-11-13T05:36:52Z,14.655,87.953,0.1,28.887,1,32.741,1,1,D,2902766,103,1,A
2022-11-22T19:34:25Z,14.538,88.113,0.4,28.488,1,32.729,1,1,D,2902766,104,1,A
2022-12-02T09:33:40Z,14.442,88.264,0.1,28.816,1,32.888,1,1,D,2902766,105,1,A
2022-12-11T23:30:04Z,14.466,88.259,0.0,28.583,1,32.999,1,1,D,2902766,106,1,A
2022-12-21T13:29:19Z,14.608,88.177,0.4,28.067,1,32.547,1,1,D,2902766,107,1,A
2022-12-31T03:32:04Z,14.808,87.955,0.3,28.179,1,31.318,1,1,D,2902766,108,1,A
2023-01-09T17:31:55Z,14.957,87.62,0.0,27.117,1,31.015,4,1,D,2902766,109,1,A
2023-01-19T07:38:24Z,15.12,87.351,0.3,26.311,1,30.801,1,1,D,2902766,110,1,A
2023-01-28T21:41:55Z,15.324,87.002,0.2,26.701,1,32.29,1,1,D,2902766,111,1,A
2023-02-07T11:32:26Z,15.364,86.712,0.2,28.033,1,31.577,1,1,D,2902766,112,1,A
2023-02-17T01:33:55Z,15.274,86.435,0.2,26.268,1,31.433,1,1,D,2902766,113,1,A
2023-02-26T15:32:17Z,15.159,86.279,0.2,26.971,1,31.229,1,1,D,2902766,114,1,A
2023-03-08T05:40:01Z,15.1,86.182,0.1,27.503,1,31.404,1,1,D,2902766,115,1,A
2023-03-17T19:35:25Z,15.234,86.168,0.1,28.203,1,32.322,1,1,D,2902766,116,1,A
2023-03-27T09:35:34Z,15.281,86.387,0.2,30.812,1,32.01,1,1,D,2902766,117,1,A
2023-04-05T23:34:34Z,15.489,86.705,0.2,29.779,1,32.373,1,1,D,2902766,118,1,A
2023-04-15T13:32:47Z,15.669,87.042,0.3,30.195,1,32.509,1,1,D,2902766,119,1,A
2023-04-25T03:25:55Z,15.592,87.388,0.1,30.086,1,32.563,1,1,D,2902766,120,1,A
2023-05-04T17:39:25Z,15.456,87.65,0.4,31.201,1,32.344,1,1,D,2902766,121,1,A
2023-05-14T07:38:50Z,15.652,87.637,0.4,29.088,1,32.846,1,1,D,2902766,122,1,A
2023-05-23T21:33:51Z,15.876,87.45,0.0,29.917,1,32.835,1,1,D,2902766,123,1,A
2023-06-02T11:31:50Z,16.062,87.385,0.4,30.512,1,32.541,1,1,D,2902766,124,1,A
2023-06-12T01:28:50Z,16.12,87.492,0.4,29.98,1,32.848,1,1,D,2902766,125,1,A
2023-06-21T15:33:50Z,16.125,87.731,0.1,29.924,1,33.533,1,1,D,2902766,126,1,A
2023-07-01T05:36:26Z,15.98,88.213,0.4,29.906,1,33.522,1,1,D,2902766,127,1,A
2023-07-10T19:30:25Z,16.029,88.555,0.0,29.995,1,33.45,4,1,D,2902766,128,1,A
2023-07-20T09:30:27Z,16.121,88.878,0.3,29.204,1,32.912,1,1,D,2902766,129,1,A
2023-07-29T23:29:54Z,16.076,89.052,0.3,28.928,1,33.207,1,1,D,2902766,130,1,A
2023-08-08T13:36:28Z,15.874,88.986,0.0,28.773,1,33.213,1,1,D,2902766,131,1,A
2023-08-18T03:35:34Z,15.464,88.797,0.2,29.104,1,32.168,1,1,D,2902766,132,1,A
2023-08-27T17:38:58Z,15.206,88.42,0.1,29.192,1,33.014,1,1,D,2902766,133,1,A
2023-09-06T07:30:03Z,15.148,88.096,0.2,29.032,1,31.949,1,1,D,2902766,134,1,A
2023-09-15T21:32:52Z,15.105,87.882,0.4,28.922,1,32.734,1,1,D,2902766,135,1,A
2023-09-25T11:33:13Z,15.059,87.679,0.0,29.839,1,32.639,4,1,D,2902766,136,1,A
2023-10-05T01:30:50Z,15.118,87.533,0.1,29.244,1,32.682,1,1,D,2902766,137,1,A
2023-10-14T15:37:28Z,15.219,87.591,0.2,30.324,1,32.191,1,1,D,2902766,138,1,A
2023-10-24T05:34:15Z,15.449,87.787,0.2,29.267,1,32.715,1,1,D,2902766,139,1,A
2023-11-02T19:26:55Z,15.614,88.233,0.1,29.379,1,33.107,1,1,D,2902766,140,1,A
2023-11-12T09:32:39Z,15.523,88.829,0.0,29.353,1,33.107,1,1,D,2902766,141,1,A
2023-11-21T23:32:20Z,15.292,89.117,0.3,29.202,1,32.806,1,1,D,2902766,142,1,A
2023-12-01T13:38:56Z,14.925,89.083,0.2,28.656,1,32.427,1,1,D,2902766,143,1,A
2023-12-11T03:39:56Z,14.504,88.798,0.1,28.421,1,32.121,1,1,D,2902766,144,1,A
2023-12-20T17:35:25Z,14.209,88.331,0.2,28.552,1,32.615,1,1,D,2902766,145,1,A
2023-12-30T07:33:58Z,13.801,87.89,0.2,28.623,1,33.02,4,1,D,2902766,146,1,A
2024-01-08T21:40:55Z,13.646,87.589,0.3,28.307,1,32.822,4,1,D,2902766,147,1,A
2024-01-18T11:35:01Z,13.571,87.463,0.3,27.978,1,32.256,1,1,D,2902766,148,1,A
2024-01-28T01:32:02Z,13.617,87.558,0.3,27.6,1,32.566,1,1,D,2902766,149,1,A
2024-02-06T15:35:30Z,13.81,87.746,0.4,27.695,1,32.621,1,1,D,2902766,150,1,A
2024-02-16T05:34:04Z,13.945,88.072,0.1,27.444,1,32.772,1,1,D,2902766,151,1,A
2024-02-25T19:31:49Z,14.123,88.462,0.4,27.609,1,32.774,1,1,D,2902766,152,1,A
2024-03-06T09:34:44Z,14.309,88.744,0.1,28.233,1,32.576,1,1,D,2902766,153,1,A
2024-03-15T23:28:19Z,14.428,88.782,0.3,27.644,1,31.838,1,1,D,2902766,154,1,A
2024-03-25T13:34:37Z,14.643,88.682,0.2,28.356,1,31.987,4,1,D,2902766,155,1,A
2024-04-04T03:23:25Z,14.514,88.722,0.2,29.05,1,32.034,1,1,D,2902766,156,1,A
2024-04-13T17:29:52Z,14.056,88.711,0.4,29.763,1,32.188,1,1,D,2902766,157,1,A
2024-04-23T07:23:00Z,13.549,88.695,0.0,31.465,1,32.075,1,1,D,2902766,158,1,A
2024-05-02T21:33:01Z,13.342,88.808,0.1,31.002,1,32.443,1,1,D,2902766,159,1,A
2024-05-12T11:37:25Z,13.549,89.016,0.0,31.68,1,32.565,1,1,D,2902766,160,1,A
2024-05-22T01:37:21Z,14.153,89.312,0.2,31.187,1,32.971,1,1,D,2902766,161,1,A
2024-05-31T15:39:56Z,14.787,89.488,0.0,30.838,1,33.32,4,1,D,2902766,162,1,A
2024-06-10T05:33:33Z,15.431,89.32,0.2,29.828,1,33.157,1,1,D,2902766,163,1,A
2024-06-19T19:35:38Z,15.886,89.069,0.4,29.58,1,32.944,1,1,D,2902766,164,1,A
2024-06-29T09:30:38Z,16.206,88.775,0.0,29.577,1,32.527,1,1,D,2902766,165,1,A
2024-07-08T23:36:34Z,16.432,88.531,0.1,29.431,1,32.736,1,1,D,2902766,166,1,A
2024-07-18T13:37:13Z,16.597,88.527,0.4,29.072,1,32.642,1,1,D,2902766,167,1,A
2024-07-28T03:34:19Z,16.642,88.818,0.3,28.785,1,32.892,1,1,D,2902766,168,1,A
2024-08-06T17:28:02Z,16.284,89.099,0.3,29.007,1,32.697,1,1,D,2902766,169,1,A
2024-08-16T07:37:53Z,15.732,89.056,0.4,29.851,1,32.907,1,1,D,2902766,170,1,A
2024-08-25T21:40:33Z,15.315,88.861,0.1,29.515,1,32.905,1,1,D,2902766,171,1,A
2024-09-04T11:41:24Z,15.041,88.613,0.2,29.144,1,32.825,1,1,A,2902766,172,1,A
2024-09-14T01:32:49Z,14.854,88.338,0.1,29.074,1,33.083,1,1,A,2902766,173,1,A
2024-09-23T15:36:55Z,14.672,88.169,0.3,29.527,1,32.866,1,1,A,2902766,174,1,A
2024-10-03T05:36:49Z,14.475,88.034,0.1,29.642,1,31.23,1,1,A,2902766,175,1,A
2024-10-12T19:33:56Z,14.581,87.861,10.1,30.279,1,31.202,1,1,A,2902766,176,1,A
2024-10-22T09:40:49Z,14.727,87.761,0.2,30.068,1,30.955,1,1,A,2902766,177,1,A
2024-10-31T23:36:19Z,14.919,87.831,0.1,29.99,1,32.647,1,1,A,2902766,178,1,A
2024-11-10T13:37:48Z,15.234,87.724,0.2,29.742,1,32.427,1,1,A,2902766,179,1,A
2024-11-20T03:37:55Z,15.637,87.449,0.1,29.538,1,32.831,1,1,A,2902766,180,1,A
2024-11-29T17:34:43Z,16.134,87.169,0.1,28.956,1,33.165,1,1,A,2902766,181,1,A
2024-12-09T07:45:17Z,16.49,87.192,0.1,28.737,1,32.707,1,1,A,2902766,182,1,A
2024-12-18T21:31:19Z,16.608,87.345,0.1,28.109,1,32.289,1,1,A,2902766,183,1,A
2024-12-28T11:32:32Z,16.247,87.489,0.2,27.601,1,32.218,1,1,A,2902766,184,1,A
2025-01-07T01:30:27Z,15.805,87.297,0.1,27.745,1,32.239,1,1,A,2902766,185,1,A
2025-01-16T15:21:02Z,15.67,87.064,0.0,27.517,1,32.984,1,1,A,2902766,186,1,A
2025-01-26T05:35:13Z,15.67,86.763,0.1,26.893,1,31.066,1,1,A,2902766,187,1,A
2025-02-04T19:27:04Z,15.643,86.535,0.4,27.4,1,31.931,1,1,A,2902766,188,1,A
2025-02-14T09:39:55Z,15.558,86.431,0.3,28.557,1,31.559,1,1,A,2902766,189,1,A
2025-02-23T23:34:19Z,15.683,86.502,0.4,27.708,1,31.921,1,1,A,2902766,190,1,A
2025-03-05T13:31:30Z,15.861,86.625,0.2,28.686,1,32.167,1,1,A,2902766,191,1,A
2025-03-15T03:36:26Z,15.931,86.839,0.2,28.454,1,32.217,1,1,A,2902766,192,1,A
2025-03-24T17:35:55Z,15.76,87.106,0.2,29.155,1,32.386,1,1,A,2902766,193,1,A
2025-04-03T07:28:55Z,15.388,87.026,0.3,29.718,1,31.623,1,1,A,2902766,194,1,A
2025-04-12T21:39:21Z,14.993,87.026,0.2,29.423,1,32.315,1,1,A,2902766,195,1,A
2025-04-22T11:36:19Z,14.635,87.225,0.3,30.852,4,32.259,4,1,A,2902766,196,1,A
2025-05-02T01:34:47Z,14.516,87.447,0.1,30.776,1,32.135,1,1,A,2902766,197,1,A
2025-05-11T15:37:55Z,14.515,87.565,0.0,31.434,1,32.466,1,1,A,2902766,198,1,A
2025-05-21T05:46:55Z,14.497,87.641,0.4,31.144,1,33.132,1,1,A,2902766,199,1,A
2025-05-30T19:34:52Z,14.296,87.689,0.1,29.811,1,32.829,1,1,A,2902766,200,1,A
2025-06-09T09:45:33Z,14.058,87.775,175.4,17.22,1,34.927,1,1,A,2902766,201,1,A
2025-06-18T23:40:56Z,13.803,88.087,0.0,29.784,1,32.681,1,1,A,2902766,202,1,A
2025-06-28T13:31:33Z,13.968,88.509,0.3,29.461,1,32.415,1,1,A,2902766,203,1,A
2025-07-08T03:39:11Z,14.544,88.588,0.2,28.966,1,33.238,1,1,A,2902766,204,1,A
2025-07-17T17:34:19Z,15.147,88.299,0.3,29.87,1,33.093,1,1,A,2902766,205,1,A
2025-07-27T07:36:16Z,15.551,88.088,0.3,29.171,1,32.95,1,1,A,2902766,206,1,A
2025-08-05T21:36:35Z,15.831,87.925,0.1,30.29,1,32.753,1,1,A,2902766,207,1,A
2025-08-15T11:33:12Z,16.225,87.626,0.0,29.763,4,32.609,4,1,A,2902766,208,1,A
2025-09-03T15:37:21Z,16.926,87.693,15.6,29.563,1,31.493,1,1,A,2902766,210,1,A
2020-02-09T05:36:24Z,15.196,89.133,0.1,26.322,1,31.824,1,1,D,2902768,1,1,A
2020-02-19T05:38:52Z,15.343,88.958,0.2,25.791,1,31.951,1,1,D,2902768,2,1,A
2020-02-29T05:36:33Z,15.618,88.864,0.4,26.862,1,31.976,1,1,D,2902768,3,1,A
2020-03-10T05:34:14Z,15.974,88.923,0.3,27.849,1,31.892,1,1,D,2902768,4,1,A
2020-03-20T05:39:58Z,16.075,89.032,0.3,28.123,1,32.464,1,1,D,2902768,5,1,A
2020-03-30T05:21:33Z,15.92,89.055,0.2,29.04,1,32.273,4,1,D,2902768,6,1,A
2020-04-09T05:30:55Z,15.636,89.094,0.3,29.98,1,32.147,1,1,D,2902768,7,1,A
2020-04-19T05:30:25Z,15.287,89.156,0.3,30.428,1,32.962,1,1,D,2902768,8,1,A
2020-04-29T05:20:51Z,15.008,89.334,0.1,30.453,1,32.956,1,1,D,2902768,9,1,A
2020-05-09T05:44:03Z,15.18,89.478,0.1,31.599,1,33.018,1,1,D,2902768,10,1,A
2020-05-19T05:35:08Z,15.623,89.381,0.3,29.635,1,33.112,1,1,D,2902768,11,1,A
2020-05-29T05:36:26Z,15.954,89.36,0.4,30.279,1,33.302,4,1,D,2902768,12,1,A
2020-06-08T05:39:19Z,16.375,89.409,0.1,30.639,1,32.658,1,1,D,2902768,13,1,A
2020-06-18T05:37:26Z,16.363,89.552,0.1,29.725,1,32.815,4,1,D,2902768,14,1,A
2020-06-28T05:32:30Z,16.101,89.304,0.4,30.018,1,32.8,1,1,D,2902768,15,1,A
2020-07-08T05:35:19Z,15.736,88.79,0.4,29.573,1,32.897,1,1,D,2902768,16,1,A
2020-07-18T05:33:20Z,15.479,88.112,0.4,29.434,1,32.937,1,1,D,2902768,17,1,A
2020-07-28T05:26:28Z,15.398,87.486,0.2,30.096,1,32.696,1,1,D,2902768,18,1,A
2020-08-07T05:44:35Z,15.342,87.07,0.3,29.427,1,33.04,1,1,D,2902768,19,1,A
2020-08-17T05:31:43Z,15.327,86.616,0.3,28.933,1,32.894,1,1,D,2902768,20,1,A
2020-08-27T05:23:59Z,15.269,86.067,0.3,28.837,1,32.908,1,1,D,2902768,21,1,A
2020-09-06T05:34:25Z,15.441,85.538,0.2,30.609,1,32.908,1,1,D,2902768,22,1,A
2020-09-16T05:42:53Z,15.401,85.353,0.1,29.772,1,33.207,1,1,D,2902768,23,1,A
2020-09-26T05:36:26Z,15.143,85.34,0.2,29.319,1,32.996,1,1,D,2902768,24,1,A
2020-10-06T05:27:25Z,14.938,85.321,10.1,29.239,1,30.708,1,1,D,2902768,25,1,A
2020-10-16T05:34:55Z,14.85,85.356,0.2,29.223,1,32.458,1,1,D,2902768,26,1,A
2020-10-26T05:28:28Z,14.646,85.483,0.3,29.868,1,32.161,1,1,D,2902768,27,1,A
2020-11-05T05:18:02Z,14.72,85.742,0.1,30.449,1,32.676,1,1,D,2902768,28,1,A
2020-11-15T05:33:33Z,14.832,86.15,0.0,29.056,1,33.523,1,1,D,2902768,29,1,A
2020-11-25T05:29:05Z,14.97,86.514,0.2,28.756,1,33.497,1,1,D,2902768,30,1,A
2020-12-05T05:27:28Z,15.052,86.713,0.1,28.412,1,33.418,1,1,D,2902768,31,1,A
2020-12-15T05:28:55Z,15.025,86.742,0.0,28.022,1,33.609,4,1,D,2902768,32,1,A
2020-12-25T05:33:09Z,14.933,86.663,0.2,27.559,1,33.198,1,1,D,2902768,33,1,A
2021-01-04T05:30:19Z,14.726,86.631,0.2,27.499,1,33.268,1,1,D,2902768,34,1,A
2021-01-14T05:29:26Z,14.632,86.581,0.2,27.759,1,33.133,1,1,D,2902768,35,1,A
2021-01-24T05:25:13Z,14.487,86.712,0.2,27.567,1,33.204,1,1,D,2902768,36,1,A
2021-02-03T05:31:49Z,14.409,86.906,0.3,26.961,1,33.463,1,1,D,2902768,37,1,A
2021-02-13T05:41:34Z,14.343,87.075,0.2,26.726,1,33.496,1,1,D,2902768,38,1,A
2021-02-23T05:26:02Z,14.357,87.161,0.1,27.27,1,33.721,1,1,D,2902768,39,1,A
2021-03-05T05:44:15Z,14.423,87.251,0.2,28.44,1,33.14,1,1,D,2902768,40,1,A
2021-03-15T05:38:19Z,14.359,87.325,0.4,28.309,1,31.223,1,1,D,2902768,41,1,A
2021-03-25T05:28:19Z,14.314,87.277,0.1,29.064,1,30.98,1,1,D,2902768,42,1,A
2021-04-04T05:29:26Z,14.237,87.233,0.1,29.534,1,33.471,4,1,D,2902768,43,1,A
2021-04-14T05:38:31Z,14.257,87.256,0.3,30.89,1,31.603,1,1,D,2902768,44,1,A
2021-04-24T05:36:22Z,14.236,87.302,0.3,30.943,1,31.808,1,1,D,2902768,45,1,A
2021-05-04T05:40:25Z,14.355,87.318,0.2,32.062,1,31.833,1,1,D,2902768,46,1,A
2021-05-14T05:33:56Z,14.312,87.363,0.2,31.758,1,32.26,1,1,D,2902768,47,1,A
2021-05-24T05:33:23Z,14.272,87.407,0.0,30.016,1,33.703,4,1,D,2902768,48,1,A
2021-06-03T05:34:19Z,14.31,87.413,0.1,30.636,1,32.133,1,1,D,2902768,49,1,A
2021-06-13T05:35:55Z,14.415,87.423,0.4,29.476,1,32.796,1,1,D,2902768,50,1,A
2021-06-23T05:42:29Z,14.464,87.505,0.3,29.464,1,33.25,1,1,D,2902768,51,1,A
2021-07-03T05:39:49Z,14.523,87.606,0.3,29.734,1,32.979,1,1,D,2902768,52,1,A
2021-07-13T05:39:41Z,14.846,87.422,0.2,29.525,1,33.422,1,1,D,2902768,53,1,A
2021-07-23T05:41:55Z,15.152,87.281,0.3,28.933,1,33.418,1,1,D,2902768,54,1,A
2021-08-02T05:33:30Z,15.364,87.27,0.1,28.959,1,33.719,1,1,D,2902768,55,1,A
2021-08-12T05:34:31Z,15.449,87.343,0.4,29.849,1,33.71,1,1,D,2902768,56,1,A
2021-08-22T05:27:27Z,15.261,87.329,0.2,29.818,1,33.392,1,1,D,2902768,57,1,A
2021-09-01T05:33:25Z,15.112,87.215,0.1,29.699,1,33.117,1,1,D,2902768,58,1,A
2021-09-11T05:27:49Z,15.198,87.117,0.1,28.999,1,32.948,1,1,D,2902768,59,1,A
2021-09-21T05:29:25Z,15.261,87.171,0.2,29.357,1,33.229,1,1,D,2902768,60,1,A
2021-10-01T05:38:43Z,15.356,87.29,0.3,29.469,1,33.085,1,1,D,2902768,61,1,A
2021-10-11T05:35:49Z,15.331,87.401,0.3,30.277,1,31.893,1,1,D,2902768,62,1,A
2021-10-21T05:37:55Z,15.148,87.674,0.4,29.737,1,32.274,1,1,D,2902768,63,1,A
2021-10-31T05:36:26Z,14.928,88.032,0.2,29.879,1,32.226,1,1,D,2902768,64,1,A
2021-11-10T05:36:58Z,14.761,88.271,0.2,29.172,1,32.932,4,1,D,2902768,65,1,A
2021-11-20T05:29:30Z,14.559,88.4,0.3,29.205,1,32.835,1,1,D,2902768,66,1,A
2021-11-30T05:33:50Z,14.254,88.488,0.4,29.434,1,32.493,1,1,D,2902768,67,1,A
2021-12-10T05:33:55Z,14.144,88.645,0.2,28.867,1,32.976,1,1,D,2902768,68,1,A
2021-12-20T05:24:56Z,14.453,88.778,0.3,28.43,1,33.344,1,1,D,2902768,69,1,A
2021-12-30T05:34:01Z,14.868,88.823,0.2,28.064,1,33.315,1,1,D,2902768,70,1,A
2022-01-09T05:32:55Z,15.071,89.041,0.2,28.012,1,32.691,1,1,D,2902768,71,1,A
2022-01-19T05:36:03Z,15.023,89.386,0.2,27.844,1,33.3,1,1,D,2902768,72,1,A
2022-01-29T05:38:19Z,14.702,89.547,0.1,27.241,1,33.187,1,1,D,2902768,73,1,A
2022-02-08T05:41:49Z,14.365,89.379,0.2,27.104,1,31.432,1,1,D,2902768,74,1,A
2022-02-18T05:32:30Z,14.109,89.116,0.4,27.046,1,31.638,1,1,D,2902768,75,1,A
2022-02-28T05:33:27Z,13.946,88.846,0.2,26.925,1,31.979,1,1,D,2902768,76,1,A
2022-03-10T05:42:13Z,13.858,88.635,0.4,27.238,1,32.388,1,1,D,2902768,77,1,A
2022-03-20T05:31:49Z,13.893,88.54,0.3,28.521,1,32.691,1,1,D,2902768,78,1,A
2022-03-30T05:36:42Z,14.107,88.493,0.3,29.86,1,32.695,1,1,D,2902768,79,1,A
2022-04-08T19:26:32Z,14.595,88.419,0.2,30.457,1,33.067,1,1,D,2902768,80,1,A
2022-04-18T21:44:55Z,14.92,88.584,0.3,30.641,1,32.993,1,1,D,2902768,81,1,A
2022-04-28T23:38:25Z,15.021,88.882,0.3,30.932,1,32.818,1,1,D,2902768,82,1,A
2022-05-09T01:39:30Z,15.088,89.31,0.1,29.808,1,32.788,4,1,D,2902768,83,1,A
2022-05-19T03:32:26Z,15.084,89.585,0.3,30.227,1,32.605,1,1,D,2902768,84,1,A
2022-05-29T05:32:26Z,15.304,89.643,0.3,29.729,1,32.757,1,1,D,2902768,85,1,A
2022-06-08T07:37:02Z,15.611,89.603,0.1,29.659,1,32.694,1,1,D,2902768,86,1,A
2022-06-18T09:34:09Z,15.872,89.479,0.0,29.952,1,32.606,1,1,D,2902768,87,1,A
2022-06-28T11:30:02Z,16.042,89.327,0.1,29.844,1,33.231,1,1,D,2902768,88,1,A
2022-07-08T13:32:10Z,16.066,89.097,0.2,29.527,1,33.144,1,1,D,2902768,89,1,A
2022-07-18T15:35:59Z,16.057,88.808,0.1,28.482,1,33.014,1,1,D,2902768,90,1,A
2022-07-28T17:31:55Z,16.047,88.528,0.1,30.638,1,32.669,1,1,D,2902768,91,1,A
2022-08-07T19:38:58Z,16.055,88.26,0.3,29.129,1,32.986,1,1,D,2902768,92,1,A
2022-08-17T21:31:05Z,15.851,88.085,0.3,28.818,1,33.004,1,1,D,2902768,93,1,A
2022-08-27T23:31:51Z,15.577,87.739,0.2,29.483,1,32.809,1,1,D,2902768,94,1,A
2022-09-07T01:36:25Z,15.393,87.222,0.2,30.173,1,32.769,1,1,D,2902768,95,1,A
2022-09-17T03:40:21Z,15.265,86.743,0.4,29.288,1,32.548,1,1,D,2902768,96,1,A
2022-09-27T05:35:55Z,15.172,86.305,0.1,29.398,1,31.339,1,1,D,2902768,97,1,A
2022-10-07T07:39:44Z,15.019,85.957,9.1,29.14,1,31.295,1,1,D,2902768,98,1,A
2022-10-17T09:42:48Z,14.794,85.591,0.1,29.655,1,32.728,1,1,D,2902768,99,1,A
2022-10-27T11:32:27Z,14.532,85.31,0.1,29.455,1,32.653,1,1,D,2902768,100,1,A
2022-11-06T13:32:39Z,14.247,85.179,0.1,29.28,1,32.539,1,1,D,2902768,101,1,A
2022-11-16T15:26:28Z,14.194,85.157,0.2,28.663,1,31.978,1,1,D,2902768,102,1,A
2022-11-26T17:31:33Z,14.386,85.052,0.1,28.378,1,33.226,1,1,D,2902768,103,1,A
2022-12-06T19:34:27Z,14.443,84.977,0.2,28.444,1,33.247,1,1,D,2902768,104,1,A
2022-12-16T21:39:25Z,14.643,84.931,0.2,28.429,1,32.951,1,1,D,2902768,105,1,A
2022-12-26T23:25:10Z,14.617,84.943,0.3,27.985,1,33.107,1,1,D,2902768,106,1,A
2023-01-06T01:40:27Z,14.443,84.833,0.4,27.753,1,33.076,1,1,D,2902768,107,1,A
2023-01-16T03:30:01Z,14.233,84.489,0.1,27.131,1,33.561,1,1,D,2902768,108,1,A
2023-01-26T05:33:19Z,13.932,84.041,0.4,26.927,1,32.724,1,1,D,2902768,109,1,A
2023-02-05T07:33:02Z,13.699,83.578,0.4,27.121,1,32.436,1,1,D,2902768,110,1,A
2023-02-15T09:24:27Z,13.723,83.296,0.1,28.897,1,31.908,1,1,D,2902768,111,1,A
2023-02-25T11:36:30Z,13.718,83.212,0.2,28.24,1,32.806,1,1,D,2902768,112,1,A
2023-03-07T13:36:20Z,13.658,83.32,0.2,28.099,1,33.649,4,1,D,2902768,113,1,A
2023-03-17T15:32:13Z,13.58,83.527,0.1,28.338,1,33.798,1,1,D,2902768,114,1,A
2023-03-27T17:44:01Z,13.57,83.849,0.2,29.289,1,33.599,1,1,D,2902768,115,1,A
2023-04-06T19:32:20Z,13.456,84.028,0.2,29.761,1,33.92,1,1,D,2902768,116,1,A
2023-04-16T21:26:30Z,13.404,84.042,0.1,29.86,1,32.173,1,1,D,2902768,117,1,A
2023-04-26T23:26:26Z,13.412,83.999,0.0,30.429,1,32.435,1,1,D,2902768,118,1,A
2023-05-07T01:30:52Z,13.524,83.796,0.2,30.752,1,32.143,1,1,D,2902768,119,1,A
2023-05-17T03:36:25Z,13.874,83.701,0.3,30.104,1,32.437,1,1,D,2902768,120,1,A
2023-05-27T05:34:23Z,14.029,84.02,0.3,30.765,1,32.59,1,1,D,2902768,121,1,A
2023-06-06T07:45:55Z,13.857,84.295,0.1,30.874,1,32.498,1,1,D,2902768,122,1,A
2023-06-16T09:36:00Z,13.899,84.572,0.1,30.402,1,33.49,1,1,D,2902768,123,1,A
2023-06-26T11:42:03Z,13.728,84.841,0.2,29.941,1,33.536,1,1,D,2902768,124,1,A
2023-07-06T13:35:31Z,13.746,85.06,0.0,29.531,1,33.622,1,1,D,2902768,125,1,A
2023-07-16T15:36:44Z,14.074,85.125,0.4,29.214,1,33.692,1,1,D,2902768,126,1,A
2023-07-26T17:36:10Z,14.111,85.175,0.0,28.492,1,33.388,1,1,D,2902768,127,1,A
2023-08-05T19:28:34Z,14.358,85.289,0.2,28.804,1,33.411,1,1,D,2902768,128,1,A
2023-08-15T21:36:02Z,14.352,85.126,0.1,29.424,1,33.309,1,1,D,2902768,129,1,A
2023-08-25T23:32:34Z,14.022,84.895,0.4,29.357,1,33.19,1,1,D,2902768,130,1,A
2023-09-05T01:33:26Z,13.488,84.658,0.1,29.444,1,33.251,1,1,D,2902768,131,1,A
2023-09-15T03:32:49Z,13.056,84.552,0.4,29.113,1,33.238,1,1,D,2902768,132,1,A
2023-09-25T05:40:36Z,12.89,84.666,0.0,29.274,1,33.388,1,1,D,2902768,133,1,A
2023-10-05T07:24:16Z,12.625,85.105,0.0,29.115,1,33.617,1,1,D,2902768,134,1,A
2023-10-15T09:35:02Z,12.286,85.78,0.4,30.205,1,33.186,1,1,D,2902768,135,1,A
2023-10-25T11:26:03Z,12.063,86.173,0.4,30.155,1,33.142,1,1,D,2902768,136,1,A
2023-11-04T13:34:02Z,11.734,86.168,0.2,29.408,1,33.753,1,1,D,2902768,137,1,A
2023-11-14T15:37:51Z,11.714,85.973,0.2,29.498,1,33.591,1,1,D,2902768,138,1,A
2023-11-24T17:36:43Z,11.724,85.858,0.2,29.647,1,33.36,1,1,D,2902768,139,1,A
2023-12-04T19:28:56Z,11.869,85.847,0.1,28.713,1,33.617,1,1,D,2902768,140,1,A
2023-12-14T21:32:35Z,12.081,85.766,0.2,28.398,1,33.059,1,1,D,2902768,141,1,A
2023-12-24T23:37:35Z,12.387,85.413,0.4,28.501,1,32.788,1,1,D,2902768,142,1,A
2024-01-04T01:38:20Z,12.646,84.757,0.0,28.326,1,33.094,1,1,D,2902768,143,1,A
2024-01-14T03:33:26Z,12.789,84.078,0.1,27.704,1,33.534,1,1,D,2902768,144,1,A
2024-01-24T05:30:04Z,12.841,83.395,0.4,27.796,1,33.046,1,1,D,2902768,145,1,A
2024-02-03T07:38:25Z,12.85,82.831,0.2,27.672,1,33.148,1,1,D,2902768,146,1,A
2024-02-13T09:31:28Z,12.93,82.36,0.4,28.053,1,33.337,1,1,D,2902768,147,1,A
2024-02-23T11:28:55Z,12.96,82.045,0.0,28.382,1,33.376,1,1,D,2902768,148,1,A
2024-03-04T13:45:40Z,12.88,81.901,0.1,28.488,1,33.13,1,1,D,2902768,149,1,A
2024-03-14T15:37:30Z,12.75,81.751,0.4,28.789,1,33.064,1,1,D,2902768,150,1,A
2024-03-24T17:27:43Z,12.589,81.416,0.1,29.288,1,32.863,1,1,D,2902768,151,1,A
2024-04-03T19:35:02Z,12.117,81.018,0.3,29.969,1,33.056,1,1,D,2902768,152,1,A
2024-04-13T21:30:50Z,11.595,80.812,0.3,30.367,1,33.022,1,1,D,2902768,153,1,A
2024-04-23T23:28:27Z,11.043,80.92,0.1,30.768,1,33.12,1,1,D,2902768,154,1,A
2024-05-04T01:33:25Z,10.749,81.528,0.3,31.2,1,33.155,1,1,D,2902768,155,1,A
2024-05-14T03:35:49Z,11.22,81.798,0.1,31.711,1,33.188,1,1,D,2902768,156,1,A
2024-05-24T05:34:23Z,11.886,81.285,0.3,31.074,1,33.062,1,1,D,2902768,157,1,A
2024-06-03T07:30:25Z,12.164,81.264,0.2,31.166,1,33.183,1,1,D,2902768,158,1,A
2024-06-13T09:33:55Z,12.75,81.666,0.1,30.46,1,33.218,1,1,D,2902768,159,1,A
2024-06-23T11:37:50Z,13.651,81.757,0.1,30.332,1,33.246,1,1,D,2902768,160,1,A
2024-07-03T13:37:44Z,14.018,81.983,0.4,30.007,1,33.196,1,1,D,2902768,161,1,A
2024-07-13T15:28:27Z,13.898,82.313,0.3,29.411,1,33.421,1,1,D,2902768,162,1,A
2024-07-23T17:26:37Z,13.586,82.425,0.1,29.387,1,33.319,1,1,D,2902768,163,1,A
2024-08-02T19:30:20Z,13.367,82.43,0.1,29.558,1,33.158,1,1,D,2902768,164,1,A
2024-08-12T21:36:31Z,13.199,82.773,0.2,30.185,1,33.273,1,1,D,2902768,165,1,A
2024-08-22T23:32:36Z,13.168,83.146,0.3,29.75,1,33.263,1,1,D,2902768,166,1,A
2024-09-02T01:28:26Z,13.687,83.225,0.2,29.419,1,33.243,1,1,D,2902768,167,1,A
2024-09-12T03:22:04Z,14.087,83.783,0.3,29.141,1,33.177,1,1,D,2902768,168,1,A
2024-09-22T05:28:50Z,13.474,84.435,0.1,29.288,1,33.107,1,1,D,2902768,169,1,A
2024-10-02T07:28:49Z,12.486,84.514,0.4,29.665,1,33.171,1,1,D,2902768,170,1,A
2024-10-12T09:32:49Z,11.549,84.207,0.1,31.56,1,32.783,1,1,D,2902768,171,1,A
2024-10-22T11:41:55Z,11.216,83.924,0.1,30.188,1,32.842,1,1,D,2902768,172,1,A
2024-11-01T13:40:33Z,11.305,83.737,0.3,30.398,1,32.702,1,1,D,2902768,173,1,A
2024-11-11T15:21:02Z,11.625,83.856,0.1,29.936,1,33.052,1,1,D,2902768,174,1,A
2024-11-21T17:27:55Z,12.68,83.902,0.2,29.066,1,34.773,1,1,D,2902768,175,1,A
2024-12-01T19:34:02Z,13.496,83.548,0.2,28.411,1,33.345,1,1,D,2902768,176,1,A
2024-12-11T21:37:55Z,14.048,83.228,0.4,28.308,1,33.197,1,1,D,2902768,177,1,A
2024-12-21T23:36:02Z,14.36,83.112,0.3,27.971,1,33.386,1,1,D,2902768,178,1,A
2025-01-01T01:28:34Z,14.518,83.161,0.0,28.041,1,33.445,1,1,D,2902768,179,1,A
2025-01-11T03:30:29Z,14.229,83.201,0.4,27.443,1,33.56,1,1,D,2902768,180,1,A
2025-01-21T05:41:55Z,13.687,83.122,0.4,27.597,1,33.801,1,1,D,2902768,181,1,A
2025-01-31T07:18:25Z,13.348,83.229,0.3,28.028,1,33.645,1,1,D,2902768,182,1,A
2025-02-10T09:28:26Z,13.328,83.475,0.2,28.61,1,33.563,4,1,D,2902768,183,1,A
2025-02-20T11:35:59Z,13.331,83.602,0.2,28.649,1,33.668,1,1,D,2902768,184,1,A
2025-03-02T13:24:58Z,13.272,83.812,0.4,29.239,1,33.67,1,1,D,2902768,185,1,A
2025-03-12T15:27:14Z,13.007,84.032,0.4,29.177,1,32.794,4,1,D,2902768,186,1,A
2025-03-22T17:27:19Z,12.939,84.205,0.4,29.386,1,33.652,1,1,D,2902768,187,1,A
2025-04-01T19:37:25Z,13.258,84.303,0.2,29.698,1,33.642,1,1,D,2902768,188,1,A
2025-04-11T21:32:37Z,13.638,84.547,0.4,29.913,1,33.59,1,1,D,2902768,189,1,A
2025-04-21T23:31:22Z,13.541,84.594,0.0,30.763,1,33.269,1,1,D,2902768,190,1,A
2025-05-02T01:26:03Z,13.36,84.384,0.4,30.927,1,33.264,1,1,D,2902768,191,1,A
2025-05-12T03:43:55Z,13.397,84.161,0.2,30.823,1,32.491,1,1,D,2902768,192,1,A
2025-05-22T05:27:34Z,13.465,83.841,0.0,30.946,1,32.766,1,1,D,2902768,193,1,A
2025-06-01T07:32:46Z,13.479,83.521,0.2,30.096,1,33.515,1,1,D,2902768,194,1,A
2025-06-11T09:34:01Z,13.452,83.278,0.0,30.606,1,33.382,1,1,A,2902768,195,1,A
2025-06-21T11:36:03Z,13.429,82.93,0.2,30.007,1,33.022,1,1,A,2902768,196,1,A
2025-07-01T13:28:33Z,13.534,82.549,0.4,29.675,1,33.574,1,1,A,2902768,197,1,A
2025-07-11T15:36:02Z,13.578,82.204,0.2,30.093,1,33.85,1,1,A,2902768,198,1,A
2025-07-21T17:29:55Z,13.607,81.919,0.4,29.624,1,33.529,1,1,A,2902768,199,1,A
2025-07-31T19:30:21Z,13.638,81.754,0.3,29.391,1,33.639,1,1,A,2902768,200,1,A
2025-08-10T21:27:49Z,13.7,81.612,0.2,29.739,1,33.651,1,1,A,2902768,201,1,A
2025-08-20T23:29:10Z,13.826,81.282,0.2,29.104,1,33.242,1,1,A,2902768,202,1,A
2025-08-31T01:21:55Z,13.85,81.047,0.2,29.188,1,32.892,1,1,A,2902768,203,1,A
2025-09-10T03:35:55Z,14.006,81.002,0.2,30.003,1,31.213,1,1,A,2902768,204,1,A
2020-02-08T05:29:22Z,13.96,87.932,0.3,27.803,1,32.749,1,1,D,2902769,1,1,A
2020-02-18T05:33:15Z,13.733,87.78,0.2,27.587,1,32.749,1,1,D,2902769,2,1,A
2020-02-28T05:40:54Z,13.525,87.596,0.1,27.231,1,32.654,1,1,D,2902769,3,1,A
2020-03-09T05:33:04Z,13.299,87.433,0.1,27.968,1,32.62,1,1,D,2902769,4,1,A
2020-03-19T05:35:19Z,13.144,87.343,0.1,28.989,1,32.621,1,1,D,2902769,5,1,A
2020-03-29T05:23:49Z,13.128,87.337,0.3,29.419,1,31.913,1,1,D,2902769,6,1,A
2020-04-08T05:34:43Z,13.221,87.339,0.3,30.442,1,32.075,1,1,D,2902769,7,1,A
2020-04-18T05:22:55Z,13.343,87.359,0.3,31.441,1,31.901,1,1,D,2902769,8,1,A
2020-04-28T05:36:55Z,13.525,87.284,0.4,30.944,1,32.584,1,1,D,2902769,9,1,A
2020-05-08T05:30:32Z,13.749,87.148,0.2,32.242,1,32.286,1,1,D,2902769,10,1,A
2020-05-18T05:35:25Z,13.857,87.144,0.1,29.066,1,33.127,1,1,D,2902769,11,1,A
2020-05-28T05:27:30Z,13.997,87.237,0.2,29.758,1,33.184,1,1,D,2902769,12,1,A
2020-06-07T05:26:43Z,13.848,87.474,0.2,30.01,1,33.145,1,1,D,2902769,13,1,A
2020-06-17T05:31:34Z,13.774,87.564,0.3,29.649,1,33.172,1,1,D,2902769,14,1,A
2020-06-27T05:26:47Z,13.536,87.56,0.2,29.958,1,32.866,1,1,D,2902769,15,1,A
2020-07-07T05:37:15Z,13.299,87.454,0.2,29.475,1,32.891,1,1,D,2902769,16,1,A
2020-07-17T05:25:55Z,13.008,87.418,0.1,29.226,1,32.894,1,1,D,2902769,17,1,A
2020-07-27T05:30:25Z,12.792,87.532,0.2,29.944,1,32.632,1,1,D,2902769,18,1,A
2020-08-06T05:34:15Z,12.527,87.783,0.4,29.201,1,33.12,1,1,D,2902769,19,1,A
2020-08-16T05:35:23Z,12.242,87.932,0.1,29.137,1,33.182,1,1,D,2902769,20,1,A
2020-08-26T05:28:03Z,12.049,87.915,0.3,29.222,1,33.066,1,1,D,2902769,21,1,A
2020-09-05T05:35:54Z,12.088,87.629,0.1,30.436,1,32.892,1,1,D,2902769,22,1,A
2020-09-15T05:24:24Z,12.147,87.257,0.4,29.313,1,33.081,1,1,D,2902769,23,1,A
2020-09-25T05:17:55Z,12.109,86.973,0.4,28.822,1,32.97,1,1,D,2902769,24,1,A
2020-10-05T05:25:27Z,12.098,86.824,0.4,28.737,1,32.952,1,1,D,2902769,25,1,A
2020-10-15T05:43:49Z,12.282,86.629,0.1,28.851,1,33.345,1,1,D,2902769,26,1,A
2020-10-25T05:34:50Z,12.539,86.471,0.0,28.898,1,33.21,1,1,D,2902769,27,1,A
2020-11-04T05:22:32Z,12.842,86.305,0.1,29.764,1,33.411,1,1,D,2902769,28,1,A
2020-11-14T05:32:50Z,13.02,86.15,0.3,29.166,1,33.41,1,1,D,2902769,29,1,A
2020-11-24T05:33:24Z,12.973,85.924,0.1,28.823,1,33.328,1,1,D,2902769,30,1,A
2020-12-04T05:33:52Z,12.804,85.701,0.0,28.596,1,33.28,1,1,D,2902769,31,1,A
2020-12-14T05:37:00Z,12.375,85.439,0.1,28.158,1,33.018,1,1,D,2902769,32,1,A
2020-12-24T05:21:27Z,12.254,85.126,0.3,28.126,1,33.534,1,1,D,2902769,33,1,A
2021-01-03T05:31:32Z,12.483,84.898,0.1,27.925,1,33.765,1,1,D,2902769,34,1,A
2021-01-13T05:34:51Z,12.848,85.153,0.0,28.033,1,33.728,1,1,D,2902769,35,1,A
2021-01-23T05:30:34Z,12.882,85.608,0.2,28.143,1,33.872,1,1,D,2902769,36,1,A
2021-02-02T05:15:50Z,12.483,85.955,0.1,27.605,1,33.783,1,1,D,2902769,37,1,A
2021-02-12T05:25:58Z,12.023,86.179,0.0,27.331,1,33.781,1,1,D,2902769,38,1,A
2021-02-22T05:20:43Z,11.706,86.181,0.0,27.4,1,33.368,1,1,D,2902769,39,1,A
2021-03-04T05:25:03Z,11.477,86.028,0.1,27.865,1,33.736,1,1,D,2902769,40,1,A
2021-03-14T05:25:18Z,11.436,85.771,0.0,28.523,1,33.215,1,1,D,2902769,41,1,A
2021-03-24T05:26:25Z,11.31,85.491,0.2,29.321,1,33.268,1,1,D,2902769,42,1,A
2021-04-03T05:30:28Z,11.182,85.145,0.3,29.606,1,33.691,1,1,D,2902769,43,1,A
2021-04-13T05:24:55Z,11.007,84.827,0.1,30.39,1,33.222,1,1,D,2902769,44,1,A
2021-04-23T05:29:20Z,10.83,84.48,0.1,31.429,1,33.189,1,1,D,2902769,45,1,A
2021-05-03T05:25:08Z,10.773,84.179,0.2,31.195,1,33.531,1,1,D,2902769,46,1,A
2021-05-13T05:28:28Z,10.941,83.882,0.1,31.2,1,33.64,1,1,D,2902769,47,1,A
2021-05-23T05:31:14Z,11.341,83.605,0.3,30.509,1,33.028,1,1,D,2902769,48,1,A
2021-06-02T05:26:30Z,11.351,83.581,0.3,30.407,1,33.165,1,1,D,2902769,49,1,A
2021-06-12T05:37:34Z,11.243,83.519,0.2,30.244,1,33.184,1,1,D,2902769,50,1,A
2021-06-22T05:31:52Z,11.2,83.864,0.2,29.862,1,33.51,1,1,D,2902769,51,1,A
2021-07-02T05:22:59Z,11.334,84.153,0.0,29.719,1,33.594,1,1,D,2902769,52,1,A
2021-07-12T05:29:26Z,11.965,84.211,0.1,29.658,1,33.596,1,1,D,2902769,53,1,A
2021-07-22T05:20:25Z,12.332,84.373,0.3,29.264,1,33.59,1,1,D,2902769,54,1,A
2021-08-01T05:26:14Z,12.514,84.575,0.1,29.31,1,33.613,1,1,D,2902769,55,1,A
2021-08-11T05:22:34Z,12.456,84.772,0.1,29.578,1,33.064,1,1,D,2902769,56,1,A
2021-08-21T05:39:28Z,11.904,84.838,0.0,29.177,1,32.874,1,1,D,2902769,57,1,A
2021-08-31T05:28:28Z,11.47,84.662,0.1,29.093,1,33.183,1,1,D,2902769,58,1,A
2021-09-10T05:35:55Z,11.457,84.628,0.1,28.983,1,33.336,1,1,D,2902769,59,1,A
2021-09-20T05:19:32Z,11.467,84.898,0.0,29.374,1,33.427,1,1,D,2902769,60,1,A
2021-09-30T05:20:58Z,11.566,85.142,0.3,30.208,1,31.8,1,1,D,2902769,61,1,A
2021-10-10T05:29:55Z,11.714,85.158,0.1,29.114,1,32.922,1,1,D,2902769,62,1,A
2021-10-20T05:27:55Z,11.878,85.016,0.3,29.604,1,32.047,1,1,D,2902769,63,1,A
2021-10-30T05:33:28Z,12.217,84.598,0.1,29.647,1,31.419,1,1,D,2902769,64,1,A
2021-11-09T05:29:26Z,12.745,84.167,0.1,29.199,1,31.33,1,1,D,2902769,65,1,A
2021-11-19T05:31:57Z,13.117,83.924,0.2,29.248,1,32.807,1,1,D,2902769,66,1,A
2021-11-29T05:32:15Z,13.182,83.844,0.4,28.689,1,33.263,1,1,D,2902769,67,1,A
2021-12-09T05:28:03Z,13.372,83.922,0.2,28.995,1,33.334,1,1,D,2902769,68,1,A
2021-12-19T05:31:56Z,13.269,84.115,0.4,28.208,1,33.649,1,1,D,2902769,69,1,A
2021-12-29T05:30:28Z,12.73,83.845,0.1,27.715,1,33.808,1,1,D,2902769,70,1,A
2022-01-08T05:27:48Z,12.25,83.124,0.0,27.691,1,33.781,1,1,D,2902769,71,1,A
2022-01-18T05:21:14Z,11.896,82.244,0.1,27.865,1,33.228,1,1,D,2902769,72,1,A
2022-01-28T05:32:03Z,11.723,81.443,0.1,27.476,1,31.258,1,1,D,2902769,73,1,A
2022-02-07T05:21:32Z,11.595,80.996,0.1,27.843,1,32.782,1,1,D,2902769,74,1,A
2022-02-17T05:29:33Z,11.114,80.875,0.0,27.9,1,33.13,4,1,D,2902769,75,1,A
2022-02-27T05:22:25Z,10.24,81.051,0.4,28.102,1,33.183,1,1,D,2902769,76,1,A
2022-03-09T05:30:33Z,8.767,81.654,0.1,28.272,1,33.408,1,1,D,2902769,77,1,A
2022-03-19T05:28:09Z,7.602,82.276,0.1,29.07,1,32.95,1,1,D,2902769,78,1,A
2022-03-29T05:19:49Z,5.806,82.105,0.2,29.749,1,32.966,1,1,D,2902769,79,1,A
2022-04-07T19:32:29Z,6.104,82.241,0.4,30.69,1,33.41,1,1,D,2902769,80,1,A
2022-04-17T09:32:02Z,5.744,82.834,0.1,30.455,1,33.829,4,1,D,2902769,81,1,A
2022-04-26T23:35:25Z,6.032,83.08,0.0,30.051,1,33.563,1,1,D,2902769,82,1,A
2022-05-06T13:19:55Z,5.424,82.129,0.2,29.873,1,33.875,1,1,D,2902769,83,1,A
2022-05-16T03:26:01Z,5.195,82.211,0.9,29.225,1,34.325,1,1,D,2902769,84,1,A
2022-05-25T17:33:00Z,5.012,82.135,0.2,29.235,1,33.917,1,1,D,2902769,85,1,A
2022-06-04T07:36:30Z,5.232,82.461,0.0,28.403,1,33.855,1,1,D,2902769,86,1,A
2022-06-13T21:08:43Z,5.472,83.448,0.2,29.286,1,34.446,1,1,D,2902769,87,1,A
2022-07-31T19:21:07Z,5.139,83.824,0.1,28.513,1,33.974,1,1,D,2902769,92,1,A
2022-08-10T09:12:27Z,5.46,83.832,0.2,28.023,1,33.962,1,1,D,2902769,93,1,A
2022-08-19T23:28:21Z,5.569,83.687,0.1,28.138,1,34.366,1,1,D,2902769,94,1,A
2022-08-29T13:32:01Z,5.857,83.579,0.3,28.381,1,34.143,1,1,D,2902769,95,1,A
2022-09-08T03:22:51Z,6.442,83.637,0.4,27.688,1,34.114,1,1,D,2902769,96,1,A
2022-09-17T17:13:17Z,6.717,84.202,0.3,28.113,1,34.564,1,1,D,2902769,97,1,A
2022-09-27T07:24:51Z,6.434,84.745,0.2,28.475,1,34.806,1,1,D,2902769,98,1,A
2022-10-06T21:02:04Z,5.962,84.685,0.0,27.778,1,34.346,1,1,D,2902769,99,1,A
2022-10-16T11:07:03Z,5.521,84.558,0.2,28.084,1,34.34,1,1,D,2902769,100,1,A
2022-10-26T01:27:03Z,5.444,84.876,0.2,28.248,1,33.933,1,1,D,2902769,101,1,A
2022-11-04T15:16:25Z,5.827,85.201,0.1,28.557,1,33.873,1,1,D,2902769,102,1,A
2022-11-14T05:33:35Z,6.162,85.282,0.3,28.606,1,34.058,1,1,D,2902769,103,1,A
2022-11-23T19:29:54Z,6.267,85.49,0.2,28.378,1,34.506,1,1,D,2902769,104,1,A
2022-12-03T09:32:34Z,6.281,85.761,0.1,29.527,1,33.616,1,1,D,2902769,105,1,A
2022-12-12T23:27:31Z,6.441,85.939,0.2,27.842,1,33.872,1,1,D,2902769,106,1,A
2022-12-22T13:33:21Z,6.143,85.94,0.4,28.096,1,34.606,1,1,D,2902769,107,1,A
2023-01-01T03:23:36Z,5.806,85.954,0.3,28.241,1,33.913,1,1,D,2902769,108,1,A
2023-01-10T17:28:25Z,5.925,86.19,0.4,28.392,1,34.159,1,1,D,2902769,109,1,A
2023-01-20T07:31:26Z,6.48,86.381,0.4,28.247,1,34.037,1,1,D,2902769,110,1,A
2023-01-29T21:24:57Z,6.865,86.398,0.4,27.827,1,33.968,1,1,D,2902769,111,1,A
2023-02-08T11:30:28Z,6.998,86.231,0.0,28.35,1,34.009,1,1,D,2902769,112,1,A
2023-02-18T01:24:26Z,6.98,86.045,0.2,28.158,1,34.116,1,1,D,2902769,113,1,A
2023-02-27T15:28:01Z,6.875,85.863,0.1,28.336,1,33.605,1,1,D,2902769,114,1,A
2023-03-09T05:27:51Z,6.738,85.618,0.2,28.682,1,33.614,1,1,D,2902769,115,1,A
2023-03-18T19:23:14Z,6.581,85.382,0.0,28.959,1,33.704,1,1,D,2902769,116,1,A
2023-03-28T09:25:25Z,6.518,85.134,0.1,31.324,1,34.134,1,1,D,2902769,117,1,A
2023-04-06T23:29:03Z,6.516,84.999,0.4,30.113,1,32.428,1,1,D,2902769,118,1,A
2023-04-16T13:28:31Z,6.325,85.489,0.0,31.52,1,33.068,1,1,D,2902769,119,1,A
2023-04-26T03:20:05Z,5.961,86.271,0.1,30.943,1,33.022,1,1,D,2902769,120,1,A
2023-05-05T17:16:58Z,5.37,86.741,0.3,30.461,1,32.746,1,1,D,2902769,121,1,A
2023-05-15T07:20:55Z,5.367,87.139,0.1,29.445,1,33.291,1,1,D,2902769,122,1,A
2023-05-24T21:02:02Z,5.547,87.381,0.0,29.454,1,33.286,1,1,D,2902769,123,1,A
2023-06-03T11:09:32Z,5.604,87.459,0.3,29.642,1,33.744,1,1,D,2902769,124,1,A
2023-06-13T01:26:34Z,5.473,87.313,0.1,29.436,1,33.773,1,1,D,2902769,125,1,A
2023-06-22T15:18:58Z,5.7,87.053,0.4,29.446,1,33.408,1,1,D,2902769,126,1,A
2023-07-02T05:31:44Z,6.091,86.658,0.1,29.137,1,34.193,1,1,D,2902769,127,1,A
2023-07-11T19:31:15Z,6.076,86.464,0.1,29.027,1,34.125,1,1,D,2902769,128,1,A
2023-07-21T09:34:55Z,5.569,86.229,0.2,29.121,1,33.672,1,1,D,2902769,129,1,A
2023-07-30T23:22:21Z,5.129,86.045,0.0,29.02,1,34.078,1,1,D,2902769,130,1,A
2023-08-09T13:26:02Z,5.094,86.007,0.1,28.875,1,34.221,1,1,D,2902769,131,1,A
2023-08-19T03:23:43Z,5.046,86.113,0.0,28.66,1,34.185,1,1,D,2902769,132,1,A
2023-09-26T11:28:52Z,5.143,86.519,0.3,29.197,1,33.079,1,1,D,2902769,136,1,A
2023-10-06T01:31:59Z,5.686,86.764,0.2,28.846,1,33.708,1,1,D,2902769,137,1,A
2023-10-15T15:31:25Z,5.877,87.195,0.2,29.119,1,33.762,1,1,D,2902769,138,1,A
2023-10-25T05:30:41Z,5.498,87.267,0.0,29.969,1,32.301,1,1,D,2902769,139,1,A
2023-12-02T13:21:32Z,5.338,87.377,0.2,29.163,1,32.728,1,1,D,2902769,143,1,A
2023-12-12T03:24:16Z,5.516,87.366,0.3,29.273,1,32.724,1,1,D,2902769,144,1,A
2023-12-21T17:33:09Z,5.335,87.439,0.0,28.999,1,33.002,1,1,D,2902769,145,1,A
2023-12-31T07:20:50Z,5.002,87.227,0.6,28.83,1,33.404,1,1,D,2902769,146,1,A
2024-04-05T03:27:48Z,5.248,83.31,0.1,30.522,1,33.168,1,1,D,2902769,156,1,A
2024-04-14T17:35:34Z,5.234,83.904,0.0,30.656,1,33.62,1,1,D,2902769,157,1,A
2024-05-13T11:28:32Z,5.452,84.801,0.4,32.347,1,32.847,1,1,D,2902769,160,1,A
2024-05-23T01:25:31Z,6.144,85.045,0.3,30.271,1,33.325,1,1,D,2902769,161,1,A
2024-06-01T15:26:59Z,6.295,85.071,0.0,29.394,1,33.747,1,1,D,2902769,162,1,A
2024-06-11T05:15:39Z,6.124,84.849,0.2,29.646,1,33.185,1,1,D,2902769,163,1,A
2024-06-20T19:10:46Z,5.595,84.178,0.2,29.041,1,33.939,4,1,D,2902769,164,1,A
2024-06-30T09:28:58Z,5.118,83.084,0.1,29.504,1,34.538,1,1,D,2902769,165,1,A
2020-02-19T05:26:31Z,14.693,92.65,0.4,26.134,1,32.278,1,1,D,2902770,1,1,A
2020-02-29T05:20:56Z,14.548,92.633,0.2,26.517,1,32.192,1,1,D,2902770,2,1,A
2020-03-10T05:22:19Z,14.823,92.853,0.3,27.284,1,32.249,1,1,D,2902770,3,1,A
2020-03-20T05:27:36Z,14.834,92.948,0.2,27.168,1,32.33,4,1,D,2902770,4,1,A
2020-03-30T05:26:55Z,14.716,92.883,0.0,28.665,1,32.81,4,1,D,2902770,5,1,A
2020-04-09T05:22:43Z,14.61,92.759,0.1,29.754,1,32.542,1,1,D,2902770,6,1,A
2020-04-19T05:28:57Z,14.487,92.731,0.0,30.363,1,32.877,1,1,D,2902770,7,1,A
2020-04-29T05:32:50Z,14.088,92.521,0.2,31.121,1,32.107,1,1,D,2902770,8,1,A
2020-05-09T00:30:13Z,14.412,92.688,0.2,31.091,1,32.627,1,1,D,2902770,9,1,A
2020-05-19T05:38:33Z,14.483,92.58,0.2,30.518,1,32.576,1,1,D,2902770,10,1,A
2020-05-29T05:23:22Z,14.478,92.572,0.2,30.371,1,32.669,1,1,D,2902770,11,1,A
2020-06-08T05:32:27Z,14.269,92.378,0.4,30.199,1,32.683,1,1,D,2902770,12,1,A
2020-06-18T05:27:59Z,13.552,91.88,0.1,29.64,1,32.753,1,1,D,2902770,13,1,A
2020-06-28T05:24:27Z,13.215,91.573,0.0,29.718,1,32.707,1,1,D,2902770,14,1,A
2020-07-08T05:31:45Z,13.168,91.36,0.3,29.45,1,33.09,1,1,D,2902770,15,1,A
2020-07-18T05:27:56Z,12.948,91.259,0.1,29.485,1,32.946,1,1,D,2902770,16,1,A
2020-07-28T05:20:59Z,12.669,91.146,0.3,30.329,1,32.959,1,1,D,2902770,17,1,A
2020-08-07T05:28:28Z,12.651,91.24,0.1,29.141,1,32.649,1,1,D,2902770,18,1,A
2020-08-17T05:20:50Z,13.068,91.284,0.0,29.084,1,32.87,1,1,D,2902770,19,1,A
2020-08-27T05:18:55Z,13.526,91.236,0.1,29.25,1,32.762,1,1,D,2902770,20,1,A
2020-09-06T05:31:19Z,13.797,91.136,0.1,31.35,1,32.271,1,1,D,2902770,21,1,A
2020-09-16T05:19:58Z,14.058,90.967,0.4,29.778,1,32.79,1,1,D,2902770,22,1,A
2020-09-26T05:30:49Z,14.221,90.893,0.0,29.224,1,32.796,1,1,D,2902770,23,1,A
2020-10-06T05:27:34Z,14.203,90.825,0.2,29.204,1,32.759,1,1,D,2902770,24,1,A
2020-10-16T05:27:25Z,14.134,90.749,0.2,29.239,1,32.358,1,1,D,2902770,25,1,A
2020-10-26T05:30:19Z,13.951,90.672,0.1,29.757,1,32.678,1,1,D,2902770,26,1,A
2020-11-05T05:39:52Z,13.677,90.624,0.2,30.117,1,32.25,4,1,D,2902770,27,1,A
2020-11-15T05:23:43Z,13.391,90.522,0.4,29.263,1,32.663,1,1,D,2902770,28,1,A
2020-11-25T05:20:11Z,13.198,90.404,0.2,29.045,1,32.773,1,1,D,2902770,29,1,A
2020-12-05T05:31:29Z,12.897,90.318,0.1,28.988,1,33.154,1,1,D,2902770,30,1,A
2020-12-15T05:20:13Z,12.549,90.323,0.1,28.505,1,33.175,1,1,D,2902770,31,1,A
2020-12-25T05:25:23Z,12.371,90.287,0.1,28.437,1,33.252,1,1,D,2902770,32,1,A
2021-01-04T05:29:49Z,12.364,90.248,0.3,28.344,1,33.918,1,1,D,2902770,33,1,A
2021-01-14T05:29:13Z,12.423,90.248,0.2,28.485,1,33.887,1,1,D,2902770,34,1,A
2021-01-24T05:25:59Z,12.523,90.203,0.2,28.144,1,33.856,1,1,D,2902770,35,1,A
2021-02-03T05:19:16Z,12.658,90.353,0.2,27.986,1,33.9,1,1,D,2902770,36,1,A
2021-02-13T05:28:32Z,12.616,90.524,0.4,27.694,1,33.611,1,1,D,2902770,37,1,A
2021-02-23T05:21:43Z,12.505,90.579,0.2,28.152,1,33.532,1,1,D,2902770,38,1,A
2021-03-05T05:16:27Z,12.471,90.576,0.1,28.247,1,33.283,1,1,D,2902770,39,1,A
2021-03-15T05:21:33Z,12.592,90.519,0.4,28.262,1,31.547,1,1,D,2902770,40,1,A
2021-03-25T05:16:10Z,12.721,90.471,0.4,28.94,1,31.896,1,1,D,2902770,41,1,A
2021-04-04T05:23:56Z,12.807,90.504,0.2,29.679,1,31.352,1,1,D,2902770,42,1,A
2021-04-14T05:33:03Z,12.949,90.68,0.2,30.257,1,31.531,1,1,D,2902770,43,1,A
2021-04-24T05:20:55Z,13.06,90.988,0.1,30.355,1,32.174,1,1,D,2902770,44,1,A
2021-05-04T05:31:55Z,13.261,91.114,0.1,31.485,1,31.822,1,1,D,2902770,45,1,A
2021-05-14T05:33:15Z,13.388,91.156,0.2,31.982,1,32.083,1,1,D,2902770,46,1,A
2021-05-24T05:35:44Z,13.395,91.122,0.0,30.247,1,32.399,1,1,D,2902770,47,1,A
2021-06-03T05:11:31Z,13.36,90.977,0.1,30.827,1,32.135,1,1,D,2902770,48,1,A
2021-06-13T05:33:08Z,13.36,90.893,0.4,29.802,1,32.63,1,1,D,2902770,49,1,A
2021-06-23T05:25:04Z,13.242,90.821,0.0,29.56,1,32.74,1,1,D,2902770,50,1,A
2021-07-03T05:31:19Z,12.87,90.666,0.0,29.605,1,32.952,1,1,D,2902770,51,1,A
2021-07-13T05:33:22Z,12.573,90.445,0.9,29.573,1,33.148,1,1,D,2902770,52,1,A
2021-07-23T05:32:14Z,12.449,90.261,0.3,29.14,1,33.055,1,1,D,2902770,53,1,A
2021-08-02T05:23:31Z,12.529,90.012,0.2,29.255,1,33.17,1,1,D,2902770,54,1,A
2021-08-12T05:26:56Z,12.425,89.881,0.2,29.403,1,33.187,1,1,D,2902770,55,1,A
2021-08-22T05:35:55Z,12.282,89.815,0.1,29.251,1,33.146,1,1,D,2902770,56,1,A
2021-09-01T05:31:25Z,12.267,89.691,0.1,28.536,1,32.766,1,1,D,2902770,57,1,A
2021-09-11T05:31:09Z,12.233,89.705,0.1,28.567,1,32.984,1,1,D,2902770,58,1,A
2021-09-21T05:33:52Z,12.253,89.806,0.2,29.015,1,32.93,1,1,D,2902770,59,1,A
2021-10-01T05:27:01Z,12.507,89.779,0.2,29.19,1,32.814,1,1,D,2902770,60,1,A
2021-10-11T05:31:29Z,12.72,89.695,0.4,29.013,1,32.876,1,1,D,2902770,61,1,A
2021-10-21T05:33:55Z,12.93,89.579,0.4,29.71,1,32.649,1,1,D,2902770,62,1,A
2021-10-31T05:23:53Z,13.177,89.546,0.0,29.763,1,32.901,1,1,D,2902770,63,1,A
2021-11-10T05:36:00Z,13.149,89.603,0.4,29.694,1,32.897,1,1,D,2902770,64,1,A
2021-11-20T05:31:56Z,12.976,89.382,0.0,29.421,1,32.767,1,1,D,2902770,65,1,A
2021-11-30T05:24:44Z,13.097,89.069,0.1,29.248,1,32.884,4,1,D,2902770,66,1,A
2021-12-10T05:28:04Z,13.481,88.942,0.3,28.849,1,32.969,1,1,D,2902770,67,1,A
2021-12-20T05:20:56Z,13.836,89.108,0.3,28.452,1,33.522,1,1,D,2902770,68,1,A
2021-12-30T05:23:57Z,14.031,89.12,0.0,28.269,1,33.961,1,1,D,2902770,69,1,A
2022-01-09T05:28:55Z,13.929,89.015,0.2,28.519,1,32.237,1,1,D,2902770,70,1,A
2022-01-19T05:25:03Z,13.641,88.595,0.1,28.12,1,32.216,1,1,D,2902770,71,1,A
2022-01-29T05:21:57Z,13.5,87.984,0.3,27.724,1,32.688,1,1,D,2902770,72,1,A
2022-02-08T05:24:00Z,13.534,87.618,0.0,27.443,1,33.204,1,1,D,2902770,73,1,A
2022-02-18T05:33:57Z,13.644,87.408,0.1,26.778,1,32.468,1,1,D,2902770,74,1,A
2022-02-28T05:35:27Z,13.607,87.311,0.0,27.375,1,33.15,1,1,D,2902770,75,1,A
2022-03-10T05:32:51Z,13.291,87.254,0.1,27.162,1,32.551,4,1,D,2902770,76,1,A
2022-03-20T05:31:25Z,13.0,87.16,0.1,28.789,1,31.945,1,1,D,2902770,77,1,A
2022-03-30T05:27:17Z,12.769,87.047,0.4,29.83,1,32.449,1,1,D,2902770,78,1,A
2022-04-08T19:23:40Z,12.556,86.938,0.2,29.744,1,33.144,1,1,D,2902770,79,1,A
2022-04-18T21:23:42Z,12.501,86.853,0.0,30.773,1,33.197,1,1,D,2902770,80,1,A
2022-04-28T23:31:58Z,12.667,86.918,0.1,31.124,1,32.995,1,1,D,2902770,81,1,A
2022-05-09T01:27:12Z,12.843,87.043,0.0,29.565,1,32.93,1,1,D,2902770,82,1,A
2022-05-19T03:28:56Z,13.086,87.087,0.2,29.767,1,33.131,1,1,D,2902770,83,1,A
2022-05-29T05:22:57Z,13.229,87.187,0.1,29.757,1,33.003,1,1,D,2902770,84,1,A
2022-06-08T07:32:02Z,13.287,87.395,0.2,29.517,1,32.917,1,1,D,2902770,85,1,A
2022-06-18T09:22:35Z,13.3,87.645,0.0,29.963,1,33.096,1,1,D,2902770,86,1,A
2022-06-28T11:31:05Z,13.263,87.866,0.0,29.641,1,32.961,1,1,D,2902770,87,1,A
2022-07-08T13:24:31Z,13.166,87.824,0.0,29.407,1,33.025,1,1,D,2902770,88,1,A
2022-07-18T15:30:50Z,13.108,87.717,0.2,28.889,1,33.169,1,1,D,2902770,89,1,A
2022-07-28T17:27:55Z,12.861,87.642,0.0,29.897,1,33.112,1,1,D,2902770,90,1,A
2022-08-07T19:29:28Z,12.649,87.601,0.2,28.92,1,33.413,1,1,D,2902770,91,1,A
2022-08-17T21:24:43Z,12.618,87.64,0.1,29.064,1,33.423,1,1,D,2902770,92,1,A
2022-08-27T23:17:27Z,12.442,87.735,0.3,29.033,1,33.279,1,1,D,2902770,93,1,A
2022-09-07T01:21:45Z,12.246,87.803,0.4,29.243,1,33.43,1,1,D,2902770,94,1,A
2022-09-17T03:19:28Z,12.304,87.769,0.4,28.823,1,33.236,1,1,D,2902770,95,1,A
2022-09-27T05:32:05Z,12.47,87.751,0.1,29.201,1,33.205,1,1,D,2902770,96,1,A
2022-10-07T07:22:26Z,12.644,87.7,0.1,29.118,1,33.09,1,1,D,2902770,97,1,A
2022-10-17T09:30:19Z,12.963,87.48,0.4,29.84,1,32.7,1,1,D,2902770,98,1,A
2022-10-27T11:25:37Z,13.255,87.199,0.4,29.527,1,32.787,1,1,D,2902770,99,1,A
2022-11-06T13:21:38Z,13.517,86.975,0.0,29.238,1,33.221,1,1,D,2902770,100,1,A
2022-11-16T15:29:40Z,13.643,86.932,0.0,28.796,1,32.532,1,1,D,2902770,101,1,A
2022-11-26T17:20:00Z,13.58,86.826,0.0,28.656,1,32.719,4,1,D,2902770,102,1,A
2022-12-06T19:23:15Z,13.27,86.66,0.4,28.692,1,32.461,1,1,D,2902770,103,1,A
2022-12-16T21:25:57Z,12.997,86.312,0.1,28.607,1,32.597,1,1,D,2902770,104,1,A
2022-12-26T23:32:52Z,12.719,86.08,0.2,27.648,1,33.406,1,1,D,2902770,105,1,A
2023-01-06T01:33:20Z,12.603,86.188,0.4,27.03,1,33.757,1,1,D,2902770,106,1,A
2023-01-16T03:24:55Z,12.81,86.402,0.1,26.944,1,33.665,1,1,D,2902770,107,1,A
2023-01-26T05:24:20Z,13.144,86.748,0.2,26.832,1,33.94,1,1,D,2902770,108,1,A
2023-02-05T07:28:53Z,13.341,87.395,0.1,27.396,1,33.572,1,1,D,2902770,109,1,A
2023-02-15T09:27:22Z,13.232,87.942,0.4,27.317,1,33.054,1,1,D,2902770,110,1,A
2023-02-25T11:36:00Z,12.986,88.113,0.0,27.576,1,32.821,1,1,D,2902770,111,1,A
2023-03-07T13:25:57Z,12.84,88.049,0.3,27.866,1,32.503,1,1,D,2902770,112,1,A
2023-03-17T15:28:17Z,12.7,87.886,0.4,28.173,1,32.076,1,1,D,2902770,113,1,A
2023-03-27T17:18:28Z,12.474,87.684,0.2,29.428,1,32.94,1,1,D,2902770,114,1,A
2023-04-06T19:22:20Z,12.374,87.532,0.2,30.23,1,33.107,1,1,D,2902770,115,1,A
2023-04-16T21:24:03Z,12.452,87.407,0.2,29.884,1,32.617,4,1,D,2902770,116,1,A
2023-04-26T23:32:33Z,12.496,87.406,0.0,30.908,1,32.922,1,1,D,2902770,117,1,A
2023-05-07T01:30:55Z,12.455,87.485,0.0,31.236,1,32.906,1,1,D,2902770,118,1,A
2023-05-17T03:28:29Z,12.619,87.77,0.2,29.572,1,32.642,1,1,D,2902770,119,1,A
2023-05-27T05:29:04Z,12.795,88.163,0.0,30.516,1,32.64,1,1,D,2902770,120,1,A
2023-06-06T07:31:11Z,12.75,88.438,0.1,29.944,1,32.652,1,1,D,2902770,121,1,A
2023-06-16T09:26:56Z,12.492,88.664,0.4,29.762,1,32.795,1,1,D,2902770,122,1,A
2023-06-26T11:34:21Z,12.08,88.81,0.3,29.793,1,33.187,1,1,D,2902770,123,1,A
2023-07-06T13:32:33Z,12.192,88.843,0.1,29.322,1,32.567,1,1,D,2902770,124,1,A
2023-07-16T15:30:26Z,12.751,88.688,0.4,29.485,1,32.706,1,1,D,2902770,125,1,A
2023-07-26T17:40:59Z,13.203,88.535,0.0,28.871,1,32.697,1,1,D,2902770,126,1,A
2023-08-05T19:29:54Z,13.176,88.819,0.3,29.021,1,32.861,1,1,D,2902770,127,1,A
2023-08-15T21:32:33Z,12.729,89.427,0.0,29.301,1,33.188,4,1,D,2902770,128,1,A
2023-08-25T23:31:36Z,12.216,89.829,0.3,29.391,1,33.264,1,1,D,2902770,129,1,A
2023-09-05T01:34:25Z,11.965,89.896,0.1,29.086,1,33.311,1,1,D,2902770,130,1,A
2023-09-15T03:31:29Z,11.965,89.792,0.0,28.916,1,33.215,1,1,D,2902770,131,1,A
2023-09-25T05:26:50Z,11.976,89.633,0.3,28.622,1,32.987,1,1,D,2902770,132,1,A
2023-10-05T07:37:34Z,11.937,89.381,0.1,29.053,1,33.038,1,1,D,2902770,133,1,A
2023-10-15T09:30:25Z,11.916,89.074,0.2,30.437,1,32.783,1,1,D,2902770,134,1,A
2023-10-25T11:27:03Z,11.998,88.835,0.2,29.594,1,33.536,1,1,D,2902770,135,1,A
2023-11-04T13:30:03Z,12.172,88.669,0.4,29.581,1,33.117,1,1,D,2902770,136,1,A
2023-11-14T15:29:35Z,12.104,88.852,0.2,29.313,1,33.22,1,1,D,2902770,137,1,A
2023-11-24T17:27:54Z,12.219,89.135,0.1,29.263,1,32.423,1,1,D,2902770,138,1,A
2023-12-04T19:30:39Z,12.566,89.342,0.3,28.904,1,32.698,1,1,D,2902770,139,1,A
2023-12-14T21:32:55Z,13.146,89.555,0.1,28.935,1,32.567,1,1,D,2902770,140,1,A
2023-12-24T23:33:33Z,13.712,89.785,0.1,28.756,1,32.582,1,1,D,2902770,141,1,A
2024-01-04T01:32:39Z,14.056,90.034,0.1,27.94,1,31.895,1,1,D,2902770,142,1,A
2024-01-14T03:31:49Z,13.912,90.261,0.1,28.296,1,32.423,1,1,D,2902770,143,1,A
2024-01-24T05:27:40Z,13.464,90.386,0.1,28.318,1,32.363,1,1,D,2902770,144,1,A
2024-02-03T07:27:12Z,13.134,90.289,0.0,28.433,1,32.283,1,1,D,2902770,145,1,A
2024-02-13T09:34:39Z,12.947,90.055,0.2,28.262,1,32.481,1,1,D,2902770,146,1,A
2024-02-23T11:17:49Z,12.781,89.776,0.1,28.455,1,32.443,1,1,D,2902770,147,1,A
2024-03-04T13:38:37Z,12.644,89.538,0.2,28.277,1,32.747,4,1,D,2902770,148,1,A
2024-03-14T15:28:04Z,12.445,89.451,0.2,28.78,1,32.826,4,1,D,2902770,149,1,A
2024-03-24T17:20:03Z,12.46,89.642,0.0,28.476,1,32.745,4,1,D,2902770,150,1,A
2024-04-03T19:20:25Z,12.608,89.868,0.1,29.027,1,32.125,1,1,D,2902770,151,1,A
2024-04-13T21:24:31Z,12.886,90.177,0.2,30.142,1,32.269,1,1,D,2902770,152,1,A
2024-04-23T23:26:52Z,13.227,90.427,0.3,30.927,1,32.519,1,1,D,2902770,153,1,A
2024-05-04T01:32:51Z,13.361,90.597,0.1,31.129,1,32.201,1,1,D,2902770,154,1,A
2024-05-14T03:23:47Z,13.231,90.432,0.2,31.682,1,32.563,1,1,D,2902770,155,1,A
2024-05-24T05:31:40Z,13.027,90.184,0.2,30.894,1,32.56,1,1,D,2902770,156,1,A
2024-06-03T07:26:31Z,12.65,89.754,0.3,30.185,1,32.722,1,1,D,2902770,157,1,A
2024-06-13T09:32:06Z,12.382,89.197,0.2,29.848,1,32.827,1,1,D,2902770,158,1,A
2024-06-23T11:28:13Z,12.167,88.703,0.3,29.768,1,32.8,1,1,D,2902770,159,1,A
2024-07-03T13:26:26Z,11.921,88.336,0.2,29.623,1,32.852,1,1,D,2902770,160,1,A
2024-07-13T15:20:50Z,11.705,88.22,0.2,29.444,1,32.82,1,1,D,2902770,161,1,A
2024-07-23T17:31:51Z,11.435,88.316,0.1,29.252,1,33.002,4,1,D,2902770,162,1,A
2024-08-02T19:18:28Z,11.378,88.617,0.1,29.467,1,33.083,1,1,D,2902770,163,1,A
2024-08-12T21:27:00Z,11.397,88.876,0.0,29.615,1,33.11,1,1,D,2902770,164,1,A
2024-08-22T23:29:55Z,11.163,88.974,0.1,29.223,1,33.927,1,1,D,2902770,165,1,A
2024-09-02T01:39:23Z,10.677,88.923,0.2,29.011,1,33.066,1,1,D,2902770,166,1,A
2024-09-12T03:33:59Z,10.252,88.798,0.1,28.982,1,33.317,1,1,D,2902770,167,1,A
2024-09-22T05:31:32Z,10.382,88.755,0.0,29.26,1,33.072,1,1,D,2902770,168,1,A
2024-10-02T07:29:43Z,10.578,89.347,0.0,29.696,1,33.02,1,1,D,2902770,169,1,A
2024-10-12T09:34:01Z,10.823,90.142,0.0,30.272,1,32.673,1,1,D,2902770,170,1,A
2024-10-22T11:35:52Z,11.499,90.19,0.3,29.416,1,32.834,1,1,D,2902770,171,1,A
2024-11-01T13:35:25Z,11.932,90.222,0.2,30.26,1,33.071,1,1,D,2902770,172,1,A
2024-11-11T15:14:59Z,11.859,90.39,0.0,29.743,1,33.117,1,1,D,2902770,173,1,A
2024-11-21T17:30:28Z,11.246,90.568,0.0,29.863,1,33.304,1,1,D,2902770,174,1,A
2024-12-01T19:19:24Z,10.591,90.454,0.3,28.999,1,33.171,1,1,D,2902770,175,1,A
2024-12-11T21:36:04Z,10.317,90.393,0.2,28.927,1,32.843,1,1,D,2902770,176,1,A
2024-12-21T23:34:54Z,10.252,90.569,0.1,29.007,1,33.714,1,1,D,2902770,177,1,A
2025-01-01T01:31:57Z,10.409,90.556,0.2,28.735,1,33.099,1,1,D,2902770,178,1,A
2025-01-11T03:21:04Z,10.686,90.481,0.1,28.346,1,32.663,1,1,D,2902770,179,1,A
2025-01-21T05:32:33Z,11.103,90.377,0.1,28.292,1,32.806,1,1,D,2902770,180,1,A
2025-01-31T07:32:48Z,11.531,90.288,0.2,28.686,1,32.895,4,1,D,2902770,181,1,A
2025-02-10T09:35:21Z,11.806,90.308,0.3,28.518,1,33.199,1,1,D,2902770,182,1,A
2025-02-20T11:32:53Z,11.908,90.389,0.2,28.633,1,32.615,1,1,D,2902770,183,1,A
2025-03-02T13:26:32Z,11.863,90.333,0.2,28.773,1,33.033,1,1,D,2902770,184,1,A
2025-03-12T15:29:24Z,11.702,90.281,0.2,29.095,1,32.182,1,1,D,2902770,185,1,A
2025-03-22T17:29:55Z,11.61,90.323,0.3,29.106,1,32.282,1,1,D,2902770,186,1,A
2025-04-01T19:30:25Z,11.778,90.231,0.0,29.864,1,32.789,1,1,D,2902770,187,1,A
2025-04-11T21:29:51Z,11.864,90.222,0.1,28.963,1,32.68,1,1,D,2902770,188,1,A
2025-04-21T23:17:15Z,11.871,90.293,0.1,30.522,1,32.641,1,1,D,2902770,189,1,A
2025-05-02T01:31:18Z,11.912,90.354,0.3,30.508,1,32.534,1,1,D,2902770,190,1,A
2025-05-12T03:14:21Z,11.636,90.378,0.0,30.787,1,32.363,4,1,D,2902770,191,1,A
2025-05-22T05:36:57Z,11.364,90.319,0.1,30.607,1,32.355,1,1,A,2902770,192,1,A
2025-06-01T07:43:54Z,11.427,90.366,0.2,30.075,1,32.893,1,1,A,2902770,193,1,A
2025-06-11T09:26:58Z,11.416,90.467,0.2,29.796,1,32.576,1,1,A,2902770,194,1,A
2025-06-21T11:40:36Z,11.202,90.72,0.2,29.371,1,32.917,1,1,A,2902770,195,1,A
2025-07-01T13:34:17Z,10.611,91.161,0.1,29.199,1,33.088,1,1,A,2902770,196,1,A
2025-07-11T15:25:27Z,10.521,91.119,0.2,29.237,1,32.642,1,1,A,2902770,197,1,A
2025-07-21T17:39:57Z,10.921,90.975,0.0,29.264,1,32.708,1,1,A,2902770,198,1,A
2025-07-31T19:31:25Z,11.519,91.262,0.0,29.211,1,32.571,1,1,A,2902770,199,1,A
2025-08-10T21:34:52Z,11.702,91.487,0.3,29.439,1,32.58,1,1,A,2902770,200,1,A
2025-08-20T23:35:55Z,11.371,91.589,0.0,29.037,1,32.683,1,1,A,2902770,201,1,A
2025-08-31T01:15:24Z,10.746,91.448,0.0,29.06,1,32.821,1,1,A,2902770,202,1,A
2025-09-10T03:21:00Z,10.324,91.152,0.1,29.001,1,32.836,1,1,A,2902770,203,1,A
2020-01-11T05:29:57Z,7.556,83.8,0.4,28.894,1,33.495,1,1,D,2902771,1,1,A
2020-01-21T05:24:27Z,8.716,83.541,0.4,28.447,1,33.358,1,1,D,2902771,2,1,A
2020-01-31T05:27:32Z,9.885,83.941,0.1,28.126,1,33.559,1,1,D,2902771,3,1,A
2020-02-10T05:24:52Z,9.828,84.742,0.3,27.894,1,33.464,1,1,D,2902771,4,1,A
2020-02-20T05:26:26Z,9.517,84.717,0.1,28.146,1,33.472,1,1,D,2902771,5,1,A
2020-03-01T05:26:56Z,9.379,84.485,0.2,28.264,1,33.129,1,1,D,2902771,6,1,A
2020-03-11T05:37:19Z,9.478,84.415,0.3,28.786,1,33.341,1,1,D,2902771,7,1,A
2020-03-21T05:28:03Z,9.679,84.605,0.3,29.181,1,33.505,1,1,D,2902771,8,1,A
2020-03-31T05:16:56Z,9.595,85.009,0.4,29.511,1,33.663,1,1,D,2902771,9,1,A
2020-04-10T05:27:52Z,9.09,85.254,0.2,29.796,1,32.62,1,1,D,2902771,10,1,A
2020-04-20T05:19:55Z,8.523,85.328,0.1,30.671,1,34.161,1,1,D,2902771,11,1,A
2020-04-30T05:26:09Z,8.48,85.47,0.3,31.158,1,33.832,1,1,D,2902771,12,1,A
2020-05-10T05:26:30Z,8.743,85.743,0.2,31.577,1,32.868,1,1,D,2902771,13,1,A
2020-05-20T05:28:39Z,8.872,86.035,0.1,28.936,1,33.498,1,1,D,2902771,14,1,A
2020-05-25T05:20:33Z,8.83,86.218,0.3,30.06,1,33.437,1,1,D,2902771,15,1,A
2020-05-30T05:29:59Z,8.741,86.412,0.4,29.831,1,33.438,1,1,D,2902771,16,1,A
2020-06-04T05:24:03Z,8.754,86.622,0.2,30.073,1,33.417,1,1,D,2902771,17,1,A
2020-06-09T05:29:43Z,8.719,86.795,0.2,29.811,1,33.421,1,1,D,2902771,18,1,A
2020-06-14T05:20:26Z,8.738,86.906,0.0,29.743,1,33.226,1,1,D,2902771,19,1,A
2020-06-19T05:09:25Z,8.897,86.848,0.1,29.89,1,33.298,1,1,D,2902771,20,1,A
2020-06-24T05:18:52Z,9.145,86.701,0.2,30.227,1,33.615,1,1,D,2902771,21,1,A
2020-06-29T05:35:25Z,9.399,86.479,0.2,29.708,1,33.784,1,1,D,2902771,22,1,A
2020-07-04T05:27:23Z,9.588,86.333,0.2,29.495,1,33.869,1,1,D,2902771,23,1,A
2020-07-09T05:24:55Z,9.701,86.285,0.2,29.572,1,33.917,1,1,D,2902771,24,1,A
2020-07-14T05:25:57Z,9.729,86.356,0.2,29.234,1,33.863,1,1,D,2902771,25,1,A
2020-07-19T05:16:19Z,9.717,86.532,0.0,29.255,1,34.103,1,1,D,2902771,26,1,A
2020-07-24T05:17:50Z,9.505,86.661,0.2,29.453,1,33.803,1,1,D,2902771,27,1,A
2020-07-29T05:25:00Z,9.188,86.657,0.2,29.331,1,33.687,1,1,D,2902771,28,1,A
2020-08-03T05:30:56Z,8.893,86.544,0.2,28.873,1,34.055,1,1,D,2902771,29,1,A
2020-08-08T05:33:51Z,8.57,86.44,0.2,28.904,1,34.125,1,1,D,2902771,30,1,A
2020-08-13T05:31:56Z,8.26,86.351,0.3,29.074,1,33.769,1,1,D,2902771,31,1,A
2020-08-18T05:09:25Z,8.155,86.305,0.3,29.009,1,34.031,1,1,D,2902771,32,1,A
2020-08-23T05:21:00Z,8.207,86.241,0.1,29.189,1,34.122,1,1,D,2902771,33,1,A
2020-08-28T05:24:17Z,8.312,86.183,0.1,29.508,1,34.172,1,1,D,2902771,34,1,A
2020-09-02T05:18:25Z,8.357,86.14,0.2,29.366,1,33.772,1,1,D,2902771,35,1,A
2020-09-07T05:18:56Z,8.246,86.106,0.4,29.096,1,33.946,1,1,D,2902771,36,1,A
2020-09-12T05:22:55Z,8.033,86.089,0.4,28.952,1,34.123,1,1,D,2902771,37,1,A
2020-09-17T05:27:04Z,7.68,86.075,0.2,28.832,1,34.037,1,1,D,2902771,38,1,A
2020-09-22T05:27:57Z,7.482,86.047,0.1,28.74,1,34.221,1,1,D,2902771,39,1,A
2020-09-27T05:27:49Z,7.394,86.101,0.1,29.038,1,33.763,1,1,D,2902771,40,1,A
2020-10-02T05:32:49Z,7.45,86.241,0.2,28.657,1,34.161,1,1,D,2902771,41,1,A
2020-10-12T05:37:10Z,7.865,86.659,0.0,28.878,1,34.195,1,1,D,2902771,42,1,A
2020-10-22T05:32:31Z,8.255,86.744,0.2,28.8,1,33.793,1,1,D,2902771,43,1,A
2020-11-01T05:27:21Z,8.487,86.557,0.0,29.231,1,33.77,1,1,D,2902771,44,1,A
2020-11-11T05:37:19Z,8.454,86.346,0.2,29.778,1,34.045,1,1,D,2902771,45,1,A
2020-11-21T05:28:51Z,8.231,86.126,0.2,29.324,1,33.731,1,1,D,2902771,46,1,A
2020-12-01T05:35:44Z,7.918,85.948,0.2,28.734,1,33.584,1,1,D,2902771,47,1,A
2020-12-11T05:32:34Z,7.567,85.627,0.2,28.833,1,33.933,1,1,D,2902771,48,1,A
2020-12-21T05:27:04Z,7.148,85.303,0.2,28.828,1,34.395,1,1,D,2902771,49,1,A
2020-12-31T05:33:26Z,7.015,85.039,0.4,28.998,1,34.484,1,1,D,2902771,50,1,A
2021-01-10T05:29:21Z,7.148,84.935,0.2,28.633,1,34.344,1,1,D,2902771,51,1,A
2021-01-20T05:20:55Z,7.396,84.938,0.3,29.657,1,34.264,1,1,D,2902771,52,1,A
2021-01-30T05:32:14Z,7.459,85.114,0.2,28.774,1,34.126,1,1,D,2902771,53,1,A
2021-02-09T05:39:06Z,6.958,85.501,0.4,28.312,1,33.446,1,1,D,2902771,54,1,A
2021-02-19T05:18:58Z,6.774,85.601,0.2,28.997,1,34.038,1,1,D,2902771,55,1,A
2021-03-01T05:27:57Z,6.86,85.406,0.1,29.285,1,34.724,1,1,D,2902771,56,1,A
2021-03-11T05:20:26Z,6.654,85.081,0.2,28.906,1,33.464,1,1,D,2902771,57,1,A
2021-03-21T05:24:43Z,6.277,84.782,0.1,29.781,1,33.454,1,1,D,2902771,58,1,A
2021-03-31T05:18:55Z,5.911,84.352,0.4,29.791,1,33.133,1,1,D,2902771,59,1,A
2021-04-10T05:19:35Z,5.596,83.883,0.3,30.491,1,33.472,1,1,D,2902771,60,1,A
2021-04-20T05:30:58Z,5.024,83.819,0.4,30.076,1,33.515,1,1,D,2902771,61,1,A
2021-04-30T05:32:58Z,5.093,84.157,0.1,30.597,1,33.055,1,1,D,2902771,62,1,A
2021-05-10T05:25:02Z,5.312,84.426,0.3,30.833,1,33.722,1,1,D,2902771,63,1,A
2021-05-20T05:07:27Z,5.173,84.328,0.3,30.592,1,34.365,1,1,D,2902771,64,1,A
2021-05-30T05:25:54Z,5.124,84.364,0.1,29.391,1,34.372,1,1,D,2902771,65,1,A
2021-06-09T05:30:31Z,5.521,84.666,0.1,29.082,1,34.383,1,1,D,2902771,66,1,A
2021-06-19T05:28:27Z,5.585,84.938,0.2,29.207,1,33.833,1,1,D,2902771,67,1,A
2021-08-08T05:28:29Z,5.413,85.128,0.1,28.757,1,33.997,1,1,D,2902771,72,1,A
2021-08-18T05:17:49Z,5.421,85.482,0.1,28.64,1,34.054,1,1,D,2902771,73,1,A
2021-08-28T05:15:29Z,5.391,85.836,0.1,28.784,1,34.189,1,1,D,2902771,74,1,A
2021-09-07T05:33:55Z,5.351,86.03,0.3,28.818,1,34.135,1,1,D,2902771,75,1,A
2021-09-17T05:41:28Z,5.06,85.761,0.1,28.989,1,34.211,1,1,D,2902771,76,1,A
2021-11-06T05:20:23Z,5.176,83.762,0.1,28.457,1,34.66,1,1,D,2902771,81,1,A
2021-11-16T05:20:58Z,5.427,83.675,0.1,28.444,1,34.474,1,1,D,2902771,82,1,A
2021-11-26T05:32:24Z,5.498,83.538,0.0,28.645,1,34.499,1,1,D,2902771,83,1,A
2021-12-06T05:27:20Z,5.429,83.334,0.3,30.166,1,33.26,1,1,D,2902771,84,1,A
2021-12-16T05:24:25Z,5.057,83.18,0.4,29.026,1,34.999,1,1,D,2902771,85,1,A
2022-01-15T05:18:56Z,5.273,84.536,0.3,28.989,1,33.713,1,1,D,2902771,88,1,A
2022-02-14T05:29:58Z,5.33,86.692,0.2,29.121,1,33.956,1,1,D,2902771,91,1,A
2022-02-24T05:19:22Z,5.677,86.864,0.2,29.224,1,33.843,1,1,D,2902771,92,1,A
2022-03-06T05:28:01Z,5.854,86.892,0.2,29.7,1,33.732,1,1,D,2902771,93,1,A
2022-03-16T05:24:34Z,5.769,86.91,0.1,29.259,1,34.601,1,1,D,2902771,94,1,A
2022-03-26T05:32:55Z,5.622,86.902,0.1,29.916,1,34.49,1,1,D,2902771,95,1,A
2022-04-05T05:24:27Z,5.553,86.918,0.2,30.168,1,34.598,1,1,D,2902771,96,1,A
2022-04-15T05:32:55Z,5.119,87.136,0.1,30.836,1,34.537,1,1,D,2902771,97,1,A
2022-05-25T05:20:31Z,5.093,87.14,0.2,29.432,1,34.189,1,1,D,2902771,101,1,A
2022-07-04T05:31:55Z,5.305,85.135,0.3,28.828,1,34.417,1,1,D,2902771,105,1,A
2022-07-14T05:29:49Z,5.948,85.435,0.0,28.687,1,33.625,1,1,D,2902771,106,1,A
2022-07-24T05:07:24Z,5.949,85.785,0.1,28.106,1,34.469,1,1,D,2902771,107,1,A
2022-08-03T05:38:02Z,5.663,85.632,0.2,28.107,1,34.231,1,1,D,2902771,108,1,A
2022-08-13T05:19:58Z,5.32,85.183,0.1,28.323,1,34.062,1,1,D,2902771,109,1,A
2022-08-23T05:30:43Z,5.121,84.684,0.3,28.313,1,34.676,1,1,D,2902771,110,1,A
2022-09-02T05:23:33Z,5.106,84.093,0.2,28.018,1,34.6,1,1,D,2902771,111,1,A
2022-09-12T05:16:00Z,5.229,83.477,0.4,27.913,1,34.801,1,1,D,2902771,112,1,A
2022-09-22T05:18:15Z,5.717,82.839,0.1,28.251,1,34.863,1,1,D,2902771,113,1,A
2022-10-02T05:28:33Z,6.297,82.65,0.2,29.039,1,34.032,1,1,D,2902771,114,1,A
2022-10-12T05:28:15Z,6.608,82.864,0.3,28.087,1,34.507,1,1,D,2902771,115,1,A
2022-10-22T05:29:31Z,6.614,83.15,0.2,28.621,1,33.369,1,1,D,2902771,116,1,A
2022-11-01T05:17:31Z,6.093,83.365,0.2,29.247,1,33.023,1,1,D,2902771,117,1,A
2022-11-11T05:33:33Z,5.297,83.573,6.0,28.426,1,33.432,1,1,D,2902771,118,1,A
2022-11-21T05:20:44Z,5.454,83.987,0.3,28.308,1,34.123,1,1,D,2902771,119,1,A
2022-12-01T05:28:56Z,6.309,83.874,0.1,29.367,1,34.237,1,1,D,2902771,120,1,A
2022-12-11T05:26:27Z,6.707,84.17,0.2,27.707,1,34.748,1,1,D,2902771,121,1,A
2022-12-21T05:25:13Z,6.478,84.68,0.2,27.483,1,34.395,1,1,D,2902771,122,1,A
2022-12-31T05:20:55Z,5.908,84.813,0.2,28.46,1,34.813,1,1,D,2902771,123,1,A
2023-01-10T05:22:17Z,5.211,84.725,0.0,28.38,1,33.85,4,1,D,2902771,124,1,A
2023-01-20T05:23:30Z,5.221,84.763,0.3,28.395,1,34.457,1,1,D,2902771,125,1,A
2023-01-30T05:27:21Z,5.663,84.963,0.0,28.222,1,34.019,1,1,D,2902771,126,1,A
2023-02-09T05:31:19Z,5.897,85.131,0.2,28.403,1,33.345,1,1,D,2902771,127,1,A
2023-02-19T05:32:56Z,5.478,85.094,0.3,28.499,1,33.738,1,1,D,2902771,128,1,A
2023-03-01T05:36:33Z,5.008,84.98,0.2,28.754,1,33.442,1,1,D,2902771,129,1,A
2023-03-31T05:24:52Z,5.325,84.998,0.2,30.247,1,33.839,1,1,D,2902771,132,1,A
2023-04-10T05:29:55Z,5.687,85.145,0.2,30.304,1,34.23,1,1,D,2902771,133,1,A
2023-04-20T05:27:02Z,5.596,85.563,0.4,30.746,1,33.316,1,1,D,2902771,134,1,A
2023-04-30T05:28:30Z,5.329,85.862,0.4,31.01,1,32.967,1,1,D,2902771,135,1,A
2020-02-19T05:35:34Z,14.69,92.658,0.4,26.105,1,32.285,1,1,D,2902772,1,1,A
2020-02-29T05:27:27Z,14.531,92.628,0.1,26.487,1,32.202,1,1,D,2902772,2,1,A
2020-03-10T05:36:33Z,14.821,92.859,0.3,27.291,1,32.258,1,1,D,2902772,3,1,A
2020-03-20T05:34:19Z,14.824,92.923,0.2,27.22,1,32.32,1,1,D,2902772,4,1,A
2020-03-30T05:40:51Z,14.71,92.84,0.2,28.851,1,32.555,1,1,D,2902772,5,1,A
2020-04-09T05:33:25Z,14.618,92.754,0.1,29.851,1,32.445,1,1,D,2902772,6,1,A
2020-04-19T05:25:39Z,14.499,92.701,0.3,30.428,1,32.879,1,1,D,2902772,7,1,A
2020-04-29T05:30:19Z,14.225,92.515,0.4,31.449,1,32.349,1,1,D,2902772,8,1,A
2020-05-09T05:38:09Z,14.193,92.527,0.3,31.217,1,32.478,1,1,D,2902772,9,1,A
2020-05-19T05:34:59Z,14.304,92.575,0.2,30.562,1,32.532,1,1,D,2902772,10,1,A
2020-05-29T05:28:32Z,14.363,92.787,0.4,30.558,1,32.616,1,1,D,2902772,11,1,A
2020-06-07T22:22:27Z,14.12,92.641,0.1,30.097,1,32.53,1,1,D,2902772,12,1,A
2020-06-17T22:37:28Z,14.008,92.595,0.4,29.629,1,32.669,1,1,D,2902772,13,1,A
2020-06-28T05:35:05Z,13.966,92.288,0.4,29.779,1,32.559,1,1,D,2902772,14,1,A
2020-07-07T18:25:49Z,14.594,93.123,0.2,29.321,1,32.554,1,1,D,2902772,15,1,A
2020-07-17T21:07:19Z,15.026,93.182,0.2,29.319,1,32.464,1,1,D,2902772,16,1,A
2020-07-28T05:37:51Z,14.981,92.872,0.1,30.181,1,32.318,1,1,D,2902772,17,1,A
2020-08-07T05:38:19Z,15.031,92.776,0.1,29.156,1,32.583,1,1,D,2902772,18,1,A
2020-08-17T05:34:21Z,15.206,93.112,0.4,29.019,1,32.551,1,1,D,2902772,19,1,A
2020-08-27T05:29:56Z,15.232,92.848,0.4,29.094,1,32.607,1,1,D,2902772,20,1,A
2020-09-06T05:36:01Z,15.013,92.594,0.4,30.482,1,32.638,1,1,D,2902772,21,1,A
2020-09-16T05:41:57Z,14.816,92.317,0.3,29.766,1,32.824,1,1,D,2902772,22,1,A
2020-09-26T05:31:30Z,14.639,92.121,0.2,29.389,1,32.86,1,1,D,2902772,23,1,A
2020-10-06T05:34:26Z,14.42,91.891,0.2,29.396,1,32.759,1,1,D,2902772,24,1,A
2020-10-16T05:39:15Z,14.163,91.717,0.4,29.362,1,32.641,1,1,D,2902772,25,1,A
2020-10-26T05:38:17Z,14.119,91.847,0.4,30.182,1,31.404,1,1,D,2902772,26,1,A
2020-11-05T05:35:48Z,14.297,92.092,0.3,30.089,1,32.019,1,1,D,2902772,27,1,A
2020-11-15T05:39:50Z,14.328,92.163,0.3,29.29,1,32.608,1,1,D,2902772,28,1,A
2020-11-25T05:36:13Z,14.189,91.918,0.3,29.086,1,32.249,1,1,D,2902772,29,1,A
2020-12-05T05:34:01Z,14.045,91.643,0.2,29.064,1,32.547,1,1,D,2902772,30,1,A
2020-12-15T05:33:53Z,13.884,91.412,0.2,28.647,1,32.368,1,1,D,2902772,31,1,A
2020-12-25T05:25:29Z,13.438,91.206,0.2,28.429,1,32.891,1,1,D,2902772,32,1,A
2021-01-04T05:34:33Z,13.07,90.899,0.4,28.444,1,33.101,1,1,D,2902772,33,1,A
2021-01-14T05:36:50Z,12.894,90.713,0.3,28.499,1,33.053,1,1,D,2902772,34,1,A
2021-01-24T05:22:53Z,12.73,90.663,0.2,28.148,1,33.141,1,1,D,2902772,35,1,A
2021-02-03T05:10:50Z,12.491,90.733,0.1,27.906,1,33.431,1,1,D,2902772,36,1,A
2021-02-13T05:24:53Z,12.231,90.761,0.2,27.848,1,33.4,1,1,D,2902772,37,1,A
2021-02-23T05:38:32Z,11.944,90.75,0.2,28.685,1,32.848,1,1,D,2902772,38,1,A
2021-03-05T05:34:44Z,11.864,90.885,0.3,28.765,1,33.021,1,1,D,2902772,39,1,A
2021-03-15T05:40:27Z,12.24,91.067,0.3,28.965,1,33.295,1,1,D,2902772,40,1,A
2021-03-25T05:24:49Z,12.582,91.191,0.3,29.194,1,32.731,1,1,D,2902772,41,1,A
2021-04-04T05:44:30Z,13.041,91.186,0.3,29.414,1,31.428,1,1,D,2902772,42,1,A
2021-04-14T05:29:50Z,13.493,91.265,0.4,30.17,1,31.721,1,1,D,2902772,43,1,A
2021-04-24T05:36:51Z,13.84,91.46,0.4,30.101,1,31.993,1,1,D,2902772,44,1,A
2021-05-04T05:27:58Z,13.936,91.589,0.3,31.638,1,31.778,1,1,D,2902772,45,1,A
2021-05-14T05:30:11Z,13.711,91.558,0.3,31.79,1,32.13,1,1,D,2902772,46,1,A
2021-05-24T05:31:12Z,13.464,91.434,0.2,30.007,1,32.648,4,1,D,2902772,47,1,A
2021-06-03T05:37:58Z,13.171,91.285,0.4,31.111,1,32.005,1,1,D,2902772,48,1,A
2021-06-13T05:29:28Z,12.948,91.152,0.4,29.704,1,32.827,1,1,D,2902772,49,1,A
2021-06-23T05:23:00Z,12.597,90.955,0.2,29.377,1,32.87,1,1,D,2902772,50,1,A
2021-07-03T05:30:50Z,12.045,90.833,0.3,29.397,1,32.958,1,1,D,2902772,51,1,A
2021-07-13T05:32:03Z,11.833,90.907,0.2,29.608,1,32.988,1,1,D,2902772,52,1,A
2021-07-23T05:35:55Z,12.072,90.886,0.1,29.217,1,33.124,1,1,D,2902772,53,1,A
2021-08-02T05:31:58Z,12.333,90.525,0.1,29.25,1,33.127,1,1,D,2902772,54,1,A
2021-08-12T05:25:56Z,12.239,90.492,0.3,29.461,1,33.024,1,1,D,2902772,55,1,A
2021-08-22T05:23:36Z,12.195,90.362,0.3,29.394,1,33.013,1,1,D,2902772,56,1,A
2021-09-01T05:38:49Z,12.247,90.217,0.3,28.992,1,33.026,1,1,D,2902772,57,1,A
2021-09-11T05:26:57Z,12.253,90.083,0.2,28.574,1,32.939,1,1,D,2902772,58,1,A
2021-09-21T05:29:31Z,12.488,90.033,0.4,28.901,1,32.795,1,1,D,2902772,59,1,A
2021-10-01T05:36:55Z,12.747,90.051,0.3,29.287,1,32.775,1,1,D,2902772,60,1,A
2021-10-11T05:34:50Z,12.713,90.053,0.2,28.959,1,32.719,1,1,D,2902772,61,1,A
2021-10-21T05:36:20Z,12.792,89.946,0.2,29.659,1,32.769,1,1,D,2902772,62,1,A
2021-10-31T05:37:09Z,12.937,89.843,0.3,29.727,1,32.876,1,1,D,2902772,63,1,A
2021-11-10T05:26:25Z,12.897,89.73,0.4,29.344,1,32.755,1,1,D,2902772,64,1,A
2021-11-20T05:29:45Z,12.846,89.509,0.1,29.373,1,32.794,1,1,D,2902772,65,1,A
2021-11-30T05:34:15Z,12.892,89.249,0.3,29.301,1,32.983,1,1,D,2902772,66,1,A
2021-12-10T05:24:59Z,13.05,89.063,0.4,28.745,1,33.091,1,1,D,2902772,67,1,A
2021-12-20T05:26:49Z,13.244,88.934,0.2,28.519,1,33.244,1,1,D,2902772,68,1,A
2021-12-30T05:33:33Z,13.457,88.758,0.1,27.93,1,33.632,4,1,D,2902772,69,1,A
2022-01-09T05:24:43Z,13.64,88.492,0.2,28.138,1,33.627,1,1,D,2902772,70,1,A
2022-01-19T05:28:58Z,13.762,88.132,0.3,27.944,1,32.124,1,1,D,2902772,71,1,A
2022-01-29T05:33:20Z,13.802,87.793,0.2,28.059,1,32.272,1,1,D,2902772,72,1,A
2022-02-08T05:26:26Z,13.887,87.537,0.0,27.65,1,32.544,1,1,D,2902772,73,1,A
2022-02-18T05:39:03Z,14.049,87.444,0.4,26.593,1,32.601,1,1,D,2902772,74,1,A
2022-02-28T05:36:24Z,13.853,87.509,0.3,27.368,1,33.109,1,1,D,2902772,75,1,A
2022-03-10T05:28:28Z,13.431,87.499,0.3,27.315,1,32.721,1,1,D,2902772,76,1,A
2022-03-20T05:27:41Z,13.04,87.392,0.3,29.247,1,32.658,1,1,D,2902772,77,1,A
2022-03-30T05:36:50Z,12.765,87.249,0.3,29.958,1,32.895,1,1,D,2902772,78,1,A
2022-04-08T19:30:52Z,12.574,87.134,0.2,29.54,1,32.613,1,1,D,2902772,79,1,A
2022-04-18T21:28:55Z,12.583,87.118,0.4,30.5,1,32.68,1,1,D,2902772,80,1,A
2022-04-28T23:32:02Z,12.813,87.258,0.2,31.278,1,33.289,1,1,D,2902772,81,1,A
2022-05-09T01:28:13Z,13.031,87.435,0.2,28.806,1,33.064,4,1,D,2902772,82,1,A
2022-05-19T03:33:24Z,13.293,87.511,0.4,29.408,1,32.998,1,1,D,2902772,83,1,A
2022-05-29T05:33:03Z,13.547,87.644,0.1,29.624,1,32.831,1,1,D,2902772,84,1,A
2022-06-08T07:27:04Z,13.715,87.803,0.2,29.514,1,33.159,1,1,D,2902772,85,1,A
2022-06-18T09:23:20Z,13.903,87.972,0.4,29.98,1,33.374,1,1,D,2902772,86,1,A
2022-06-28T11:31:51Z,14.23,88.03,0.4,29.752,1,33.267,1,1,D,2902772,87,1,A
2022-07-08T13:33:52Z,14.559,87.97,0.2,29.562,1,33.214,1,1,D,2902772,88,1,A
2022-07-18T15:31:55Z,14.718,87.912,0.2,28.574,1,33.066,1,1,D,2902772,89,1,A
2022-07-28T17:37:16Z,14.508,87.822,0.2,30.099,1,32.97,1,1,D,2902772,90,1,A
2022-08-07T19:37:23Z,14.36,87.54,0.2,29.006,1,33.016,1,1,D,2902772,91,1,A
2022-08-17T21:34:51Z,14.169,87.353,0.3,29.22,1,33.126,1,1,D,2902772,92,1,A
2022-08-27T23:31:05Z,13.901,87.297,0.1,29.313,1,32.761,1,1,D,2902772,93,1,A
2022-09-07T01:40:57Z,13.644,87.324,0.2,29.67,1,32.728,1,1,D,2902772,94,1,A
2022-09-17T03:31:44Z,13.634,87.348,0.3,29.274,1,32.901,1,1,D,2902772,95,1,A
2022-09-27T05:27:02Z,13.673,87.454,0.2,29.307,1,32.629,1,1,D,2902772,96,1,A
2022-10-07T07:35:33Z,13.729,87.595,0.1,29.296,1,32.773,1,1,D,2902772,97,1,A
2022-10-17T09:37:50Z,13.954,87.703,0.3,29.715,1,33.339,1,1,D,2902772,98,1,A
2022-10-27T11:33:37Z,14.037,87.883,0.2,29.288,1,32.735,4,1,D,2902772,99,1,A
2022-11-06T13:26:50Z,13.961,88.049,0.3,29.163,1,32.752,1,1,D,2902772,100,1,A
2022-11-16T15:31:02Z,13.686,88.122,0.2,28.805,1,32.889,4,1,D,2902772,101,1,A
2022-11-26T17:30:15Z,13.505,88.008,0.4,28.827,1,32.677,1,1,D,2902772,102,1,A
2022-12-06T19:31:03Z,13.353,88.029,0.3,28.867,1,32.348,1,1,D,2902772,103,1,A
2022-12-16T21:27:26Z,13.322,88.133,0.1,28.496,1,31.855,1,1,D,2902772,104,1,A
2022-12-26T23:33:07Z,13.43,88.36,0.3,28.218,1,32.061,1,1,D,2902772,105,1,A
2023-01-06T01:41:33Z,13.567,88.585,0.4,28.199,1,32.453,1,1,D,2902772,106,1,A
2023-01-16T03:24:57Z,13.923,88.738,0.1,27.549,1,32.303,4,1,D,2902772,107,1,A
2023-01-26T05:36:34Z,14.065,88.856,0.4,27.543,1,32.894,1,1,D,2902772,108,1,A
2023-02-05T07:34:23Z,13.982,88.951,0.2,27.553,1,32.745,1,1,D,2902772,109,1,A
2023-02-15T09:32:20Z,13.967,88.665,0.2,27.867,1,32.9,1,1,D,2902772,110,1,A
2023-02-25T11:28:43Z,14.141,88.319,0.4,27.461,1,32.893,1,1,D,2902772,111,1,A
2023-03-07T13:35:50Z,14.701,88.024,0.3,27.694,1,32.407,1,1,D,2902772,112,1,A
2023-03-17T15:27:04Z,14.97,88.242,0.4,28.801,1,31.737,1,1,D,2902772,113,1,A
2023-03-27T17:33:56Z,14.662,88.235,0.3,30.036,1,32.173,1,1,D,2902772,114,1,A
2023-04-06T19:38:25Z,14.316,87.918,0.4,30.187,1,32.728,1,1,D,2902772,115,1,A
2023-04-16T21:33:30Z,14.167,87.538,0.2,30.401,1,32.778,1,1,D,2902772,116,1,A
2023-04-26T23:43:25Z,14.051,87.306,0.2,30.542,1,32.381,1,1,D,2902772,117,1,A
2023-05-07T01:42:03Z,13.847,87.094,0.2,30.729,1,32.682,1,1,D,2902772,118,1,A
2023-05-17T03:39:50Z,13.618,86.863,0.4,30.209,1,32.61,1,1,D,2902772,119,1,A
2023-05-27T05:25:54Z,13.595,86.804,0.3,30.311,1,32.66,1,1,D,2902772,120,1,A
2023-06-06T07:35:10Z,13.898,86.735,0.2,30.667,1,33.702,1,1,D,2902772,121,1,A
2023-06-16T09:14:26Z,14.345,86.707,0.0,29.655,1,33.803,1,1,D,2902772,122,1,A
2023-06-26T11:34:51Z,14.995,86.764,0.2,29.826,1,33.488,1,1,D,2902772,123,1,A
2023-07-06T13:43:50Z,15.334,86.436,0.4,29.305,1,33.302,1,1,D,2902772,124,1,A
2023-07-16T15:27:52Z,15.655,86.24,0.0,29.456,1,33.028,1,1,D,2902772,125,1,A
2023-07-26T17:27:39Z,15.99,86.332,0.3,28.22,1,33.465,1,1,D,2902772,126,1,A
2023-08-05T19:29:01Z,16.12,86.85,0.3,28.242,1,33.238,1,1,D,2902772,127,1,A
2023-08-15T21:34:41Z,16.083,87.222,0.3,29.347,1,33.307,1,1,D,2902772,128,1,A
2023-08-25T23:36:52Z,16.023,87.565,0.3,29.144,1,33.403,1,1,D,2902772,129,1,A
2023-09-05T01:34:18Z,15.727,87.537,0.4,29.1,1,32.728,1,1,D,2902772,130,1,A
2023-09-15T03:43:18Z,15.62,87.361,0.3,28.782,1,32.888,1,1,D,2902772,131,1,A
2023-09-25T05:34:57Z,15.564,87.12,0.4,29.757,1,32.254,1,1,D,2902772,132,1,A
2023-10-05T07:35:28Z,15.514,86.894,0.4,29.406,1,33.267,1,1,D,2902772,133,1,A
2023-10-15T09:34:03Z,15.325,86.891,5.9,30.076,1,31.01,1,1,D,2902772,134,1,A
2023-10-25T11:31:05Z,15.406,86.89,0.4,29.669,1,32.742,1,1,D,2902772,135,1,A
2023-11-04T13:23:26Z,15.675,86.883,0.4,29.65,1,32.993,1,1,D,2902772,136,1,A
2023-11-14T15:34:35Z,15.715,87.103,0.4,28.892,1,32.207,1,1,D,2902772,137,1,A
2023-11-24T17:24:56Z,15.903,87.532,0.0,29.181,1,33.529,1,1,D,2902772,138,1,A
2023-12-04T19:40:40Z,15.635,88.306,0.2,28.747,1,32.832,1,1,D,2902772,139,1,A
2023-12-14T21:24:05Z,15.305,88.815,0.4,28.262,1,32.144,1,1,D,2902772,140,1,A
2023-12-24T23:36:59Z,15.112,89.018,0.2,28.359,1,32.455,1,1,D,2902772,141,1,A
2024-01-04T01:32:21Z,15.272,89.042,0.3,27.911,1,32.442,1,1,D,2902772,142,1,A
2024-01-14T03:30:32Z,15.517,89.012,0.3,27.341,1,32.804,1,1,D,2902772,143,1,A
2024-01-24T05:29:55Z,15.769,88.886,0.2,27.211,1,32.744,1,1,D,2902772,144,1,A
2024-02-03T07:32:23Z,15.93,88.767,0.3,26.113,1,31.527,1,1,D,2902772,145,1,A
2024-02-13T09:39:28Z,15.921,88.669,9.1,25.978,1,31.014,1,1,D,2902772,146,1,A
2024-02-23T11:29:29Z,15.817,88.549,0.3,27.885,1,30.56,1,1,D,2902772,147,1,A
2024-03-04T13:33:24Z,15.746,88.345,0.3,27.638,1,32.151,4,1,D,2902772,148,1,A
2024-03-14T15:35:54Z,15.71,88.169,0.2,28.464,1,32.456,1,1,D,2902772,149,1,A
2024-03-24T17:42:25Z,15.748,88.002,0.2,28.415,1,32.289,1,1,D,2902772,150,1,A
2024-04-03T19:27:45Z,15.773,87.861,0.1,29.249,1,32.531,1,1,D,2902772,151,1,A
2024-04-13T21:26:32Z,15.822,87.726,0.2,29.798,1,32.295,1,1,D,2902772,152,1,A
2024-04-23T23:37:33Z,15.797,87.629,0.2,30.104,1,32.819,1,1,D,2902772,153,1,A
2024-05-04T01:23:52Z,15.771,87.507,0.2,30.424,1,33.033,1,1,D,2902772,154,1,A
2024-05-14T03:37:25Z,15.65,87.423,0.2,30.967,1,33.138,1,1,D,2902772,155,1,A
2024-05-24T05:32:06Z,15.467,87.394,0.4,31.146,1,32.687,1,1,D,2902772,156,1,A
2024-06-03T07:31:33Z,15.207,87.301,0.3,30.865,1,32.932,1,1,D,2902772,157,1,A
2024-06-13T09:25:56Z,14.963,87.032,175.5,16.37,1,34.908,1,1,D,2902772,158,1,A
2024-06-23T11:32:47Z,14.702,86.697,0.4,30.149,1,33.289,1,1,D,2902772,159,1,A
2024-07-03T13:39:22Z,14.592,86.424,0.1,29.621,1,32.962,1,1,D,2902772,160,1,A
2024-07-13T15:37:56Z,14.67,86.188,0.1,29.601,1,33.092,1,1,D,2902772,161,1,A
2024-07-23T17:33:35Z,14.718,86.237,0.2,28.532,1,33.617,1,1,D,2902772,162,1,A
2024-08-02T19:37:06Z,14.591,86.442,0.4,29.296,1,33.186,1,1,D,2902772,163,1,A
2024-08-12T21:32:18Z,14.788,86.674,0.1,30.078,1,33.086,1,1,D,2902772,164,1,A
2024-08-22T23:36:50Z,15.056,86.478,0.3,29.944,1,33.22,1,1,D,2902772,165,1,A
2024-09-02T01:27:29Z,15.431,86.193,0.2,28.474,1,32.829,1,1,D,2902772,166,1,A
2024-09-12T03:34:15Z,15.921,85.931,0.1,28.512,1,32.924,1,1,D,2902772,167,1,A
2024-09-22T05:36:47Z,16.317,85.775,25.5,28.826,1,32.627,1,1,D,2902772,168,1,A
2024-10-02T07:42:52Z,16.476,85.794,25.5,28.974,1,32.281,1,1,D,2902772,169,1,A
2024-10-12T09:45:49Z,16.495,85.734,15.0,30.047,1,30.741,1,1,D,2902772,170,1,A
2024-10-22T12:23:22Z,16.217,85.37,21.6,30.201,1,32.031,1,1,D,2902772,171,1,A
2024-11-01T13:18:25Z,16.246,85.312,6.8,29.942,1,30.124,1,1,D,2902772,172,1,A
2024-11-11T15:26:40Z,15.904,85.287,15.2,30.091,1,32.59,1,1,D,2902772,173,1,A
2024-11-21T17:29:56Z,15.43,85.327,0.2,29.152,1,33.318,1,1,D,2902772,174,1,A
2024-12-01T19:35:21Z,15.192,85.352,0.1,28.498,1,33.385,1,1,D,2902772,175,1,A
2024-12-11T21:29:35Z,15.059,85.4,0.3,28.389,1,33.211,1,1,D,2902772,176,1,A
2024-12-21T23:37:32Z,14.725,85.279,0.1,28.15,1,32.614,1,1,D,2902772,177,1,A
2025-01-01T01:43:51Z,14.368,85.008,0.4,28.138,1,33.332,1,1,D,2902772,178,1,A
2025-01-11T03:27:07Z,13.964,84.767,0.3,27.213,1,32.989,1,1,D,2902772,179,1,A
2025-01-21T05:24:52Z,13.688,84.634,0.2,27.666,1,33.497,1,1,D,2902772,180,1,A
2025-01-31T07:33:56Z,13.412,84.71,0.2,27.638,1,33.616,1,1,D,2902772,181,1,A
2025-02-10T09:19:26Z,13.321,84.892,0.2,28.137,1,32.845,4,1,D,2902772,182,1,A
2025-02-20T11:20:33Z,13.345,85.093,0.2,28.495,1,32.863,1,1,D,2902772,183,1,A
2025-03-02T13:38:05Z,13.623,85.135,0.3,28.545,1,33.044,4,1,D,2902772,184,1,A
2025-03-12T15:33:52Z,13.888,85.136,0.4,29.33,1,32.837,4,1,D,2902772,185,1,A
2025-03-22T17:35:40Z,14.208,85.149,0.2,29.739,1,33.125,1,1,D,2902772,186,1,A
2025-04-01T19:26:20Z,14.466,85.169,0.3,29.891,1,33.631,1,1,D,2902772,187,1,A
2025-04-11T21:19:28Z,14.716,85.104,0.2,30.165,1,33.658,1,1,D,2902772,188,1,A
2025-04-21T23:26:05Z,14.987,84.879,0.3,30.527,1,33.64,1,1,D,2902772,189,1,A
2025-05-02T01:29:56Z,15.451,84.616,0.2,31.012,1,33.013,1,1,D,2902772,190,1,A
2025-05-12T03:26:34Z,15.492,84.583,0.2,30.864,1,32.33,1,1,D,2902772,191,1,A
2025-05-22T05:35:57Z,14.854,84.404,0.2,30.77,1,32.897,1,1,D,2902772,192,1,A
2025-06-01T07:35:14Z,14.09,84.199,0.4,30.123,1,33.648,1,1,A,2902772,193,1,A
2025-06-11T09:23:20Z,13.733,84.232,0.1,30.552,1,33.619,1,1,A,2902772,194,1,A
2025-06-21T11:34:18Z,14.101,84.41,0.3,30.111,1,32.914,1,1,A,2902772,195,1,A
2025-07-01T13:31:56Z,14.277,84.922,0.4,29.469,1,33.3,1,1,A,2902772,196,1,A
2025-07-11T15:22:51Z,14.323,85.406,0.1,29.71,1,33.325,1,1,A,2902772,197,1,A
2025-07-21T17:24:01Z,14.078,85.607,0.2,29.274,1,32.953,1,1,A,2902772,198,1,A
2025-07-31T19:33:26Z,13.836,85.735,0.3,29.171,1,32.925,1,1,A,2902772,199,1,A
2025-08-10T21:24:26Z,14.092,85.7,0.2,29.338,1,32.784,1,1,A,2902772,200,1,A
2025-08-20T23:33:02Z,14.292,85.636,0.4,28.781,1,32.984,1,1,A,2902772,201,1,A
2025-08-31T01:29:26Z,14.333,85.308,0.2,29.212,1,31.999,1,1,A,2902772,202,1,A
2025-09-10T03:29:29Z,14.467,85.097,0.3,29.469,1,32.002,1,1,A,2902772,203,1,A
2020-01-15T05:40:44Z,5.476,81.787,0.3,28.914,1,33.749,1,1,D,2902775,1,1,A
2020-01-25T05:31:14Z,6.116,82.252,0.1,28.469,1,33.174,1,1,D,2902775,2,1,A
2020-02-04T05:29:42Z,6.542,83.053,0.1,28.447,1,33.425,1,1,D,2902775,3,1,A
2020-02-14T05:29:13Z,6.411,83.244,0.0,28.28,1,33.865,1,1,D,2902775,4,1,A
2020-02-24T05:26:05Z,6.14,83.054,0.3,28.432,1,33.621,1,1,D,2902775,5,1,A
2020-03-05T05:33:39Z,6.039,82.942,0.0,29.661,1,33.401,1,1,D,2902775,6,1,A
2020-03-15T05:33:51Z,5.895,83.207,0.0,29.195,1,33.523,1,1,D,2902775,7,1,A
2020-03-25T05:30:25Z,5.761,83.249,0.1,29.484,1,33.555,1,1,D,2902775,8,1,A
2020-04-04T05:44:28Z,5.793,83.122,0.1,29.525,1,33.33,1,1,D,2902775,9,1,A
2020-04-14T05:31:28Z,5.639,82.942,0.2,30.549,1,34.234,1,1,D,2902775,10,1,A
2020-04-24T05:35:29Z,5.378,82.55,0.2,30.746,1,33.483,1,1,D,2902775,11,1,A
2020-05-04T05:25:49Z,5.138,82.081,0.1,30.378,1,33.815,1,1,D,2902775,12,1,A
2022-04-24T05:28:36Z,5.498,80.561,0.1,30.103,1,33.329,1,1,D,2902775,122,1,A
2022-05-04T05:21:19Z,5.756,81.418,0.1,29.245,1,33.707,1,1,D,2902775,123,1,A
2022-05-14T05:36:28Z,6.455,81.957,0.0,30.217,1,34.241,1,1,D,2902775,124,1,A
2022-05-24T05:30:56Z,6.942,82.163,0.1,30.016,1,33.167,1,1,D,2902775,125,1,A
2022-06-03T05:22:49Z,9.451,82.319,0.1,29.696,1,33.552,1,1,D,2902775,126,1,A
2022-06-13T05:34:20Z,9.838,82.978,0.4,29.546,1,33.555,1,1,D,2902775,127,1,A
2022-06-23T05:37:57Z,9.97,83.404,0.2,29.599,1,33.017,1,1,D,2902775,128,1,A
2022-07-03T05:26:56Z,10.165,83.75,0.4,29.628,1,33.168,1,1,D,2902775,129,1,A
2022-07-13T05:45:59Z,10.437,83.17,0.2,29.153,1,33.442,1,1,D,2902775,130,1,A
2022-07-23T05:35:58Z,10.891,82.769,0.2,29.309,1,33.236,1,1,D,2902775,131,1,A
2022-08-02T05:32:14Z,11.459,82.772,0.7,29.466,1,33.05,1,1,D,2902775,132,1,A
2022-08-12T05:11:03Z,10.439,82.737,0.0,28.836,1,33.755,1,1,D,2902775,133,1,A
2022-08-22T05:37:49Z,11.019,83.53,0.1,29.299,1,33.367,1,1,D,2902775,134,1,A
2022-09-01T05:32:27Z,11.442,83.712,0.0,29.498,1,33.239,1,1,D,2902775,135,1,A
2022-09-11T05:31:44Z,10.991,83.82,0.0,28.994,1,33.324,1,1,D,2902775,136,1,A
2022-09-21T05:19:00Z,10.166,83.51,0.1,29.416,1,33.224,1,1,D,2902775,137,1,A
2022-10-01T05:22:56Z,9.379,82.856,0.0,29.198,1,33.161,1,1,D,2902775,138,1,A
2022-10-11T05:28:01Z,9.036,82.192,0.2,28.924,1,32.509,1,1,D,2902775,139,1,A
2022-10-21T05:33:27Z,8.663,81.92,0.1,29.191,1,30.954,1,1,D,2902775,140,1,A
2022-10-31T05:25:11Z,7.623,82.349,0.4,29.502,1,30.692,1,1,D,2902775,141,1,A
2022-11-10T05:28:30Z,8.321,82.928,0.4,28.746,1,33.366,1,1,D,2902775,142,1,A
2022-11-20T05:30:41Z,8.598,83.9,0.3,28.005,1,34.267,1,1,D,2902775,143,1,A
2022-11-30T05:27:27Z,7.826,83.511,0.0,28.956,1,33.628,1,1,D,2902775,144,1,A
2022-12-10T05:28:32Z,8.297,82.611,0.4,26.867,1,33.324,1,1,D,2902775,145,1,A
2022-12-20T05:40:35Z,8.623,83.673,0.0,27.42,1,33.294,1,1,D,2902775,146,1,A
2022-12-30T05:28:54Z,7.864,84.072,0.2,28.102,1,34.651,1,1,D,2902775,147,1,A
2023-01-09T05:22:20Z,7.104,83.531,0.0,28.29,1,34.841,1,1,D,2902775,148,1,A
2023-01-19T05:40:17Z,6.333,83.328,0.0,27.964,1,34.494,1,1,D,2902775,149,1,A
2023-01-29T05:30:46Z,5.785,83.64,0.4,27.574,1,34.238,1,1,D,2902775,150,1,A
2023-02-08T05:32:33Z,6.417,84.483,0.0,28.373,1,33.633,1,1,D,2902775,151,1,A
2023-02-18T05:29:20Z,7.083,85.121,0.0,28.221,1,34.252,1,1,D,2902775,152,1,A
2023-02-28T05:31:30Z,7.479,85.44,0.2,28.238,1,34.194,1,1,D,2902775,153,1,A
2023-03-10T05:26:38Z,7.698,85.694,0.1,28.617,1,33.196,1,1,D,2902775,154,1,A
2023-03-20T05:25:53Z,7.742,85.794,0.1,29.301,1,33.36,1,1,D,2902775,155,1,A
2023-03-30T05:24:00Z,7.74,85.733,0.2,29.888,1,33.779,1,1,D,2902775,156,1,A
2023-04-09T05:30:30Z,7.71,85.6,0.1,30.334,1,33.235,1,1,D,2902775,157,1,A
2023-04-19T05:34:09Z,7.696,85.489,0.4,31.053,1,33.384,1,1,D,2902775,158,1,A
2023-04-29T05:42:52Z,7.685,85.483,0.1,30.947,1,32.855,1,1,D,2902775,159,1,A
2023-05-09T05:19:01Z,7.631,85.542,0.0,30.017,1,32.952,1,1,D,2902775,160,1,A
2023-05-19T05:31:26Z,7.682,85.609,0.1,29.626,1,33.293,1,1,D,2902775,161,1,A
2023-05-29T05:22:19Z,7.975,85.756,0.0,30.147,1,32.757,1,1,D,2902775,162,1,A
2023-06-08T05:30:30Z,8.578,85.891,0.3,30.079,1,33.076,1,1,D,2902775,163,1,A
2023-06-18T05:25:18Z,8.835,85.87,0.0,29.551,1,33.286,1,1,D,2902775,164,1,A
2023-06-28T05:28:20Z,8.564,85.562,0.1,29.386,1,33.464,1,1,D,2902775,165,1,A
2023-07-08T05:27:52Z,8.168,85.114,0.2,29.101,1,33.552,1,1,D,2902775,166,1,A
2023-07-18T05:34:27Z,8.019,84.779,0.2,28.944,1,33.508,1,1,D,2902775,167,1,A
2023-07-28T05:29:45Z,7.871,84.544,0.4,29.186,1,33.482,1,1,D,2902775,168,1,A
2023-08-07T05:19:51Z,7.58,84.22,0.2,28.508,1,34.268,1,1,D,2902775,169,1,A
2023-08-17T05:21:55Z,7.162,84.011,0.0,28.821,1,34.535,1,1,D,2902775,170,1,A
2023-08-27T05:29:07Z,6.884,83.932,0.1,29.128,1,34.257,1,1,D,2902775,171,1,A
2023-09-06T05:32:43Z,7.065,84.162,0.3,28.842,1,34.296,1,1,D,2902775,172,1,A
2023-09-16T05:22:34Z,7.319,84.681,0.1,28.835,1,34.502,1,1,D,2902775,173,1,A
2023-09-26T05:36:08Z,7.444,85.07,0.2,28.994,1,34.426,1,1,D,2902775,174,1,A
2023-10-06T05:17:28Z,7.406,85.382,0.1,28.872,1,34.796,1,1,D,2902775,175,1,A
2023-10-16T05:25:34Z,7.501,85.798,0.3,29.117,1,33.663,1,1,D,2902775,176,1,A
2023-10-26T05:23:31Z,7.798,86.053,0.3,29.818,1,33.472,1,1,D,2902775,177,1,A
2023-11-05T05:23:15Z,7.888,86.391,0.1,29.223,1,33.879,1,1,D,2902775,178,1,A
2023-11-15T05:22:33Z,7.705,86.44,0.0,29.637,1,33.462,1,1,D,2902775,179,1,A
2023-11-25T05:35:52Z,7.618,86.324,0.1,29.618,1,33.29,1,1,D,2902775,180,1,A
2023-12-05T05:27:58Z,7.721,86.332,0.2,29.031,1,33.166,1,1,D,2902775,181,1,A
2023-12-15T05:27:23Z,7.877,86.318,0.0,29.184,1,32.617,1,1,D,2902775,182,1,A
2023-12-25T05:35:20Z,8.059,86.222,0.1,28.984,1,32.707,1,1,D,2902775,183,1,A
2024-01-04T05:33:21Z,8.377,85.859,0.5,28.85,1,33.343,1,1,D,2902775,184,1,A
2024-01-14T05:34:33Z,8.725,85.308,0.2,28.499,1,32.513,1,1,D,2902775,185,1,A
2024-01-24T05:30:15Z,9.161,84.796,0.1,28.566,1,32.697,1,1,D,2902775,186,1,A
2024-02-03T05:25:31Z,9.695,84.585,0.1,28.803,1,32.859,1,1,D,2902775,187,1,A
2024-02-13T05:36:51Z,9.823,84.8,0.2,28.172,1,32.28,1,1,D,2902775,188,1,A
2024-02-23T05:24:56Z,9.235,85.043,0.1,28.926,1,32.986,1,1,D,2902775,189,1,A
2024-03-04T05:32:26Z,8.941,85.133,0.3,29.353,1,33.356,1,1,D,2902775,190,1,A
2024-03-14T05:15:27Z,8.687,85.414,0.2,29.675,1,33.407,1,1,D,2902775,191,1,A
2024-03-24T05:27:08Z,8.422,85.673,0.0,29.669,1,33.088,1,1,D,2902775,192,1,A
2024-04-03T05:21:55Z,8.292,85.632,0.0,31.171,1,32.92,1,1,D,2902775,193,1,A
2024-04-13T05:39:32Z,8.162,85.43,0.1,30.872,1,32.938,1,1,D,2902775,194,1,A
2024-04-23T05:25:59Z,7.904,85.101,0.0,31.591,1,32.731,1,1,D,2902775,195,1,A
2024-05-03T05:30:50Z,7.611,84.722,0.2,31.776,1,32.893,1,1,D,2902775,196,1,A
2024-05-13T05:27:22Z,7.413,84.477,0.2,31.874,1,32.211,1,1,D,2902775,197,1,A
2024-05-23T05:31:28Z,7.448,84.437,0.3,30.156,1,33.067,1,1,D,2902775,198,1,A
2024-06-02T05:34:28Z,7.615,84.973,0.3,29.665,1,33.383,1,1,D,2902775,199,1,A
2024-06-12T05:32:44Z,7.376,85.349,0.0,29.453,1,33.447,1,1,D,2902775,200,1,A
2024-06-22T05:26:27Z,6.993,85.526,0.2,29.785,1,33.286,1,1,D,2902775,201,1,A
2024-07-02T05:24:29Z,6.806,85.4,0.0,29.313,1,33.593,1,1,D,2902775,202,1,A
2024-07-12T05:25:54Z,7.194,85.09,0.2,29.511,1,33.256,1,1,D,2902775,203,1,A
2024-07-22T05:30:25Z,7.943,85.17,0.4,29.217,1,33.604,1,1,D,2902775,204,1,A
2024-08-01T05:07:32Z,8.115,85.794,0.0,28.656,1,33.986,1,1,D,2902775,205,1,A
2024-08-11T05:21:09Z,7.387,85.7,0.0,29.252,1,34.354,1,1,D,2902775,206,1,A
2024-08-21T05:14:31Z,6.369,85.321,0.1,29.235,1,34.122,1,1,D,2902775,207,1,A
2024-08-31T05:22:55Z,6.263,85.829,0.3,29.266,1,34.234,1,1,D,2902775,208,1,A
2024-09-10T05:16:14Z,7.242,86.656,0.3,29.087,1,33.612,1,1,D,2902775,209,1,A
2024-09-20T05:30:28Z,7.491,87.632,0.4,29.126,1,33.331,1,1,D,2902775,210,1,A
2024-09-30T05:28:28Z,7.372,88.245,0.0,29.427,1,33.99,1,1,D,2902775,211,1,A
2024-10-10T05:26:25Z,7.11,88.152,0.1,30.97,1,32.455,1,1,D,2902775,212,1,A
2024-10-20T05:23:01Z,6.499,87.712,0.2,29.316,1,33.849,1,1,D,2902775,213,1,A
2024-10-30T05:23:29Z,6.21,87.742,0.0,29.199,1,33.532,1,1,D,2902775,214,1,A
2024-11-09T05:14:14Z,6.832,88.088,0.1,29.562,1,33.442,1,1,D,2902775,215,1,A
2024-11-19T05:12:06Z,7.503,88.195,0.1,30.232,1,33.558,1,1,D,2902775,216,1,A
2024-11-29T05:20:34Z,7.779,88.146,0.2,28.981,1,33.868,1,1,D,2902775,217,1,A
2024-12-09T05:27:28Z,7.496,88.154,0.0,28.762,1,34.025,1,1,D,2902775,218,1,A
2024-12-19T05:29:05Z,7.417,88.039,0.3,29.085,1,33.799,1,1,D,2902775,219,1,A
2024-12-29T05:33:31Z,7.498,88.046,0.4,29.006,1,33.905,1,1,D,2902775,220,1,A
2025-01-08T05:22:56Z,8.048,88.237,0.4,28.913,1,33.383,1,1,D,2902775,221,1,A
2025-01-18T05:25:47Z,8.379,88.372,0.0,28.78,1,34.194,1,1,D,2902775,222,1,A
2025-01-28T05:26:54Z,8.018,88.439,0.0,28.872,1,33.916,1,1,D,2902775,223,1,A
2025-02-07T05:17:21Z,7.635,88.45,0.1,28.523,1,33.493,1,1,D,2902775,224,1,A
2025-02-17T05:18:26Z,7.559,88.703,0.2,28.732,1,33.331,1,1,D,2902775,225,1,A
2025-02-27T05:23:24Z,7.377,89.03,0.2,28.44,1,33.22,1,1,D,2902775,226,1,A
2025-03-09T05:27:09Z,7.219,89.085,0.0,29.046,1,33.111,1,1,D,2902775,227,1,A
2025-03-19T05:24:13Z,7.342,88.938,0.1,29.769,1,33.52,1,1,D,2902775,228,1,A
2025-03-29T05:27:04Z,7.661,88.865,0.0,29.752,1,33.066,1,1,D,2902775,229,1,A
2025-04-08T05:31:30Z,8.004,88.988,0.3,29.487,1,32.518,1,1,D,2902775,230,1,A
2025-04-18T05:13:15Z,8.282,89.066,0.1,29.972,1,33.05,1,1,D,2902775,231,1,A
2025-04-28T05:39:25Z,8.384,89.267,0.1,31.866,1,32.077,1,1,D,2902775,232,1,A
2025-05-08T05:19:19Z,8.386,89.379,0.4,30.15,1,33.054,1,1,D,2902775,233,1,A
2025-05-18T05:27:45Z,8.1,89.331,0.1,29.833,1,32.959,1,1,D,2902775,234,1,A
2025-05-28T05:21:23Z,7.88,89.298,0.1,29.842,1,33.061,1,1,D,2902775,235,1,A
2025-06-07T05:36:24Z,7.864,89.498,0.3,29.876,1,33.157,1,1,A,2902775,236,1,A
2025-06-17T05:34:25Z,7.983,89.636,0.2,29.594,1,33.288,1,1,A,2902775,237,1,A
2025-06-27T05:22:58Z,8.06,89.66,0.2,29.405,1,34.018,1,1,A,2902775,238,1,A
2025-07-07T05:34:13Z,7.832,89.617,0.1,29.571,1,33.692,1,1,A,2902775,239,1,A
2025-07-17T05:36:21Z,7.474,89.681,0.2,29.174,1,33.717,1,1,A,2902775,240,1,A
2025-07-27T05:19:58Z,7.341,89.882,0.3,29.091,1,34.27,1,1,A,2902775,241,1,A
2025-08-06T05:18:44Z,7.551,90.115,0.2,29.127,1,33.781,1,1,A,2902775,242,1,A
2025-08-16T05:05:51Z,7.768,90.154,0.2,28.931,1,34.03,1,1,A,2902775,243,1,A
2025-08-26T05:38:44Z,7.728,90.003,0.1,28.984,1,33.878,1,1,A,2902775,244,1,A
2025-09-05T05:22:43Z,7.48,89.702,0.4,29.115,1,33.971,1,1,A,2902775,245,1,A
2025-09-15T05:32:26Z,7.336,89.396,0.3,28.679,1,33.694,1,1,A,2902775,246,1,A
2022-04-19T16:41:00Z,11.475,86.033,3.3,30.357,1,33.195,1,1,A,2902837,1,1,A
2022-04-20T05:15:00Z,11.47,86.059,2.8,30.476,1,33.231,1,1,A,2902837,6,1,A
2022-04-21T13:34:00Z,11.489,86.111,2.8,30.726,1,33.436,1,1,A,2902837,8,1,A
2022-04-26T05:11:00Z,11.661,86.312,3.3,30.94,1,33.546,1,1,A,2902837,9,1,A
2022-05-01T00:52:00Z,11.795,86.537,3.4,31.171,1,33.117,1,1,A,2902837,10,1,A
2022-05-05T20:54:00Z,11.929,86.757,3.1,31.546,1,33.098,1,1,A,2902837,11,1,A
2022-05-10T16:26:00Z,12.085,86.948,3.6,29.241,1,32.989,1,1,A,2902837,12,1,A
2022-05-15T12:36:00Z,12.285,87.099,3.3,29.432,1,33.074,1,1,A,2902837,13,1,A
2022-05-20T08:17:00Z,12.373,87.266,3.5,29.856,1,32.939,1,1,A,2902837,14,1,A
2022-05-25T04:11:00Z,12.446,87.461,4.2,29.501,1,33.083,1,1,A,2902837,15,1,A
2022-06-03T19:33:00Z,12.454,87.681,3.7,29.82,1,32.87,1,1,A,2902837,17,1,A
2022-06-08T14:49:00Z,12.413,87.679,3.6,29.741,1,33.038,1,1,A,2902837,18,1,A
2022-06-18T05:29:00Z,12.349,87.574,3.3,29.559,1,33.079,1,1,A,2902837,19,1,A
2022-06-23T01:37:00Z,12.334,87.557,2.8,29.499,1,33.101,1,1,A,2902837,20,1,A
2022-06-27T21:03:00Z,12.231,87.54,3.3,29.277,1,32.98,1,1,A,2902837,21,1,A
2022-07-02T16:50:00Z,12.104,87.491,3.6,29.487,1,33.03,1,1,A,2902837,22,1,A
2022-07-07T12:32:00Z,11.941,87.393,3.7,29.341,1,33.03,1,1,A,2902837,23,1,A
2022-07-12T08:03:00Z,11.744,87.269,4.5,29.213,1,33.295,1,1,A,2902837,24,1,A
2022-07-17T03:26:00Z,11.586,87.087,2.7,29.011,1,33.36,1,1,A,2902837,25,1,A
2022-07-21T22:56:00Z,11.438,86.851,3.4,29.362,1,33.464,1,1,A,2902837,26,1,A
2022-07-26T18:20:00Z,11.33,86.63,2.6,29.961,1,33.503,1,1,A,2902837,27,1,A
2022-07-31T14:12:00Z,11.188,86.409,2.8,29.994,1,33.205,1,1,A,2902837,28,1,A
2022-08-05T09:56:00Z,11.009,86.197,3.8,29.115,1,33.062,1,1,A,2902837,29,1,A
2022-08-10T05:15:00Z,10.86,85.996,2.8,28.855,1,33.299,1,1,A,2902837,30,1,A
2022-08-15T00:58:00Z,10.642,85.815,3.2,28.904,1,33.28,1,1,A,2902837,31,1,A
2022-08-19T20:06:00Z,10.406,85.634,3.8,29.166,1,33.314,1,1,A,2902837,32,1,A
2022-08-24T15:25:00Z,10.244,85.491,3.0,29.255,1,33.494,1,1,A,2902837,33,1,A
2022-08-29T11:17:00Z,10.089,85.368,2.9,29.107,1,33.553,1,1,A,2902837,34,1,A
2022-09-03T06:51:00Z,9.898,85.286,2.5,28.767,1,34.476,1,1,A,2902837,35,1,A
2022-09-08T02:19:00Z,9.77,85.244,2.2,28.531,1,33.96,1,1,A,2902837,36,1,A
2022-09-12T22:19:00Z,9.732,85.273,3.8,28.823,1,33.757,1,1,A,2902837,37,1,A
2022-09-17T17:46:00Z,9.783,85.273,3.2,29.054,1,33.515,1,1,A,2902837,38,1,A
2022-09-22T12:39:00Z,9.886,85.276,3.0,29.45,1,33.272,1,1,A,2902837,39,1,A
2022-09-27T08:15:00Z,10.112,85.214,3.0,29.631,1,33.247,1,1,A,2902837,40,1,A
2022-10-02T04:24:00Z,10.356,85.096,3.4,29.344,1,33.145,1,1,A,2902837,41,1,A
2022-10-11T19:14:00Z,10.679,84.928,3.5,29.13,1,32.813,1,1,A,2902837,42,1,A
2022-10-16T14:42:00Z,10.789,84.889,3.5,29.59,1,32.64,1,1,A,2902837,43,1,A
2022-10-21T10:06:00Z,10.915,84.894,3.5,29.266,1,33.094,1,1,A,2902837,44,1,A
2022-10-26T05:47:00Z,11.055,84.89,2.8,29.063,1,33.324,1,1,A,2902837,45,1,A
2022-10-31T01:57:00Z,11.172,84.883,2.8,28.961,1,33.154,1,1,A,2902837,46,1,A
2022-11-04T21:18:00Z,11.181,84.848,3.0,28.953,1,33.251,1,1,A,2902837,47,1,A
2022-11-09T16:35:00Z,11.181,84.814,3.5,29.08,1,32.983,1,1,A,2902837,48,1,A
2022-11-14T12:23:00Z,11.155,84.806,2.8,28.947,1,33.3,1,1,A,2902837,49,1,A
2022-11-19T08:18:00Z,11.118,84.862,2.7,28.485,1,33.631,1,1,A,2902837,50,1,A
2022-11-24T03:38:00Z,11.09,84.975,2.7,28.23,1,33.39,1,1,A,2902837,51,1,A
2022-11-28T22:59:00Z,11.072,85.094,2.2,28.758,1,33.102,1,1,A,2902837,52,1,A
2022-12-03T18:42:00Z,10.995,85.223,3.1,28.905,1,33.176,1,1,A,2902837,53,1,A
2022-12-08T14:07:00Z,10.952,85.338,2.8,27.68,1,34.124,1,1,A,2902837,54,1,A
2022-12-13T09:09:00Z,10.996,85.398,2.0,28.138,1,34.24,1,1,A,2902837,55,1,A
2022-12-18T04:41:00Z,11.047,85.372,2.3,26.837,1,34.675,1,1,A,2902837,56,1,A
2022-12-23T00:23:00Z,11.033,85.393,3.2,27.006,1,33.933,1,1,A,2902837,57,1,A
2022-12-27T20:04:00Z,11.052,85.554,2.8,27.702,1,34.37,1,1,A,2902837,58,1,A
2023-01-01T15:54:00Z,11.004,85.762,1.9,28.074,1,34.07,1,1,A,2902837,59,1,A
2023-01-06T11:54:00Z,10.877,85.925,2.9,27.835,1,33.825,1,1,A,2902837,60,1,A
2023-01-11T07:05:00Z,10.873,86.008,2.7,27.636,1,34.443,1,1,A,2902837,61,1,A
2023-01-16T02:33:00Z,10.891,86.049,3.0,27.099,1,33.69,1,1,A,2902837,62,1,A
2023-01-20T21:43:00Z,10.867,86.035,3.0,27.079,1,33.847,1,1,A,2902837,63,1,A
2023-01-25T17:14:00Z,10.918,85.944,2.3,27.518,1,33.766,1,1,A,2902837,64,1,A
2023-01-30T12:43:00Z,10.973,85.795,4.1,27.492,1,33.739,1,1,A,2902837,65,1,A
2023-02-04T08:40:00Z,11.049,85.594,3.0,27.824,1,33.777,1,1,A,2902837,66,1,A
2023-02-09T04:24:00Z,11.035,85.346,2.7,27.651,1,33.746,1,1,A,2902837,67,1,A
2023-02-13T23:56:00Z,10.99,85.084,2.4,27.843,1,33.65,1,1,A,2902837,68,1,A
2023-02-18T19:31:00Z,10.924,84.813,2.8,27.682,1,33.605,1,1,A,2902837,69,1,A
2023-02-23T15:38:00Z,10.816,84.561,2.4,28.124,1,34.048,1,1,A,2902837,70,1,A
2023-02-28T11:27:00Z,10.752,84.304,3.1,27.974,1,33.313,1,1,A,2902837,71,1,A
2023-03-05T07:48:00Z,10.712,84.011,3.0,28.206,1,33.992,1,1,A,2902837,72,1,A
2023-03-10T03:27:00Z,10.661,83.715,3.1,28.098,1,34.035,1,1,A,2902837,73,1,A
2023-03-14T23:15:00Z,10.557,83.383,2.7,28.446,1,34.073,1,1,A,2902837,74,1,A
2023-03-19T19:14:00Z,10.481,83.049,3.2,28.515,1,33.714,1,1,A,2902837,75,1,A
2023-03-24T15:52:00Z,10.41,82.729,2.1,29.102,1,33.596,1,1,A,2902837,76,1,A
2023-03-29T11:58:00Z,10.283,82.459,2.6,29.55,1,33.317,1,1,A,2902837,77,1,A
2023-04-03T07:35:00Z,10.059,82.234,3.0,30.152,1,33.317,1,1,A,2902837,78,1,A
2023-04-08T03:17:00Z,9.823,82.115,3.3,29.881,1,33.127,1,1,A,2902837,79,1,A
2023-04-12T23:02:00Z,9.564,82.122,3.0,30.244,1,33.655,1,1,A,2902837,80,1,A
2023-04-17T19:24:00Z,9.354,82.194,3.1,30.811,1,33.557,1,1,A,2902837,81,1,A
2023-04-22T16:08:00Z,9.257,82.334,3.5,30.692,1,33.055,1,1,A,2902837,82,1,A
2023-04-27T11:57:00Z,9.261,82.465,2.6,31.039,1,33.611,1,1,A,2902837,83,1,A
2023-05-02T07:41:00Z,9.357,82.519,3.2,30.859,1,33.662,1,1,A,2902837,84,1,A
2023-05-12T00:34:00Z,9.541,82.301,3.9,30.12,1,33.374,1,1,A,2902837,85,1,A
2023-05-16T20:19:00Z,9.405,82.229,2.7,30.236,1,33.572,1,1,A,2902837,86,1,A
2023-05-21T16:11:00Z,9.339,82.159,2.8,30.507,1,33.655,1,1,A,2902837,87,1,A
2023-05-26T12:05:00Z,9.345,82.053,3.4,30.498,1,33.602,1,1,A,2902837,88,1,A
2023-05-31T08:56:00Z,9.302,81.931,3.5,30.775,1,33.166,1,1,A,2902837,89,1,A
2023-06-05T05:00:00Z,9.174,81.829,125.0,19.325,1,34.874,1,1,A,2902837,90,1,A
2023-06-10T00:50:00Z,9.178,81.831,3.6,30.205,1,32.764,1,1,A,2902837,91,1,A
2023-06-14T21:21:00Z,9.315,81.946,2.3,30.253,1,33.313,1,1,A,2902837,92,1,A
2023-06-19T18:17:00Z,9.52,82.147,3.4,29.995,1,33.157,1,1,A,2902837,93,1,A
2023-06-24T14:00:00Z,9.9,82.673,4.1,29.884,1,32.903,1,1,A,2902837,94,1,A
2023-06-29T09:37:00Z,10.229,83.327,3.0,29.606,1,33.253,1,1,A,2902837,95,1,A
2023-07-04T05:45:00Z,10.057,83.761,2.8,29.182,1,33.418,1,1,A,2902837,96,1,A
2023-07-09T01:52:00Z,9.629,83.968,3.1,28.926,1,33.61,1,1,A,2902837,97,1,A
2023-07-13T21:36:00Z,9.118,84.095,2.8,28.587,1,33.81,1,1,A,2902837,98,1,A
2023-07-18T17:24:00Z,9.033,84.229,2.7,28.731,1,33.716,1,1,A,2902837,99,1,A
2023-07-23T13:11:00Z,9.207,84.276,3.8,29.204,1,33.486,1,1,A,2902837,100,1,A
2023-07-28T09:06:00Z,9.508,84.231,3.8,29.168,1,33.911,1,1,A,2902837,101,1,A
2023-08-02T05:56:00Z,9.882,84.103,4.0,29.389,1,33.807,1,1,A,2902837,102,1,A
2023-08-07T04:25:00Z,10.278,83.933,3.2,29.289,1,33.788,1,1,A,2902837,103,1,A
2023-08-12T00:53:00Z,10.58,83.901,3.0,29.534,1,33.997,1,1,A,2902837,104,1,A
2023-08-16T20:43:00Z,10.875,83.948,4.0,29.327,1,33.466,1,1,A,2902837,105,1,A
2023-08-21T16:45:00Z,11.153,84.021,3.5,29.364,1,33.241,1,1,A,2902837,106,1,A
2023-08-31T08:37:00Z,11.753,84.185,3.1,29.846,1,33.544,1,1,A,2902837,107,1,A
2023-09-05T05:00:00Z,11.969,84.243,3.5,29.442,1,33.239,1,1,A,2902837,108,1,A
2023-09-10T01:05:00Z,12.05,84.455,3.6,29.287,1,33.289,1,1,A,2902837,109,1,A
2023-09-14T21:13:00Z,11.995,84.704,2.8,29.223,1,33.433,1,1,A,2902837,110,1,A
2023-09-19T17:01:00Z,11.94,84.965,3.0,28.855,1,33.741,1,1,A,2902837,111,1,A
2023-10-18T19:47:00Z,11.274,85.56,2.9,29.409,1,33.484,1,1,A,2902837,112,1,A
2023-10-23T15:40:00Z,11.194,85.371,2.7,28.987,1,33.727,1,1,A,2902837,113,1,A
2023-10-28T11:42:00Z,11.072,85.109,3.4,29.408,1,33.48,1,1,A,2902837,114,1,A
2020-10-27T19:36:00Z,9.796,86.982,3.2,28.852,1,33.195,4,1,D,2902852,1,1,A
2020-10-28T09:09:00Z,9.782,86.948,2.9,28.921,1,33.25,4,1,D,2902852,2,1,A
2020-10-29T09:24:00Z,9.766,86.934,4.2,28.983,1,33.182,4,1,D,2902852,3,1,A
2020-10-30T09:19:00Z,9.75,86.944,3.3,29.289,1,33.267,4,1,D,2902852,4,1,A
2020-10-31T13:10:00Z,9.738,86.931,2.8,29.205,1,33.159,4,1,D,2902852,5,1,A
2020-11-01T17:00:00Z,9.713,86.945,3.7,29.419,1,33.291,4,1,D,2902852,6,1,A
2020-11-02T20:17:00Z,9.699,86.958,3.7,29.278,1,33.281,4,1,D,2902852,7,1,A
2020-11-03T23:40:00Z,9.664,86.968,4.0,29.374,1,33.298,4,1,D,2902852,8,1,A
2020-11-08T23:15:00Z,9.577,86.993,3.6,29.484,1,33.325,4,1,D,2902852,9,1,A
2020-11-13T23:28:00Z,9.447,86.954,4.3,29.517,1,33.114,1,1,D,2902852,10,1,A
2020-11-18T22:09:00Z,9.315,86.888,4.0,29.574,1,33.741,1,1,D,2902852,11,1,A
2020-11-23T20:49:00Z,9.206,86.805,3.7,29.078,1,33.897,1,1,D,2902852,12,1,A
2020-11-28T22:31:00Z,9.152,86.928,4.4,28.949,1,33.938,1,1,D,2902852,13,1,A
2020-12-03T23:15:00Z,9.051,86.84,4.3,28.158,1,33.29,1,1,D,2902852,14,1,A
2020-12-08T21:50:00Z,9.004,86.74,4.6,28.529,1,33.658,1,1,D,2902852,15,1,A
2020-12-13T21:03:00Z,8.918,86.692,3.9,28.29,1,33.497,1,1,D,2902852,16,1,A
2020-12-18T21:56:00Z,8.773,86.61,4.3,28.623,1,33.968,1,1,D,2902852,17,1,A
2020-12-23T22:36:00Z,8.672,86.505,3.5,28.467,1,33.936,1,1,D,2902852,18,1,A
2020-12-28T23:23:00Z,8.554,86.419,4.3,28.662,1,34.001,1,1,D,2902852,19,1,A
2021-01-02T23:46:00Z,8.479,86.372,4.3,28.571,1,34.236,1,1,D,2902852,20,1,A
2021-01-08T01:03:00Z,8.348,86.31,4.0,28.598,1,34.112,1,1,D,2902852,21,1,A
2021-01-13T02:10:00Z,8.303,86.28,4.7,28.577,1,33.864,1,1,D,2902852,22,1,A
2021-01-18T03:35:00Z,8.282,86.269,4.6,28.658,1,34.296,1,1,D,2902852,23,1,A
2021-01-23T04:29:00Z,8.212,86.257,5.1,28.443,1,33.978,1,1,D,2902852,24,1,A
2021-01-28T05:11:00Z,8.129,86.286,4.7,28.268,1,34.047,1,1,D,2902852,25,1,A
2021-02-02T06:18:00Z,8.11,86.342,0.5,28.459,1,33.856,1,1,D,2902852,26,1,A
2021-02-07T07:25:00Z,8.196,86.349,5.1,28.631,1,33.918,1,1,D,2902852,27,1,A
2021-02-12T08:15:00Z,8.379,86.379,4.6,28.423,1,33.906,1,1,D,2902852,28,1,A
2021-02-17T09:21:00Z,8.659,86.424,5.3,29.045,1,33.855,1,1,D,2902852,29,1,A
2021-02-22T10:12:00Z,8.789,86.499,4.6,28.828,1,33.646,1,1,D,2902852,30,1,A
2021-02-27T11:56:00Z,8.784,86.606,4.6,28.869,1,33.648,1,1,D,2902852,31,1,A
2021-03-04T13:37:00Z,8.65,86.728,4.9,28.843,1,33.808,1,1,D,2902852,32,1,A
2021-03-09T14:38:00Z,8.611,86.889,4.5,29.093,1,34.017,1,1,D,2902852,33,1,A
2021-03-14T15:32:00Z,8.595,87.026,5.2,28.975,1,33.77,1,1,D,2902852,34,1,A
2021-03-19T15:56:00Z,8.57,87.136,4.9,29.504,1,33.419,1,1,D,2902852,35,1,A
2021-03-24T16:58:00Z,8.571,87.232,4.9,29.627,1,33.509,1,1,D,2902852,36,1,A
2021-03-29T17:53:00Z,8.588,87.274,5.4,29.155,1,33.177,1,1,D,2902852,37,1,A
2021-04-03T18:59:00Z,8.67,87.358,5.1,29.485,1,33.42,1,1,D,2902852,38,1,A
2021-04-08T18:18:00Z,8.697,87.471,5.1,29.662,1,32.723,1,1,D,2902852,39,1,A
2021-04-13T19:27:00Z,8.768,87.568,5.6,30.296,1,33.073,1,1,D,2902852,40,1,A
2021-04-18T20:31:00Z,8.855,87.6,4.7,30.234,1,33.049,1,1,D,2902852,41,1,A
2021-04-23T21:07:00Z,8.862,87.688,5.0,31.045,1,32.866,1,1,D,2902852,42,1,A
2021-04-28T21:56:00Z,8.839,87.75,4.9,30.751,1,33.099,1,1,D,2902852,43,1,A
2021-05-03T22:26:00Z,8.867,87.76,4.9,30.832,1,32.837,1,1,D,2902852,44,1,A
2021-05-09T00:01:00Z,8.862,87.918,4.9,30.258,1,33.016,1,1,D,2902852,45,1,A
2021-05-13T23:06:00Z,9.128,87.831,5.0,31.095,1,32.719,1,1,D,2902852,46,1,A
2021-05-19T00:13:00Z,9.43,87.707,5.1,31.143,1,32.79,1,1,D,2902852,47,1,A
2021-05-24T00:45:00Z,9.689,87.576,4.7,30.04,1,32.627,1,1,D,2902852,48,1,A
2021-05-29T01:25:00Z,9.858,87.474,5.0,29.827,1,32.589,1,1,D,2902852,49,1,A
2021-06-03T02:17:00Z,9.967,87.358,5.1,30.059,1,32.392,1,1,D,2902852,50,1,A
2021-06-08T03:02:00Z,10.08,87.309,5.4,29.987,1,32.494,1,1,D,2902852,51,1,A
2021-06-13T03:35:00Z,10.097,87.308,0.8,29.723,1,32.7,1,1,D,2902852,52,1,A
2021-06-18T04:19:00Z,10.098,87.3,5.2,29.635,1,33.177,1,1,D,2902852,53,1,A
2021-06-23T05:24:00Z,10.136,87.273,1.0,29.662,1,33.011,1,1,D,2902852,54,1,A
2021-06-28T06:43:00Z,10.206,87.249,5.0,29.499,1,32.98,1,1,D,2902852,55,1,A
2021-07-03T06:27:00Z,10.148,87.23,5.0,29.547,1,32.975,1,1,D,2902852,56,1,A
2021-07-08T06:48:00Z,10.006,87.266,4.8,29.776,1,33.373,1,1,D,2902852,57,1,A
2021-07-13T07:22:00Z,9.89,87.381,0.5,29.522,1,33.483,1,1,D,2902852,58,1,A
2021-07-18T08:39:00Z,9.829,87.451,5.4,29.148,1,33.627,1,1,D,2902852,59,1,A
2021-07-23T10:05:00Z,9.769,87.504,5.3,29.077,1,33.924,1,1,D,2902852,60,1,A
2021-07-28T11:06:00Z,9.619,87.536,5.5,28.999,1,34.245,1,1,D,2902852,61,1,A
2021-08-02T11:52:00Z,9.435,87.487,5.1,29.195,1,33.893,1,1,D,2902852,62,1,A
2021-08-07T12:39:00Z,9.207,87.375,5.0,29.142,1,34.101,1,1,D,2902852,63,1,A
2021-08-12T11:17:00Z,9.008,87.199,4.8,28.961,1,33.909,1,1,D,2902852,64,1,A
2021-08-17T11:51:00Z,8.857,87.055,4.8,28.688,1,33.69,1,1,D,2902852,65,1,A
2021-08-22T13:03:00Z,8.773,86.922,4.6,28.789,1,33.797,1,1,D,2902852,66,1,A
2021-08-27T14:21:00Z,8.73,86.801,5.4,28.795,1,33.797,1,1,D,2902852,67,1,A
2021-09-01T15:13:00Z,8.679,86.726,5.0,28.809,1,33.849,1,1,D,2902852,68,1,A
2021-09-06T15:45:00Z,8.655,86.711,0.1,28.74,1,34.109,1,1,D,2902852,69,1,A
2021-09-11T16:46:00Z,8.586,86.785,0.3,28.601,1,34.326,1,1,D,2902852,70,1,A
2021-09-16T17:00:00Z,8.521,86.897,4.4,28.602,1,34.346,1,1,D,2902852,71,1,A
2021-09-21T15:59:00Z,8.544,87.021,5.0,28.903,1,34.019,1,1,D,2902852,72,1,A
2021-09-26T16:25:00Z,8.671,87.146,4.8,28.821,1,34.007,1,1,D,2902852,73,1,A
2021-10-01T17:38:00Z,8.929,87.188,5.2,28.925,1,33.691,1,1,D,2902852,74,1,A
2021-10-06T16:40:00Z,9.281,87.216,4.6,28.874,1,33.851,1,1,D,2902852,75,1,A
2021-10-11T17:23:00Z,9.67,87.384,4.4,28.702,1,33.94,1,1,D,2902852,76,1,A
2021-10-16T17:04:00Z,9.967,87.587,4.4,28.787,1,33.652,1,1,D,2902852,77,1,A
2021-10-21T15:52:00Z,10.167,87.783,4.4,29.268,1,33.389,1,1,D,2902852,78,1,A
2021-10-26T17:25:00Z,10.244,87.953,4.9,29.384,1,33.29,1,1,D,2902852,79,1,A
2021-10-31T18:57:00Z,10.24,88.0,4.7,29.3,1,33.33,1,1,D,2902852,80,1,A
2021-11-05T19:11:00Z,10.125,87.967,4.8,29.561,1,33.424,1,1,D,2902852,81,1,A
2021-11-10T20:25:00Z,9.97,87.885,5.0,29.133,1,33.311,1,1,D,2902852,82,1,A
2021-11-26T00:01:00Z,9.398,87.659,4.8,28.612,1,33.314,1,1,D,2902852,83,1,A
2021-12-01T01:01:00Z,9.265,87.6,0.2,28.683,1,33.528,1,1,D,2902852,84,1,A
2021-12-06T02:41:00Z,9.105,87.551,5.3,28.984,1,33.763,1,1,D,2902852,85,1,A
2021-12-16T03:31:00Z,8.932,87.394,5.4,28.645,1,34.223,1,1,D,2902852,86,1,A
2021-12-21T03:59:00Z,8.873,87.25,5.3,28.557,1,34.355,1,1,D,2902852,87,1,A
2021-12-26T05:03:00Z,8.771,87.123,4.7,28.485,1,34.239,1,1,D,2902852,88,1,A
2021-12-31T05:44:00Z,8.661,86.989,0.8,28.608,1,32.915,1,1,D,2902852,89,1,A
2022-01-05T06:28:00Z,8.624,86.87,4.9,28.635,1,33.939,1,1,D,2902852,90,1,A
2022-01-10T05:39:00Z,8.624,86.751,5.1,28.489,1,33.779,1,1,D,2902852,91,1,A
2022-01-15T04:13:00Z,8.609,86.651,4.8,28.594,1,33.395,1,1,D,2902852,92,1,A
2022-01-20T04:39:00Z,8.489,86.549,5.5,28.451,1,33.755,1,1,D,2902852,93,1,A
2022-01-25T05:23:00Z,8.387,86.399,4.9,28.317,1,33.106,1,1,D,2902852,94,1,A
2022-01-30T06:15:00Z,8.368,86.226,5.0,28.454,1,33.732,1,1,D,2902852,95,1,A
2022-02-04T07:39:00Z,8.361,85.992,4.8,28.39,1,33.346,1,1,D,2902852,96,1,A
2022-02-09T08:34:00Z,8.44,85.776,5.0,28.463,1,33.175,1,1,D,2902852,97,1,A
2022-02-19T10:36:00Z,8.444,85.281,4.6,29.134,1,33.263,1,1,D,2902852,98,1,A
2022-02-24T11:50:00Z,8.422,85.2,4.7,28.846,1,33.334,1,1,D,2902852,99,1,A
2022-03-01T11:12:00Z,8.414,85.237,4.4,28.489,1,33.642,1,1,D,2902852,100,1,A
2022-03-06T12:39:00Z,8.425,85.37,4.8,28.376,1,33.336,1,1,D,2902852,101,1,A
2022-03-11T13:59:00Z,8.544,85.582,5.0,29.066,1,32.891,1,1,D,2902852,102,1,A
2022-03-16T13:18:00Z,8.636,85.809,4.4,28.863,1,32.882,1,1,D,2902852,103,1,A
2022-03-21T13:45:00Z,8.787,85.953,5.1,29.574,1,33.034,1,1,D,2902852,104,1,A
2022-03-26T13:58:00Z,8.973,86.025,5.1,29.52,1,32.802,1,1,D,2902852,105,1,A
2022-03-31T13:41:00Z,9.209,86.086,4.8,30.098,1,32.957,1,1,D,2902852,106,1,A
2022-04-05T13:19:00Z,9.429,86.147,0.2,30.574,1,32.834,1,1,D,2902852,107,1,A
2022-04-15T13:07:00Z,9.866,86.207,5.2,29.944,1,32.962,1,1,D,2902852,108,1,A
2022-04-20T13:24:00Z,9.999,86.241,0.3,30.877,1,32.999,1,1,D,2902852,109,1,A
2022-04-25T13:34:00Z,10.104,86.28,0.3,31.204,1,32.967,1,1,D,2902852,110,1,A
2022-04-30T13:45:00Z,10.178,86.285,4.8,31.335,1,33.201,1,1,D,2902852,111,1,A
2022-05-04T05:58:00Z,9.874,85.791,77.0,26.554,1,34.562,1,1,D,2902852,112,1,A
2022-05-05T11:09:00Z,9.879,85.745,5.0,31.405,1,33.053,1,1,D,2902852,114,1,A
2022-05-10T11:20:00Z,10.021,85.755,0.4,30.171,1,33.084,1,1,D,2902852,115,1,A
2022-05-20T10:46:00Z,10.099,85.794,5.0,29.44,1,33.007,1,1,D,2902852,117,1,A
2022-05-25T10:24:00Z,10.046,85.908,0.5,29.427,1,33.068,1,1,D,2902852,118,1,A
2022-05-30T09:58:00Z,9.935,86.069,5.0,29.63,1,33.192,1,1,D,2902852,119,1,A
2022-06-04T09:37:00Z,9.652,86.226,4.9,29.411,1,33.151,1,1,D,2902852,120,1,A
2022-06-09T09:12:00Z,9.331,86.266,4.8,29.19,1,33.155,1,1,D,2902852,121,1,A
2022-06-14T08:54:00Z,8.982,86.247,5.2,29.283,1,33.495,1,1,D,2902852,122,1,A
2022-06-19T08:16:00Z,8.664,86.193,4.9,29.504,1,33.548,1,1,D,2902852,123,1,A
2022-06-24T08:01:00Z,8.481,86.066,4.3,29.244,1,33.617,1,1,D,2902852,124,1,A
2022-06-29T07:48:00Z,8.366,85.897,5.0,29.572,1,33.517,1,1,D,2902852,125,1,A
2020-11-24T12:42:00Z,5.05,87.553,6.7,29.062,1,33.7,1,1,D,2902853,12,1,A
2020-11-29T13:32:00Z,5.022,87.489,6.7,29.096,1,34.266,1,1,D,2902853,13,1,A
2022-01-20T21:14:00Z,5.03,84.195,7.9,28.946,1,33.859,1,1,D,2902853,96,1,A
2020-12-10T00:18:00Z,5.124,88.308,3.3,29.136,1,34.266,1,1,D,2902856,14,1,A
2020-12-15T00:11:00Z,5.227,88.109,3.6,28.783,1,33.979,1,1,D,2902856,15,1,A
2020-12-19T22:58:00Z,5.404,88.0,4.2,28.632,1,33.491,1,1,D,2902856,16,1,A
2023-09-19T21:42:20Z,13.433333333333334,87.73333333333333,10.7,28.611,4,32.652,4,1,D,1902669,1,1,A
2023-09-29T14:08:14Z,13.35,88.05,0.3,28.845,1,32.718,1,1,D,1902669,2,1,A
2023-10-09T14:08:47Z,13.533333333333333,88.21666666666667,0.1,29.221,1,32.708,1,1,D,1902669,3,1,A
2023-10-19T14:21:20Z,13.833333333333334,88.15,0.1,30.14,1,33.007,1,1,D,1902669,4,1,A
2023-10-29T14:03:55Z,14.416666666666666,87.91666666666667,0.4,29.534,1,33.168,1,1,D,1902669,5,1,A
2023-11-08T14:14:32Z,14.916666666666666,87.88333333333334,0.4,29.643,1,33.11,1,1,D,1902669,6,1,A
2023-11-18T14:13:49Z,15.133333333333333,88.2,0.1,29.205,1,32.609,1,1,D,1902669,7,1,A
2023-11-28T14:16:26Z,14.95,88.35,0.3,29.091,1,32.8,1,1,D,1902669,8,1,A
2023-12-08T14:09:02Z,14.4,88.2,0.3,29.189,1,32.601,1,1,D,1902669,9,1,A
2023-12-18T14:07:38Z,14.0,87.75,0.3,28.466,1,32.732,1,1,D,1902669,10,1,A
2023-12-28T14:19:51Z,13.583333333333334,87.2,0.1,28.464,1,32.757,1,1,D,1902669,11,1,A
2024-01-07T14:10:13Z,13.316666666666666,86.81666666666666,0.4,28.153,1,32.832,1,1,D,1902669,12,1,A
2024-01-17T14:11:49Z,13.216666666666667,86.45,0.2,28.233,1,32.053,1,1,D,1902669,13,1,A
2024-01-27T14:12:19Z,13.166666666666666,86.2,0.3,27.915,1,32.262,1,1,D,1902669,14,1,A
2024-02-06T14:15:59Z,13.066666666666666,86.23333333333333,0.2,28.126,1,32.447,1,1,D,1902669,15,1,A
2024-02-16T14:18:21Z,13.166666666666666,86.45,0.4,27.783,1,32.636,1,1,D,1902669,16,1,A
2024-02-26T13:58:28Z,13.333333333333334,86.6,0.2,27.971,1,32.56,1,1,D,1902669,17,1,A
2024-03-07T14:05:25Z,13.483333333333333,86.7,0.2,28.383,1,32.648,1,1,D,1902669,18,1,A
2024-03-17T14:06:07Z,13.75,86.73333333333333,0.2,28.632,1,32.529,1,1,D,1902669,19,1,A
2024-03-27T14:08:44Z,13.883333333333333,86.83333333333333,0.3,29.068,1,32.687,1,1,D,1902669,20,1,A
2024-04-06T14:16:33Z,14.05,86.93333333333334,0.1,29.922,1,32.864,1,1,D,1902669,21,1,A
2024-04-16T13:58:52Z,14.133333333333333,87.16666666666667,0.3,30.448,1,32.108,1,1,D,1902669,22,1,A
2024-04-26T14:22:08Z,14.0,87.43333333333334,0.3,31.379,3,32.215,3,1,D,1902669,23,1,A
2024-05-06T14:10:21Z,13.75,87.66666666666667,0.1,31.243,1,32.506,1,1,D,1902669,24,1,A
2024-05-16T13:59:06Z,13.366666666666667,87.9,0.1,31.539,1,32.731,1,1,D,1902669,25,1,A
2024-05-26T14:11:55Z,13.333333333333334,88.08333333333333,0.4,30.571,1,33.042,1,1,D,1902669,26,1,A
2024-06-05T14:09:22Z,13.733333333333333,88.41666666666667,0.2,30.493,1,32.764,1,1,D,1902669,27,1,A
2024-06-15T13:52:41Z,14.45,88.9,0.1,29.717,1,32.929,1,1,D,1902669,28,1,A
2024-06-25T14:07:42Z,14.916666666666666,89.1,0.4,29.569,1,32.687,1,1,D,1902669,29,1,A
2024-07-05T14:13:09Z,15.333333333333334,88.91666666666667,0.0,29.575,1,32.886,1,1,D,1902669,30,1,A
2024-07-15T14:20:53Z,15.766666666666667,88.51666666666667,0.2,29.296,1,32.892,1,1,D,1902669,31,1,A
2024-07-25T14:12:32Z,16.166666666666668,88.16666666666667,0.2,28.691,1,33.093,1,1,D,1902669,32,1,A
2024-08-04T14:06:56Z,16.35,88.05,0.4,29.006,1,32.767,1,1,D,1902669,33,1,A
2024-08-14T14:07:33Z,16.216666666666665,88.0,0.1,29.698,1,32.824,1,1,D,1902669,34,1,A
2024-08-24T14:08:52Z,16.0,87.8,0.2,29.414,1,32.967,1,1,D,1902669,35,1,A
2024-09-03T14:12:22Z,15.666666666666666,87.51666666666667,0.1,29.003,1,33.325,1,1,D,1902669,36,1,A
2024-09-13T14:12:25Z,15.383333333333333,87.16666666666667,0.1,29.009,1,32.913,1,1,D,1902669,37,1,A
2024-09-23T14:12:55Z,15.083333333333334,86.88333333333334,0.3,29.941,1,31.627,1,1,D,1902669,38,1,A
2024-10-03T14:12:14Z,14.7,86.65,10.1,30.069,1,30.119,1,1,D,1902669,39,1,A
2024-10-13T14:07:00Z,14.316666666666666,86.45,0.4,30.643,1,28.422,1,1,D,1902669,40,1,A
2024-10-23T14:13:54Z,14.05,86.35,0.4,29.857,1,31.953,1,1,D,1902669,41,1,A
2024-11-02T14:16:44Z,13.766666666666667,86.35,0.4,30.201,1,32.086,1,1,D,1902669,42,1,A
2024-11-12T14:12:32Z,13.333333333333334,86.48333333333333,0.1,29.725,1,32.821,1,1,D,1902669,43,1,A
2024-11-22T14:03:56Z,13.05,86.63333333333334,0.4,29.67,1,32.826,1,1,D,1902669,44,1,A
2024-12-02T14:06:51Z,13.516666666666667,86.56666666666666,0.0,28.94,1,32.78,1,1,D,1902669,45,1,A
2024-12-12T14:09:35Z,13.65,86.76666666666667,0.4,28.62,1,32.754,1,1,D,1902669,46,1,A
2024-12-22T14:01:19Z,13.6,87.01666666666667,0.3,28.525,1,32.888,1,1,D,1902669,47,1,A
2025-01-01T14:22:19Z,13.683333333333334,87.06666666666666,0.3,28.073,1,32.983,1,1,D,1902669,48,1,A
2025-01-11T14:09:21Z,13.75,87.3,0.3,27.83,1,33.001,1,1,D,1902669,49,1,A
2025-01-21T14:12:55Z,13.816666666666666,87.58333333333333,0.1,27.628,1,33.095,1,1,D,1902669,50,1,A
2025-01-31T14:18:28Z,14.166666666666666,87.55,0.3,26.953,1,31.203,1,1,D,1902669,51,1,A
2025-02-10T14:06:03Z,14.383333333333333,87.35,0.4,27.27,1,31.366,1,1,D,1902669,52,1,A
2025-02-20T14:27:19Z,14.5,87.2,0.2,28.026,3,31.936,3,1,D,1902669,53,1,A
2025-03-02T14:11:16Z,14.616666666666667,87.03333333333333,0.2,28.3,1,32.669,1,1,D,1902669,54,1,A
2025-03-12T14:06:25Z,14.866666666666667,86.88333333333334,0.2,29.954,1,31.659,1,1,D,1902669,55,1,A
2025-03-22T14:22:25Z,15.016666666666667,86.83333333333333,0.3,29.338,1,32.287,1,1,D,1902669,56,1,A
2025-04-01T14:04:57Z,15.0,86.7,0.1,29.698,1,32.323,1,1,D,1902669,57,1,A
2025-04-11T14:06:25Z,14.933333333333334,86.5,0.1,29.585,1,33.132,1,1,D,1902669,58,1,A
2025-04-21T14:16:22Z,14.716666666666667,86.31666666666666,0.3,30.112,1,32.368,1,1,D,1902669,59,1,A
2025-05-01T14:17:58Z,14.433333333333334,86.23333333333333,0.4,30.743,1,31.817,1,1,D,1902669,60,1,A
2025-05-11T14:11:02Z,14.316666666666666,86.28333333333333,0.1,31.363,3,32.143,3,1,D,1902669,61,1,A
2025-05-21T14:13:10Z,14.616666666666667,86.2,0.1,30.956,1,32.204,1,1,D,1902669,62,1,A
2025-05-31T13:58:59Z,14.8,86.3,0.0,29.885,1,32.777,1,1,R,1902669,63,1,A
2025-06-10T14:14:45Z,14.783333333333333,86.51666666666667,0.4,30.008,1,32.531,1,1,R,1902669,64,1,A
2025-06-20T14:01:27Z,14.716666666666667,86.91666666666667,0.2,29.806,1,32.688,1,1,R,1902669,65,1,A
2025-06-30T14:19:57Z,14.466666666666667,87.13333333333334,0.4,29.489,1,32.67,1,1,R,1902669,66,1,A
2025-07-10T14:09:56Z,14.15,87.2,0.1,29.154,1,33.15,1,1,R,1902669,67,1,A
2025-07-20T14:00:26Z,14.083333333333334,87.38333333333334,0.1,29.353,1,32.866,1,1,R,1902669,68,1,A
2025-07-30T14:00:58Z,14.333333333333334,87.55,0.2,29.398,1,33.088,1,1,R,1902669,69,1,A
2025-08-09T14:09:26Z,14.516666666666667,87.66666666666667,0.3,30.028,1,32.979,1,1,R,1902669,70,1,A
2025-08-19T14:04:25Z,14.933333333333334,87.66666666666667,0.3,29.124,1,33.301,1,1,R,1902669,71,1,A
2025-08-29T14:05:24Z,15.316666666666666,87.58333333333333,0.0,28.859,1,32.611,1,1,R,1902669,72,1,A
2025-09-08T14:05:55Z,15.25,87.55,5.1,29.605,1,29.572,1,1,R,1902669,73,1,A
2023-09-26T14:20:43Z,6.266666666666667,88.6,0.2,29.163,1,33.04,1,1,D,1902670,1,1,A
2023-10-06T13:52:34Z,6.033333333333333,88.53333333333333,0.3,28.999,1,33.248,1,1,D,1902670,2,1,A
2023-10-16T13:55:29Z,5.733333333333333,88.56666666666666,0.2,28.876,1,33.355,1,1,D,1902670,3,1,A
2023-10-26T13:37:03Z,5.566666666666666,88.75,0.4,29.565,1,32.985,1,1,D,1902670,4,1,A
2023-11-05T13:56:00Z,5.816666666666666,89.08333333333333,0.3,29.412,1,33.141,1,1,D,1902670,5,1,A
2023-11-15T14:01:55Z,6.35,89.51666666666667,0.4,29.369,1,32.57,1,1,D,1902670,6,1,A
2023-11-25T14:10:29Z,6.166666666666667,89.75,0.2,29.304,1,32.611,1,1,D,1902670,7,1,A
2023-12-05T13:49:55Z,5.5,89.73333333333333,0.2,29.58,1,32.781,1,1,D,1902670,8,1,A
2023-12-15T14:05:16Z,5.1,89.65,0.0,29.324,1,32.811,1,1,D,1902670,9,1,A
2023-12-25T13:53:04Z,5.016666666666667,89.4,0.3,28.626,1,33.109,1,1,D,1902670,10,1,A
2024-02-03T13:57:57Z,5.266666666666667,88.7,0.1,29.729,1,34.507,1,1,D,1902670,14,1,A
2024-02-13T13:55:56Z,5.483333333333333,88.43333333333334,0.1,29.407,1,34.309,1,1,D,1902670,15,1,A
2024-02-23T14:12:13Z,5.983333333333333,87.88333333333334,0.2,29.135,1,32.886,1,1,D,1902670,16,1,A
2024-03-04T14:08:12Z,6.45,87.28333333333333,0.4,29.595,1,33.042,1,1,D,1902670,17,1,A
2024-03-14T14:06:30Z,6.533333333333333,87.08333333333333,0.3,29.676,1,32.855,1,1,D,1902670,18,1,A
2024-03-24T14:07:55Z,6.283333333333333,87.4,0.1,30.015,1,32.945,1,1,D,1902670,19,1,A
2024-04-03T14:05:03Z,5.833333333333333,87.85,0.2,31.839,1,32.678,1,1,D,1902670,20,1,A
2024-04-13T13:29:02Z,5.666666666666667,88.25,0.1,30.585,3,33.246,3,1,D,1902670,21,1,A
2024-04-23T14:12:30Z,5.783333333333333,88.35,0.4,31.344,1,33.051,1,1,D,1902670,22,1,A
2024-05-03T13:51:55Z,6.0,88.16666666666667,0.4,31.669,1,33.724,1,1,D,1902670,23,1,A
2024-05-13T13:50:30Z,6.0,87.73333333333333,0.1,31.387,1,34.861,1,1,D,1902670,24,1,A
2024-05-23T14:05:27Z,6.016666666666667,87.13333333333334,0.1,30.139,1,33.628,1,1,D,1902670,25,1,A
2024-06-02T14:02:06Z,5.816666666666666,86.56666666666666,0.3,29.039,1,33.32,1,1,D,1902670,26,1,A
2024-06-12T13:57:02Z,5.416666666666667,86.05,0.2,29.314,1,33.569,1,1,D,1902670,27,1,A
2024-06-22T13:55:26Z,5.083333333333333,85.83333333333333,0.2,29.316,1,33.988,1,1,D,1902670,28,1,A
2024-07-12T13:43:40Z,5.5,85.93333333333334,0.0,29.355,1,33.516,1,1,D,1902670,30,1,A
2024-07-22T13:56:59Z,6.016666666666667,85.53333333333333,0.3,28.984,1,33.847,1,1,D,1902670,31,1,A
2024-08-01T14:11:31Z,5.983333333333333,85.11666666666666,0.3,29.524,1,34.759,1,1,D,1902670,32,1,A
2024-08-11T14:08:55Z,5.533333333333333,84.7,0.4,29.46,1,33.974,1,1,D,1902670,33,1,A
2024-08-21T14:06:25Z,5.166666666666667,84.93333333333334,0.2,29.135,1,34.025,1,1,D,1902670,34,1,A
2024-08-31T14:05:28Z,5.483333333333333,85.73333333333333,0.1,29.262,1,34.299,1,1,D,1902670,35,1,A
2024-09-10T13:44:33Z,6.533333333333333,86.33333333333333,0.2,29.102,1,34.293,1,1,D,1902670,36,1,A
2024-09-20T14:01:25Z,7.2,87.03333333333333,0.0,28.976,1,34.269,1,1,D,1902670,37,1,A
2024-09-30T14:08:55Z,7.2,87.6,0.1,29.55,1,33.692,1,1,D,1902670,38,1,A
2024-10-10T14:12:55Z,7.05,87.23333333333333,0.4,29.63,1,33.067,1,1,D,1902670,39,1,A
2024-10-20T14:07:55Z,6.75,86.55,0.3,29.1,1,33.445,1,1,D,1902670,40,1,A
2024-10-30T14:17:10Z,6.516666666666667,85.6,0.3,29.635,1,33.339,1,1,D,1902670,41,1,A
2024-11-09T13:57:39Z,5.9,84.75,0.3,29.73,1,33.972,1,1,D,1902670,42,1,A
2024-11-19T13:53:25Z,5.333333333333333,83.5,0.2,30.116,1,33.945,1,1,D,1902670,43,1,A
2024-11-29T14:12:51Z,5.35,82.05,0.3,28.771,1,32.424,1,1,D,1902670,44,1,A
2024-12-09T14:19:19Z,5.6,81.28333333333333,0.2,29.083,1,30.222,1,1,D,1902670,45,1,A
2024-12-18T22:20:31Z,5.883333333333333,81.78333333333333,0.3,27.628,1,31.15,1,1,D,1902670,46,1,A
2024-12-29T14:09:25Z,5.5,82.23333333333333,0.4,28.518,1,32.49,1,1,D,1902670,47,1,A
2025-06-07T14:08:23Z,5.483333333333333,80.18333333333334,0.1,28.905,1,34.599,1,1,R,1902670,63,1,A
2025-06-17T13:50:56Z,5.45,81.23333333333333,0.1,28.164,1,34.479,1,1,R,1902670,64,1,A
2025-06-27T13:39:39Z,6.066666666666666,82.15,0.1,27.832,1,34.543,1,1,R,1902670,65,1,A
2025-07-07T14:03:51Z,7.533333333333333,82.23333333333333,0.3,30.128,1,33.692,1,1,R,1902670,66,1,A
2025-07-17T14:13:43Z,9.15,81.68333333333334,0.3,29.841,1,33.273,1,1,R,1902670,67,1,A
2025-07-27T14:11:57Z,9.666666666666666,81.23333333333333,0.2,29.419,1,33.465,1,1,R,1902670,68,1,A
2025-08-06T14:18:43Z,10.333333333333334,80.9,0.4,29.969,1,33.519,1,1,R,1902670,69,1,A
2025-08-16T13:59:49Z,10.366666666666667,80.78333333333333,0.0,29.271,1,33.721,1,1,R,1902670,70,1,A
2025-08-26T04:41:55Z,10.833333333333334,80.6,0.1,29.355,1,33.834,1,1,R,1902670,71,1,A
2025-09-05T02:23:28Z,11.083333333333334,80.41666666666667,0.1,29.236,1,33.767,1,1,R,1902670,72,1,A
2025-09-15T01:11:12Z,11.22019,80.35087,0.4,29.564,1,33.744,1,1,R,1902670,73,1,A
2019-01-09T15:16:55Z,5.213,84.088,4.5,28.973,1,35.449,1,1,D,2902152,161,1,A
2019-01-09T16:02:38Z,15.986,82.743,4.0,26.928,1,33.403,1,1,D,2902154,154,1,A
2019-01-19T11:52:09Z,16.799,83.394,4.1,27.156,1,33.047,1,1,D,2902154,155,1,A
2019-01-29T06:36:12Z,18.079,84.648,4.0,26.409,1,33.505,1,1,D,2902154,156,1,A
2019-02-08T01:35:07Z,19.28,86.233,4.0,26.204,1,32.903,1,1,D,2902154,157,1,A
2019-02-17T20:06:29Z,19.249,86.133,2.7,26.481,1,33.073,1,1,D,2902154,158,1,A
2019-02-27T14:56:43Z,19.459,86.894,4.3,26.36,1,31.659,1,1,D,2902154,159,1,A
2021-02-05T18:58:20Z,5.202,83.767,2.7,28.617,1,34.613,1,1,R,2902216,155,1,A
2021-02-15T13:59:10Z,5.843,84.944,4.3,28.716,1,33.999,1,1,R,2902216,156,1,A
2021-03-26T20:34:17Z,5.207,83.353,4.3,29.527,1,34.608,1,1,R,2902216,160,1,A
2023-06-14T03:38:54Z,5.52,81.842,24.3,29.284,1,34.011,1,1,R,2902216,242,1,A
2023-07-24T02:33:57Z,5.063,82.124,24.1,28.582,1,34.661,1,1,R,2902216,246,1,A
2019-01-03T04:11:34Z,13.033333333333333,83.28333333333333,0.2,26.75,1,33.545,1,1,D,2902230,207,1,A
2019-01-08T04:14:29Z,12.966666666666667,83.13333333333334,0.2,26.424,1,32.756,1,1,D,2902230,208,1,A
2019-01-13T04:22:57Z,12.866666666666667,82.9,0.4,25.984,1,31.457,1,1,D,2902230,209,1,A
2019-01-18T04:27:49Z,12.883333333333333,82.66666666666667,0.1,25.69,1,32.089,1,1,D,2902230,210,1,A
2019-01-23T04:13:03Z,12.933333333333334,82.43333333333334,0.2,25.861,1,32.67,1,1,D,2902230,211,1,A
2019-01-28T04:01:03Z,12.933333333333334,82.31666666666666,0.2,26.476,1,32.975,1,1,D,2902230,212,1,A
2019-02-02T04:15:55Z,12.883333333333333,82.3,0.4,26.47,1,32.872,1,1,D,2902230,213,1,A
2019-02-07T04:15:32Z,12.85,82.53333333333333,0.2,27.211,1,33.69,1,1,D,2902230,214,1,A
2019-02-12T04:06:57Z,12.766666666666667,82.9,0.2,27.677,1,34.0,1,1,D,2902230,215,1,A
2019-02-17T04:00:04Z,12.75,83.23333333333333,0.1,28.152,1,34.101,1,1,D,2902230,216,1,A
2019-02-22T04:02:30Z,12.883333333333333,83.43333333333334,0.2,27.144,1,32.98,1,1,D,2902230,217,1,A
2019-02-27T04:14:30Z,12.966666666666667,83.51666666666667,0.2,27.365,1,32.566,1,1,D,2902230,218,1,A
2019-03-04T04:05:22Z,12.966666666666667,83.58333333333333,0.1,27.512,1,32.724,1,1,D,2902230,219,1,A
2019-03-09T04:03:21Z,12.9,83.65,0.1,28.486,1,33.315,1,1,D,2902230,220,1,A
2019-03-14T04:04:04Z,12.783333333333333,83.61666666666666,0.4,28.65,1,32.877,1,1,D,2902230,221,1,A
2019-03-19T04:23:56Z,12.833333333333334,83.51666666666667,0.2,28.804,1,32.881,1,1,D,2902230,222,1,A
2019-03-24T04:04:57Z,13.0,83.3,0.4,29.062,1,32.851,1,1,D,2902230,223,1,A
2019-03-29T04:05:20Z,13.216666666666667,83.03333333333333,0.2,29.545,1,33.258,1,1,D,2902230,224,1,A
2019-04-03T04:05:25Z,13.483333333333333,82.83333333333333,0.4,29.279,1,33.052,1,1,D,2902230,225,1,A
2019-04-08T04:02:31Z,13.783333333333333,82.71666666666667,0.4,29.657,1,33.062,1,1,D,2902230,226,1,A
2019-04-13T04:14:25Z,14.066666666666666,82.71666666666667,0.2,30.088,1,33.411,1,1,D,2902230,227,1,A
2019-04-18T04:08:03Z,14.333333333333334,82.8,0.4,30.381,1,33.35,1,1,D,2902230,228,1,A
2019-04-23T04:03:56Z,14.5,82.93333333333334,0.0,30.881,1,33.452,1,1,D,2902230,229,1,A
2019-04-28T04:09:13Z,14.5,83.03333333333333,0.1,30.923,1,33.493,1,1,D,2902230,230,1,A
2019-05-03T04:08:44Z,14.3,83.01666666666667,0.2,29.26,1,32.731,1,1,D,2902230,231,1,A
2019-05-08T04:15:22Z,14.016666666666667,82.93333333333334,0.3,29.411,1,33.311,1,1,D,2902230,232,1,A
2019-05-13T04:07:34Z,13.816666666666666,82.81666666666666,0.0,29.312,1,33.341,1,1,D,2902230,233,1,A
2019-05-18T04:09:45Z,13.6,82.7,0.2,30.014,1,33.486,1,1,D,2902230,234,1,A
2019-05-23T04:08:59Z,13.40409,81.91693,153.4,15.305,1,34.943,1,1,D,2902230,235,1,A
2019-05-28T04:22:32Z,13.2,82.51666666666667,0.3,30.271,1,33.741,1,1,D,2902230,236,1,A
2019-06-02T04:05:14Z,13.1,82.51666666666667,0.1,30.438,1,33.719,1,1,D,2902230,237,1,A
2019-06-07T04:06:01Z,13.083333333333334,82.53333333333333,0.2,30.659,1,33.576,1,1,D,2902230,238,1,A
2019-06-12T04:05:20Z,13.133333333333333,82.58333333333333,0.1,30.002,1,33.703,1,1,D,2902230,239,1,A
2019-06-17T03:59:57Z,13.166666666666666,82.68333333333334,0.1,29.697,1,33.963,1,1,D,2902230,240,1,A
2019-06-22T04:00:33Z,13.2,82.8,0.3,30.055,1,33.804,1,1,D,2902230,241,1,A
2019-06-27T03:59:34Z,13.183333333333334,82.85,0.3,30.114,1,33.778,1,1,D,2902230,242,1,A
2019-07-02T04:10:32Z,13.233333333333333,82.88333333333334,0.3,29.799,1,33.801,1,1,D,2902230,243,1,A
2019-07-07T04:15:52Z,13.25,82.98333333333333,0.2,29.138,1,33.897,1,1,D,2902230,244,1,A
2019-07-12T04:03:14Z,13.216666666666667,83.08333333333333,0.1,28.93,1,34.032,1,1,D,2902230,245,1,A
2019-07-17T04:05:24Z,13.15,83.21666666666667,0.4,29.182,1,34.02,1,1,D,2902230,246,1,A
2019-07-22T04:08:58Z,13.2,83.31666666666666,0.2,29.416,1,33.795,1,1,D,2902230,247,1,A
2019-07-27T04:06:02Z,13.333333333333334,83.36666666666666,0.4,29.3,1,33.592,1,1,D,2902230,248,1,A
2019-08-01T04:09:28Z,13.583333333333334,83.38333333333334,0.4,29.088,1,33.627,1,1,D,2902230,249,1,A
2019-08-06T04:10:01Z,13.816666666666666,83.41666666666667,0.1,29.054,1,33.992,1,1,D,2902230,250,1,A
2019-08-11T04:04:56Z,13.916666666666666,83.4,0.0,29.017,1,33.564,1,1,D,2902230,251,1,A
2019-08-16T04:19:49Z,13.933333333333334,83.33333333333333,0.4,29.178,1,33.576,1,1,D,2902230,252,1,A
2019-08-21T04:07:26Z,13.85,83.25,0.2,29.161,1,33.574,1,1,D,2902230,253,1,A
2019-08-26T04:12:33Z,13.8,83.2,0.4,28.956,1,33.502,1,1,D,2902230,254,1,A
2019-08-31T04:10:02Z,13.733333333333333,83.13333333333334,0.1,28.92,1,33.517,1,1,D,2902230,255,1,A
2019-09-05T04:13:26Z,13.616666666666667,83.16666666666667,0.2,28.658,1,33.558,1,1,D,2902230,256,1,A
2019-09-10T04:06:12Z,13.533333333333333,83.23333333333333,0.1,28.532,1,33.553,1,1,D,2902230,257,1,A
2019-09-15T04:09:04Z,13.516666666666667,83.25,0.2,28.673,1,33.602,1,1,D,2902230,258,1,A
2019-09-20T04:09:02Z,13.65,83.26666666666667,0.3,28.807,1,33.595,1,1,D,2902230,259,1,A
2019-09-25T04:08:19Z,13.833333333333334,83.41666666666667,0.3,28.816,1,33.597,1,1,D,2902230,260,1,A
2019-09-30T04:06:55Z,13.966666666666667,83.61666666666666,0.1,29.606,1,33.423,1,1,D,2902230,261,1,A
2019-10-05T04:04:00Z,14.016666666666667,83.88333333333334,0.0,30.194,1,33.935,1,1,D,2902230,262,1,A
2019-10-10T04:01:28Z,13.95,84.18333333333334,0.3,30.415,1,33.415,1,1,D,2902230,263,1,A
2019-10-15T04:06:33Z,13.85,84.4,0.1,30.347,1,33.62,1,1,D,2902230,264,1,A
2019-10-20T04:12:55Z,13.633333333333333,84.5,0.4,29.959,1,33.492,1,1,D,2902230,265,1,A
2019-10-25T04:09:34Z,13.3,84.48333333333333,0.3,29.639,1,33.35,1,1,D,2902230,266,1,A
2019-10-30T04:17:04Z,12.816666666666666,84.36666666666666,0.1,29.379,1,33.057,1,1,D,2902230,267,1,A
2019-11-04T04:08:33Z,12.416666666666666,84.21666666666667,0.4,29.567,1,33.551,1,1,D,2902230,268,1,A
2019-11-09T04:10:53Z,12.15,84.15,0.3,29.03,1,32.336,1,1,D,2902230,269,1,A
2019-11-14T04:11:30Z,12.05,84.18333333333334,0.3,29.088,1,32.358,1,1,D,2902230,270,1,A
2019-11-19T04:10:33Z,12.116666666666667,84.3,0.3,29.51,1,32.198,1,1,D,2902230,271,1,A
2019-11-24T04:06:57Z,12.45,84.43333333333334,0.1,29.601,1,33.697,1,1,D,2902230,272,1,A
2019-11-29T04:06:03Z,12.933333333333334,84.45,0.1,29.299,1,33.873,1,1,D,2902230,273,1,A
2019-12-04T04:08:43Z,13.366666666666667,84.5,0.1,28.349,1,32.485,1,1,D,2902230,274,1,A
2019-12-09T04:10:04Z,13.633333333333333,84.68333333333334,0.2,28.56,1,33.621,1,1,D,2902230,275,1,A
2019-12-14T04:06:20Z,13.716666666666667,84.9,0.2,27.908,1,33.268,1,1,D,2902230,276,1,A
2019-12-19T04:08:50Z,13.633333333333333,85.1,0.2,28.184,1,33.688,1,1,D,2902230,277,1,A
2019-12-24T04:04:26Z,13.45,85.2,0.4,27.979,1,33.704,1,1,D,2902230,278,1,A
2019-12-29T04:04:56Z,13.15,85.25,0.2,27.921,1,33.582,1,1,D,2902230,279,1,A
2020-01-03T04:11:58Z,12.783333333333333,85.23333333333333,0.2,27.829,1,33.549,1,1,D,2902230,280,1,A
2020-01-08T04:01:44Z,12.5,85.2,0.4,27.998,1,33.76,1,1,D,2902230,281,1,A
2020-01-13T04:04:39Z,12.283333333333333,85.21666666666667,0.3,27.897,1,33.759,1,1,D,2902230,282,1,A
2020-01-18T04:07:06Z,12.2,85.3,0.1,27.557,1,33.274,1,1,D,2902230,283,1,A
2020-01-23T04:09:21Z,12.283333333333333,85.41666666666667,0.3,27.778,1,33.596,1,1,D,2902230,284,1,A
2020-01-28T04:12:25Z,12.516666666666667,85.58333333333333,0.0,27.248,1,32.769,1,1,D,2902230,285,1,A
2020-02-02T04:04:04Z,12.783333333333333,85.71666666666667,0.1,27.724,1,33.718,1,1,D,2902230,286,1,A
2020-02-07T04:15:56Z,13.083333333333334,85.81666666666666,0.4,27.771,1,33.746,1,1,D,2902230,287,1,A
2020-02-12T04:09:55Z,13.35,85.91666666666667,0.1,27.726,1,33.572,1,1,D,2902230,288,1,A
2020-02-17T04:07:46Z,13.533333333333333,86.03333333333333,0.0,26.955,1,32.822,1,1,D,2902230,289,1,A
2020-02-22T04:14:04Z,13.7,86.11666666666666,0.3,27.375,1,32.984,1,1,D,2902230,290,1,A
2020-02-27T04:03:25Z,13.816666666666666,86.16666666666667,0.4,27.696,1,34.04,4,1,D,2902230,291,1,A
2020-03-03T04:17:33Z,13.833333333333334,86.23333333333333,0.4,27.283,1,32.769,1,1,D,2902230,292,1,A
2020-03-08T04:17:32Z,13.766666666666667,86.3,0.1,28.226,1,32.906,1,1,D,2902230,293,1,A
2020-03-13T04:14:04Z,13.716666666666667,86.31666666666666,0.4,28.026,1,32.54,1,1,D,2902230,294,1,A
2020-03-18T04:13:00Z,13.566666666666666,86.3,0.0,28.398,1,32.503,1,1,D,2902230,295,1,A
2020-03-23T04:08:32Z,13.4,86.31666666666666,0.0,28.67,1,32.601,1,1,D,2902230,296,1,A
2020-03-28T04:15:31Z,13.233333333333333,86.33333333333333,0.0,28.842,1,32.579,1,1,D,2902230,297,1,A
2020-04-02T04:07:25Z,13.116666666666667,86.33333333333333,0.1,29.542,1,32.552,1,1,D,2902230,298,1,A
2020-04-07T04:02:16Z,13.033333333333333,86.33333333333333,0.3,29.957,1,32.621,1,1,D,2902230,299,1,A
2020-04-12T04:08:58Z,12.95,86.35,0.3,30.177,1,32.697,1,1,D,2902230,300,1,A
2020-04-17T04:04:09Z,12.933333333333334,86.41666666666667,0.0,31.024,1,33.13,1,1,D,2902230,301,1,A
2020-04-22T04:09:01Z,12.916666666666666,86.51666666666667,0.0,30.594,1,33.546,1,1,D,2902230,302,1,A
2020-04-27T04:08:55Z,12.966666666666667,86.61666666666666,0.4,30.914,1,32.908,1,1,D,2902230,303,1,A
2020-05-02T04:05:32Z,13.0,86.7,0.2,31.215,1,32.834,1,1,D,2902230,304,1,A
2020-05-07T04:10:55Z,13.066666666666666,86.75,0.3,31.557,1,32.87,1,1,D,2902230,305,1,A
2020-05-12T04:28:02Z,13.166666666666666,86.78333333333333,0.1,31.574,1,32.687,1,1,D,2902230,306,1,A
2020-05-17T04:16:28Z,13.266666666666667,86.78333333333333,0.3,30.106,1,32.646,1,1,D,2902230,307,1,A
2020-05-22T04:10:52Z,13.45,86.76666666666667,0.4,27.762,1,33.691,1,1,D,2902230,308,1,A
2020-05-27T04:17:39Z,13.583333333333334,86.76666666666667,0.1,29.496,1,32.987,1,1,D,2902230,309,1,A
2020-06-01T04:14:30Z,13.633333333333333,86.83333333333333,0.0,30.654,1,33.114,1,1,D,2902230,310,1,A
2020-06-06T04:17:01Z,13.783333333333333,86.96666666666667,0.1,30.32,1,33.379,1,1,D,2902230,311,1,A
2020-06-11T04:16:27Z,13.916666666666666,87.15,0.0,29.329,1,33.142,1,1,D,2902230,312,1,A
2020-06-16T04:20:58Z,14.066666666666666,87.28333333333333,0.1,29.566,1,33.262,1,1,D,2902230,313,1,A
2020-06-21T04:15:50Z,14.116666666666667,87.4,0.0,29.751,1,33.327,1,1,D,2902230,314,1,A
2020-06-26T04:12:19Z,14.083333333333334,87.55,0.0,29.844,1,32.831,1,1,D,2902230,315,1,A
2020-07-01T04:16:11Z,14.05,87.56666666666666,0.0,29.831,1,32.923,1,1,D,2902230,316,1,A
2020-07-06T04:16:53Z,14.0,87.55,0.1,29.585,1,33.335,1,1,D,2902230,317,1,A
2020-07-11T04:20:29Z,13.95,87.53333333333333,0.3,29.809,1,33.555,1,1,D,2902230,318,1,A
2020-07-16T04:12:48Z,13.866666666666667,87.48333333333333,0.4,29.581,1,33.356,1,1,D,2902230,319,1,A
2020-07-21T04:07:25Z,13.766666666666667,87.43333333333334,0.1,29.657,1,33.189,1,1,D,2902230,320,1,A
2020-07-26T04:14:56Z,13.7,87.4,0.0,29.88,1,32.93,1,1,D,2902230,321,1,A
2020-07-31T04:14:04Z,13.6,87.33333333333333,0.1,29.761,1,33.092,1,1,D,2902230,322,1,A
2020-08-05T04:19:05Z,13.483333333333333,87.38333333333334,0.0,29.3,1,33.127,1,1,D,2902230,323,1,A
2020-08-10T04:27:34Z,13.316666666666666,87.4,0.2,29.278,1,33.092,1,1,D,2902230,324,1,A
2020-08-15T04:33:50Z,13.233333333333333,87.4,0.3,29.146,1,33.034,1,1,D,2902230,325,1,A
2020-08-20T04:14:22Z,13.166666666666666,87.38333333333334,0.1,29.094,1,33.025,1,1,D,2902230,326,1,A
2020-08-25T04:12:34Z,13.1,87.31666666666666,0.2,29.127,1,32.997,1,1,D,2902230,327,1,A
2020-08-30T04:18:55Z,13.166666666666666,87.21666666666667,0.2,29.604,1,33.134,1,1,D,2902230,328,1,A
2020-09-04T04:08:32Z,13.283333333333333,87.06666666666666,0.2,30.465,1,33.368,1,1,D,2902230,329,1,A
2020-09-09T04:18:02Z,13.366666666666667,86.96666666666667,0.1,30.501,1,33.491,1,1,D,2902230,330,1,A
2020-09-14T04:17:41Z,13.4,86.96666666666667,0.3,29.495,1,33.253,1,1,D,2902230,331,1,A
2020-09-19T04:18:55Z,13.416666666666666,87.03333333333333,0.2,29.467,1,33.315,1,1,D,2902230,332,1,A
2020-09-24T04:10:55Z,13.45,87.13333333333334,0.0,29.326,1,33.159,1,1,D,2902230,333,1,A
2020-09-29T04:08:13Z,13.5,87.23333333333333,0.1,29.08,1,33.191,1,1,D,2902230,334,1,A
2020-10-04T04:27:27Z,13.783333333333333,87.28333333333333,0.3,29.216,1,33.133,1,1,D,2902230,335,1,A
2020-10-09T04:18:57Z,14.066666666666666,87.31666666666666,0.4,29.587,1,32.132,1,1,D,2902230,336,1,A
2020-10-14T04:18:18Z,14.25,87.43333333333334,0.4,28.872,1,31.772,1,1,D,2902230,337,1,A
2020-10-19T04:19:55Z,14.366666666666667,87.56666666666666,0.1,29.308,1,32.46,1,1,D,2902230,338,1,A
2020-10-24T04:15:58Z,14.45,87.61666666666666,0.4,29.175,1,31.277,1,1,D,2902230,339,1,A
2020-10-29T04:16:27Z,14.5,87.58333333333333,4.4,29.643,1,31.606,1,1,D,2902230,340,1,A
2020-11-03T04:16:44Z,14.583333333333334,87.55,0.0,29.764,1,33.052,1,1,D,2902230,341,1,A
2020-11-08T04:19:49Z,14.683333333333334,87.51666666666667,0.2,29.426,1,33.066,1,1,D,2902230,342,1,A
2020-11-13T04:17:27Z,14.716666666666667,87.55,0.4,28.892,1,33.109,1,1,D,2902230,343,1,A
2020-11-18T04:17:00Z,14.716666666666667,87.55,0.3,29.044,1,33.185,1,1,D,2902230,344,1,A
2020-11-23T04:16:03Z,14.633333333333333,87.55,0.4,28.878,1,33.29,1,1,D,2902230,345,1,A
2020-11-28T04:17:51Z,14.566666666666666,87.51666666666667,0.2,28.72,1,33.247,1,1,D,2902230,346,1,A
2020-12-03T04:25:07Z,14.45,87.45,0.0,28.57,1,33.14,1,1,D,2902230,347,1,A
2020-12-08T04:18:40Z,14.383333333333333,87.35,0.1,28.384,1,32.841,1,1,D,2902230,348,1,A
2020-12-13T04:20:03Z,14.3,87.26666666666667,0.2,28.197,1,32.868,1,1,D,2902230,349,1,A
2020-12-19T05:01:06Z,14.266666666666667,87.13333333333334,104.9,21.391,1,38.984,1,1,D,2902230,350,1,A
2019-01-04T04:10:16Z,13.966666666666667,88.33333333333333,0.4,27.719,4,34.568,4,4,D,2902232,206,1,A
2019-01-09T04:10:02Z,13.966666666666667,88.53333333333333,0.0,27.483,4,34.859,4,4,D,2902232,207,1,A
2019-01-14T04:08:18Z,14.0,88.66666666666667,0.1,27.672,4,34.807,4,4,D,2902232,208,1,A
2019-01-19T04:07:33Z,13.916666666666666,88.78333333333333,0.2,27.474,4,34.47,4,4,D,2902232,209,1,A
2019-01-24T04:06:34Z,13.716666666666667,88.78333333333333,0.3,27.592,4,34.418,4,4,D,2902232,210,1,A
2019-01-29T04:22:49Z,13.466666666666667,88.68333333333334,0.2,27.775,4,34.691,4,4,D,2902232,211,1,A
2019-02-03T04:12:00Z,13.183333333333334,88.53333333333333,0.4,28.146,4,35.074,4,4,D,2902232,212,1,A
2019-02-08T04:02:33Z,13.0,88.33333333333333,0.3,28.027,4,34.808,4,4,D,2902232,213,1,A
2019-02-13T04:08:32Z,12.866666666666667,88.11666666666666,0.4,28.068,4,34.792,4,4,D,2902232,214,1,A
2019-02-18T04:05:25Z,12.7,87.9,0.1,28.512,4,34.636,4,4,D,2902232,215,1,A
2019-02-23T04:10:13Z,12.566666666666666,87.66666666666667,0.3,28.472,4,35.052,4,4,D,2902232,216,1,A
2019-02-28T04:00:55Z,12.416666666666666,87.45,0.3,28.734,4,35.133,4,4,D,2902232,217,1,A
2019-03-05T04:07:02Z,12.233333333333333,87.25,0.1,28.642,4,35.34,4,4,D,2902232,218,1,A
2019-03-10T04:08:49Z,12.016666666666667,87.05,0.3,29.1,4,35.244,4,4,D,2902232,219,1,A
2019-03-15T04:10:19Z,11.816666666666666,86.86666666666666,0.3,28.747,4,34.806,4,4,D,2902232,220,1,A
2019-03-20T04:07:49Z,11.65,86.73333333333333,0.4,28.822,4,34.788,4,4,D,2902232,221,1,A
2019-03-25T04:13:21Z,11.483333333333333,86.68333333333334,0.2,29.185,4,34.863,4,4,D,2902232,222,1,A
2019-03-30T04:08:25Z,11.366666666666667,86.71666666666667,0.4,29.626,4,35.062,4,4,D,2902232,223,1,A
2019-04-04T04:07:25Z,11.35,86.83333333333333,0.3,30.052,4,35.053,4,4,D,2902232,224,1,A
2019-04-09T04:08:50Z,11.416666666666666,86.96666666666667,0.2,30.256,4,34.952,4,4,D,2902232,225,1,A
2019-04-14T04:01:06Z,11.55,87.11666666666666,0.3,30.611,4,35.107,4,4,D,2902232,226,1,A
2019-04-19T04:00:33Z,11.666666666666666,87.28333333333333,0.4,31.021,4,35.271,4,4,D,2902232,227,1,A
2019-04-24T04:10:25Z,11.783333333333333,87.5,0.3,30.561,4,34.237,4,4,D,2902232,228,1,A
2019-04-29T04:13:44Z,11.966666666666667,87.7,0.1,30.454,4,34.337,4,4,D,2902232,229,1,A
2019-05-04T04:12:59Z,12.183333333333334,87.88333333333334,0.3,29.452,4,34.893,4,4,D,2902232,230,1,A
2019-05-09T04:12:49Z,12.266666666666667,88.1,0.2,29.831,4,34.772,4,4,D,2902232,231,1,A
2019-05-14T04:11:31Z,12.366666666666667,88.3,0.2,30.085,4,35.483,4,4,D,2902232,232,1,A
2019-05-19T04:11:33Z,12.416666666666666,88.45,0.1,30.448,4,35.941,4,4,D,2902232,233,1,A
2019-05-24T04:21:21Z,12.4,88.51666666666667,0.2,30.468,4,36.105,4,4,D,2902232,234,1,A
2019-05-29T04:09:01Z,12.383333333333333,88.55,0.3,30.652,4,36.26,4,4,D,2902232,235,1,A
2019-06-03T04:16:34Z,12.383333333333333,88.51666666666667,0.4,30.336,4,36.055,4,4,D,2902232,236,1,A
2019-06-08T04:07:27Z,12.283333333333333,88.45,0.1,30.332,4,35.265,4,4,D,2902232,237,1,A
2019-06-13T04:10:58Z,12.133333333333333,88.35,0.2,29.978,4,35.495,4,4,D,2902232,238,1,A
2019-06-18T04:09:59Z,12.0,88.25,0.4,29.79,4,36.204,4,4,D,2902232,239,1,A
2019-06-23T04:17:34Z,11.916666666666666,88.18333333333334,0.3,29.61,4,35.344,4,4,D,2902232,240,1,A
2019-06-28T03:59:12Z,11.9,88.15,0.4,29.619,4,35.589,4,4,D,2902232,241,1,A
2019-07-03T04:17:20Z,11.916666666666666,88.13333333333334,0.2,29.264,4,36.25,4,4,D,2902232,242,1,A
2019-07-08T04:05:44Z,11.916666666666666,88.08333333333333,0.2,29.339,4,36.506,4,4,D,2902232,243,1,A
2019-07-13T04:05:59Z,11.883333333333333,88.03333333333333,0.4,29.472,4,36.616,4,4,D,2902232,244,1,A
2019-07-18T04:11:21Z,11.833333333333334,87.98333333333333,0.1,29.486,4,36.639,4,4,D,2902232,245,1,A
2019-07-23T04:12:57Z,11.783333333333333,87.93333333333334,0.2,29.588,4,36.824,4,4,D,2902232,246,1,A
2019-07-28T04:12:36Z,11.8,87.85,0.2,29.386,4,36.883,4,4,D,2902232,247,1,A
2019-08-02T04:07:56Z,11.816666666666666,87.8,0.3,29.361,4,37.039,4,4,D,2902232,248,1,A
2019-08-07T04:11:42Z,11.85,87.73333333333333,0.2,29.051,4,37.074,4,4,D,2902232,249,1,A
2019-08-12T04:05:50Z,11.95,87.68333333333334,0.3,29.034,4,37.375,4,4,D,2902232,250,1,A
2019-08-17T04:06:49Z,12.0,87.58333333333333,0.1,29.109,4,37.168,4,4,D,2902232,251,1,A
2019-08-22T04:10:51Z,12.016666666666667,87.51666666666667,0.3,29.056,4,37.279,4,4,D,2902232,252,1,A
2019-08-27T04:09:29Z,12.016666666666667,87.45,0.2,28.879,4,37.064,4,4,D,2902232,253,1,A
2019-09-01T04:05:56Z,12.033333333333333,87.33333333333333,0.2,28.66,4,37.648,4,4,D,2902232,254,1,A
2019-09-06T03:59:24Z,12.033333333333333,87.21666666666667,0.2,28.591,4,37.712,4,4,D,2902232,255,1,A
2019-09-11T04:13:03Z,12.016666666666667,87.11666666666666,0.4,28.751,4,37.413,4,4,D,2902232,256,1,A
2019-09-16T04:03:36Z,12.0,87.05,0.2,28.629,4,37.412,4,4,D,2902232,257,1,A
2019-09-21T04:08:33Z,11.916666666666666,87.05,0.2,28.495,4,37.316,4,4,D,2902232,258,1,A
2019-09-26T04:04:55Z,11.783333333333333,87.08333333333333,0.3,28.873,4,37.24,4,4,D,2902232,259,1,A
2019-10-01T04:13:34Z,11.716666666666667,87.01666666666667,0.4,29.739,4,37.254,4,4,D,2902232,260,1,A
2019-10-06T03:59:57Z,11.683333333333334,86.9,0.2,30.37,4,37.216,4,4,D,2902232,261,1,A
2019-10-11T04:11:04Z,11.75,86.73333333333333,0.2,30.397,4,37.064,4,4,D,2902232,262,1,A
2019-10-16T04:13:55Z,11.8,86.6,0.2,30.11,4,37.288,4,4,D,2902232,263,1,A
2019-10-21T04:10:25Z,11.833333333333334,86.5,0.4,29.75,4,37.477,4,4,D,2902232,264,1,A
2019-10-26T04:08:51Z,11.85,86.41666666666667,0.2,29.691,4,37.325,4,4,D,2902232,265,1,A
2019-10-31T04:12:21Z,11.883333333333333,86.38333333333334,0.1,29.695,4,37.262,4,4,D,2902232,266,1,A
2019-11-05T04:07:14Z,11.916666666666666,86.36666666666666,0.1,29.678,4,37.224,4,4,D,2902232,267,1,A
2019-11-10T04:10:35Z,11.916666666666666,86.35,0.3,29.371,4,37.209,4,4,D,2902232,268,1,A
2019-11-15T04:13:03Z,11.933333333333334,86.33333333333333,0.4,29.328,4,37.448,4,4,D,2902232,269,1,A
2019-11-20T04:15:02Z,11.9,86.3,0.1,29.459,4,37.413,4,4,D,2902232,270,1,A
2019-11-25T04:07:25Z,11.85,86.21666666666667,0.4,29.255,4,37.53,4,4,D,2902232,271,1,A
2019-11-30T04:11:04Z,11.7,86.11666666666666,0.3,29.003,4,37.686,4,4,D,2902232,272,1,A
2019-12-05T04:10:17Z,11.433333333333334,85.96666666666667,0.2,28.921,4,37.707,4,4,D,2902232,273,1,A
2019-12-10T04:14:18Z,11.15,85.8,0.3,28.736,4,37.771,4,4,D,2902232,274,1,A
2019-12-15T04:12:44Z,10.9,85.65,0.2,28.55,4,37.906,4,4,D,2902232,275,1,A
2019-12-20T04:13:34Z,10.716666666666667,85.53333333333333,0.4,28.562,4,38.062,4,4,D,2902232,276,1,A
2019-12-25T04:11:34Z,10.65,85.46666666666667,0.2,28.511,4,38.093,4,4,D,2902232,277,1,A
2019-12-30T04:18:32Z,10.683333333333334,85.46666666666667,0.3,28.393,4,38.182,4,4,D,2902232,278,1,A
2020-01-04T04:06:04Z,10.766666666666667,85.53333333333333,0.4,28.503,4,38.342,4,4,D,2902232,279,1,A
2020-01-09T04:12:34Z,10.9,85.58333333333333,0.3,28.428,4,38.297,4,4,D,2902232,280,1,A
2020-01-14T04:07:14Z,11.05,85.7,0.3,28.237,4,38.397,4,4,D,2902232,281,1,A
2020-01-19T04:09:25Z,11.216666666666667,85.8,0.2,28.185,4,38.342,4,4,D,2902232,282,1,A
2020-01-24T04:17:13Z,11.416666666666666,85.86666666666666,0.2,27.975,4,38.434,4,4,D,2902232,283,1,A
2020-01-29T04:13:27Z,11.616666666666667,85.91666666666667,0.1,27.884,4,38.725,4,4,D,2902232,284,1,A
2020-02-03T04:14:29Z,11.766666666666667,85.98333333333333,0.2,27.89,4,38.828,4,4,D,2902232,285,1,A
2020-02-08T04:02:13Z,11.866666666666667,86.08333333333333,0.2,27.756,4,38.948,4,4,D,2902232,286,1,A
2020-02-13T04:18:31Z,11.833333333333334,86.16666666666667,0.2,27.543,4,38.793,4,4,D,2902232,287,1,A
2020-02-18T04:05:49Z,11.666666666666666,86.21666666666667,0.0,27.351,4,38.474,4,4,D,2902232,288,1,A
2020-02-23T04:10:26Z,11.433333333333334,86.18333333333334,0.2,27.461,4,38.837,4,4,D,2902232,289,1,A
2020-02-28T04:05:03Z,11.166666666666666,86.13333333333334,0.4,27.961,4,38.78,4,4,D,2902232,290,1,A
2020-03-04T04:02:30Z,10.9,86.16666666666667,0.2,28.348,4,38.804,4,4,D,2902232,291,1,A
2020-03-09T04:10:33Z,10.75,86.31666666666666,0.1,28.298,4,38.793,4,4,D,2902232,292,1,A
2020-03-14T04:01:32Z,10.783333333333333,86.48333333333333,0.1,28.306,4,39.208,4,4,D,2902232,293,1,A
2020-03-19T04:07:03Z,10.916666666666666,86.58333333333333,0.2,28.706,4,39.213,4,4,D,2902232,294,1,A
2020-03-24T04:19:04Z,11.066666666666666,86.68333333333334,0.4,29.126,4,39.44,4,4,D,2902232,295,1,A
2020-03-29T04:05:02Z,11.25,86.7,0.1,29.393,4,39.702,4,4,D,2902232,296,1,A
2020-04-03T04:07:27Z,11.433333333333334,86.68333333333334,0.4,29.718,4,39.718,4,4,D,2902232,297,1,A
2020-04-08T04:12:34Z,11.616666666666667,86.66666666666667,0.1,29.988,4,39.571,4,4,D,2902232,298,1,A
2020-04-13T04:08:57Z,11.75,86.71666666666667,0.4,30.009,4,39.747,4,4,D,2902232,299,1,A
2020-04-18T04:08:25Z,11.866666666666667,86.8,0.4,30.449,4,39.119,4,4,D,2902232,300,1,A
2020-04-23T04:08:55Z,11.916666666666666,86.93333333333334,0.3,30.777,4,39.143,4,4,D,2902232,301,1,A
2020-04-28T04:10:15Z,11.9,87.0,0.2,30.75,4,39.114,4,4,D,2902232,302,1,A
2020-05-03T04:14:02Z,11.866666666666667,87.06666666666666,0.1,31.339,4,39.089,4,4,D,2902232,303,1,A
2020-05-08T04:02:03Z,11.833333333333334,87.11666666666666,0.2,32.002,4,39.97,4,4,D,2902232,304,1,A
2020-05-13T04:03:33Z,11.766666666666667,87.13333333333334,0.4,31.524,4,40.107,4,4,D,2902232,305,1,A
2020-05-18T04:16:20Z,11.716666666666667,87.11666666666666,0.4,28.255,4,40.348,4,4,D,2902232,306,1,A
2020-05-23T04:10:35Z,11.783333333333333,87.16666666666667,0.4,29.209,4,39.366,4,4,D,2902232,307,1,A
2020-05-28T04:11:24Z,11.716666666666667,87.13333333333334,0.2,29.581,4,39.758,4,4,D,2902232,308,1,A
2020-06-02T04:15:55Z,11.6,87.1,0.1,29.967,4,39.31,4,4,D,2902232,309,1,A
2020-06-07T04:05:42Z,11.5,87.06666666666666,0.1,29.651,4,39.63,4,4,D,2902232,310,1,A
2020-06-12T04:12:34Z,11.283333333333333,86.96666666666667,0.2,29.344,4,39.687,4,4,D,2902232,311,1,A
2020-06-17T04:09:36Z,11.116666666666667,86.83333333333333,0.4,29.504,4,39.935,4,4,D,2902232,312,1,A
2020-06-22T04:07:19Z,10.983333333333333,86.66666666666667,0.4,29.701,4,40.002,4,4,D,2902232,313,1,A
2020-06-27T04:09:27Z,10.833333333333334,86.6,0.1,29.645,4,40.114,4,4,D,2902232,314,1,A
2020-07-02T04:13:21Z,10.716666666666667,86.61666666666666,0.1,29.796,4,40.06,4,4,D,2902232,315,1,A
2020-07-07T04:04:55Z,10.583333333333334,86.78333333333333,0.3,29.581,4,40.366,4,4,D,2902232,316,1,A
2020-07-12T04:09:29Z,10.466666666666667,87.06666666666666,0.4,29.618,4,40.475,4,4,D,2902232,317,1,A
2020-07-17T04:03:33Z,10.4,87.36666666666666,0.4,29.118,4,40.42,4,4,D,2902232,318,1,A
2020-07-22T04:14:01Z,10.25,87.53333333333333,0.1,29.496,4,40.436,4,4,D,2902232,319,1,A
2020-07-27T03:59:32Z,10.1,87.5,0.4,29.33,4,40.532,4,4,D,2902232,320,1,A
2020-08-01T04:07:00Z,10.016666666666667,87.35,0.4,29.482,4,40.23,4,4,D,2902232,321,1,A
2020-08-06T04:11:59Z,10.0,87.16666666666667,0.1,29.16,4,40.431,4,4,D,2902232,322,1,A
2020-08-11T04:03:45Z,10.016666666666667,86.95,0.2,29.171,4,40.319,4,4,D,2902232,323,1,A
2020-08-16T04:09:08Z,10.1,86.65,0.3,29.201,4,40.275,4,4,D,2902232,324,1,A
2020-08-21T04:12:35Z,10.183333333333334,86.36666666666666,0.2,29.22,4,40.283,4,4,D,2902232,325,1,A
2020-08-26T03:58:03Z,10.216666666666667,86.16666666666667,0.2,29.335,4,40.327,4,4,D,2902232,326,1,A
2020-08-31T04:07:25Z,10.25,86.03333333333333,0.2,29.781,4,40.658,4,4,D,2902232,327,1,A
2020-09-05T04:19:25Z,10.233333333333333,85.93333333333334,0.2,29.848,4,39.821,4,4,D,2902232,328,1,A
2020-09-10T04:00:58Z,10.183333333333334,85.93333333333334,0.4,28.901,4,39.965,4,4,D,2902232,329,1,A
2020-09-15T03:57:55Z,10.05,85.98333333333333,0.4,29.068,4,39.82,4,4,D,2902232,330,1,A
2020-09-20T04:25:32Z,9.9,85.95,0.4,28.952,4,39.732,4,4,D,2902232,331,1,A
2020-09-25T03:58:56Z,9.833333333333334,85.88333333333334,0.2,29.082,4,39.268,4,4,D,2902232,332,1,A
2020-09-30T03:50:44Z,9.75,85.81666666666666,0.4,28.889,4,39.072,4,4,D,2902232,333,1,A
2020-10-05T04:07:58Z,9.8,85.75,0.1,28.73,4,38.697,4,4,D,2902232,334,1,A
2020-10-10T04:00:31Z,9.933333333333334,85.56666666666666,0.4,29.048,4,38.114,4,4,D,2902232,335,1,A
2020-10-15T04:19:21Z,10.083333333333334,85.33333333333333,0.3,28.706,4,38.247,4,4,D,2902232,336,1,A
2020-10-20T04:12:14Z,10.216666666666667,85.11666666666666,0.3,28.617,4,38.509,4,4,D,2902232,337,1,A
2020-10-25T04:10:34Z,10.383333333333333,84.9,0.3,28.65,4,38.4,4,4,D,2902232,338,1,A
2020-10-30T04:11:14Z,10.616666666666667,84.81666666666666,0.3,29.338,4,38.072,4,4,D,2902232,339,1,A
2020-11-04T04:10:13Z,10.816666666666666,84.8,0.4,29.534,4,37.763,4,4,D,2902232,340,1,A
2020-11-09T04:05:20Z,10.966666666666667,84.83333333333333,0.4,29.295,4,37.864,4,4,D,2902232,341,1,A
2020-11-14T04:27:17Z,10.966666666666667,84.88333333333334,0.4,29.548,4,37.708,4,4,D,2902232,342,1,A
2020-11-19T04:05:22Z,10.816666666666666,84.91666666666667,0.3,29.291,4,37.593,4,4,D,2902232,343,1,A
2020-11-24T04:09:07Z,10.516666666666667,84.93333333333334,0.3,28.699,4,37.522,4,4,D,2902232,344,1,A
2020-11-29T04:18:31Z,10.266666666666667,84.98333333333333,0.1,28.769,4,37.382,4,4,D,2902232,345,1,A
2020-12-04T04:04:55Z,10.033333333333333,85.06666666666666,0.3,28.463,4,37.645,4,4,D,2902232,346,1,A
2020-12-09T04:12:20Z,9.95,85.16666666666667,0.2,28.597,4,37.8,4,4,D,2902232,347,1,A
2020-12-14T04:17:51Z,10.0,85.28333333333333,0.1,28.456,4,37.828,4,4,D,2902232,348,1,A
2020-12-19T04:14:29Z,10.116666666666667,85.4,0.4,28.022,4,37.229,4,4,D,2902232,349,1,A
2021-02-18T04:22:01Z,14.45,90.2,1.1,27.249,4,34.417,4,4,D,2902233,1,1,A
2019-01-04T04:06:02Z,15.283333333333333,85.31666666666666,0.3,26.933,1,32.962,1,1,D,2902233,206,1,A
2019-01-09T04:22:55Z,15.1,85.33333333333333,0.0,27.107,1,34.131,1,1,D,2902233,207,1,A
2019-01-14T04:05:25Z,14.95,85.36666666666666,0.1,26.873,1,34.205,1,1,D,2902233,208,1,A
2019-01-19T04:05:22Z,14.833333333333334,85.46666666666667,0.2,26.782,1,34.222,1,1,D,2902233,209,1,A
2019-01-24T04:08:33Z,14.716666666666667,85.55,0.1,26.797,1,34.105,1,1,D,2902233,210,1,A
2019-01-29T04:09:55Z,14.733333333333333,85.63333333333334,0.0,26.604,1,33.504,1,1,D,2902233,211,1,A
2019-02-03T04:25:26Z,14.866666666666667,85.68333333333334,0.4,26.605,1,33.578,1,1,D,2902233,212,1,A
2019-02-08T04:05:55Z,14.966666666666667,85.71666666666667,0.0,26.755,1,34.242,1,1,D,2902233,213,1,A
2019-02-13T04:23:05Z,14.966666666666667,85.71666666666667,0.2,26.704,1,34.102,1,1,D,2902233,214,1,A
2019-02-18T04:05:34Z,14.866666666666667,85.71666666666667,0.2,26.842,1,33.503,1,1,D,2902233,215,1,A
2019-02-23T04:03:00Z,14.7,85.7,0.1,27.542,1,34.347,1,1,D,2902233,216,1,A
2019-02-28T04:05:55Z,14.6,85.68333333333334,0.4,27.466,1,33.589,1,1,D,2902233,217,1,A
2019-03-05T04:10:32Z,14.6,85.63333333333334,0.3,28.114,1,34.235,1,1,D,2902233,218,1,A
2019-03-10T04:03:34Z,14.6,85.58333333333333,0.4,28.652,1,34.292,1,1,D,2902233,219,1,A
2019-03-15T04:08:53Z,14.566666666666666,85.5,0.4,29.409,1,34.324,1,1,D,2902233,220,1,A
2019-03-20T04:07:49Z,14.466666666666667,85.45,0.3,29.066,1,34.335,1,1,D,2902233,221,1,A
2019-03-25T04:10:33Z,14.283333333333333,85.41666666666667,0.4,29.167,1,32.992,1,1,D,2902233,222,1,A
2019-03-30T04:07:25Z,14.066666666666666,85.5,0.0,29.469,1,33.842,1,1,D,2902233,223,1,A
2019-04-04T04:08:55Z,13.783333333333333,85.61666666666666,0.2,29.771,1,33.683,3,1,D,2902233,224,1,A
2019-04-09T04:03:49Z,13.6,85.71666666666667,0.1,29.887,1,33.74,1,1,D,2902233,225,1,A
2019-04-14T04:08:25Z,13.566666666666666,85.81666666666666,0.4,30.261,1,33.756,1,1,D,2902233,226,1,A
2019-04-19T04:12:28Z,13.583333333333334,85.91666666666667,0.1,30.945,1,33.762,1,1,D,2902233,227,1,A
2019-04-24T04:14:25Z,13.55,86.03333333333333,0.2,30.925,1,33.63,1,1,D,2902233,228,1,A
2019-04-29T04:02:25Z,13.533333333333333,86.16666666666667,0.1,31.422,1,34.119,1,1,D,2902233,229,1,A
2019-05-04T04:11:25Z,13.616666666666667,86.21666666666667,0.4,29.279,1,34.301,1,1,D,2902233,230,1,A
2019-05-09T04:02:32Z,13.65,86.25,0.2,29.432,1,33.701,1,1,D,2902233,231,1,A
2019-05-14T04:07:25Z,13.65,86.3,0.2,30.022,1,34.029,1,1,D,2902233,232,1,A
2019-05-19T04:06:25Z,13.65,86.31666666666666,0.4,30.162,1,33.866,1,1,D,2902233,233,1,A
2019-05-24T04:07:24Z,13.65,86.3,0.3,30.607,1,34.553,1,1,D,2902233,234,1,A
2019-05-29T04:16:19Z,13.616666666666667,86.21666666666667,0.0,30.477,1,34.52,1,1,D,2902233,235,1,A
2019-06-03T04:13:56Z,13.6,86.13333333333334,0.1,30.593,1,34.566,1,1,D,2902233,236,1,A
2019-06-08T04:09:26Z,13.65,86.01666666666667,0.0,30.735,1,34.687,1,1,D,2902233,237,1,A
2019-06-13T04:11:22Z,13.75,85.91666666666667,0.4,30.195,1,34.187,1,1,D,2902233,238,1,A
2019-06-18T04:11:37Z,13.966666666666667,85.81666666666666,0.0,29.977,1,34.425,1,1,D,2902233,239,1,A
2019-06-23T04:14:49Z,14.2,85.71666666666667,0.0,29.651,1,34.032,1,1,D,2902233,240,1,A
2019-06-28T04:10:28Z,14.333333333333334,85.6,0.4,29.735,1,34.115,1,1,D,2902233,241,1,A
2019-07-03T04:13:26Z,14.383333333333333,85.51666666666667,0.0,29.483,1,34.217,1,1,D,2902233,242,1,A
2019-07-08T04:20:35Z,14.416666666666666,85.43333333333334,0.0,29.294,1,35.115,4,1,D,2902233,243,1,A
2019-07-13T04:15:21Z,14.566666666666666,85.3,0.1,29.475,1,34.543,1,1,D,2902233,244,1,A
2019-07-18T04:12:51Z,14.75,85.26666666666667,0.4,29.46,1,34.516,1,1,D,2902233,245,1,A
2019-07-23T04:06:25Z,14.9,85.3,0.1,29.774,1,34.481,1,1,D,2902233,246,1,A
2019-07-28T04:05:21Z,14.983333333333333,85.43333333333334,0.0,29.375,1,34.499,1,1,D,2902233,247,1,A
2019-08-02T04:08:37Z,14.933333333333334,85.6,0.3,29.066,1,34.439,1,1,D,2902233,248,1,A
2019-08-07T04:07:50Z,14.8,85.65,0.4,28.662,1,34.495,1,1,D,2902233,249,1,A
2019-08-12T04:08:20Z,14.85,85.68333333333334,0.3,28.794,1,34.466,4,1,D,2902233,250,1,A
2019-08-17T04:09:04Z,14.95,85.73333333333333,0.4,29.213,1,34.44,1,1,D,2902233,251,1,A
2019-08-22T04:14:01Z,15.0,85.81666666666666,0.2,29.219,1,34.553,1,1,D,2902233,252,1,A
2019-08-27T04:15:03Z,14.933333333333334,85.91666666666667,0.1,29.054,1,34.515,4,1,D,2902233,253,1,A
2019-09-01T04:04:59Z,14.866666666666667,85.98333333333333,0.3,28.886,1,34.572,4,1,D,2902233,254,1,A
2019-09-06T04:12:00Z,14.833333333333334,86.01666666666667,0.4,28.606,1,34.429,4,1,D,2902233,255,1,A
2019-09-11T04:19:05Z,14.766666666666667,86.03333333333333,0.4,28.696,1,34.661,4,1,D,2902233,256,1,A
2019-09-16T04:07:02Z,14.616666666666667,86.01666666666667,0.4,28.812,1,34.593,4,1,D,2902233,257,1,A
2019-09-21T04:11:19Z,14.433333333333334,86.05,0.0,29.058,1,34.356,4,1,D,2902233,258,1,A
2019-09-26T04:11:59Z,14.283333333333333,86.06666666666666,0.2,29.052,1,34.474,4,1,D,2902233,259,1,A
2019-10-01T04:08:17Z,14.183333333333334,86.0,0.1,29.716,1,34.362,4,1,D,2902233,260,1,A
2019-10-06T04:10:55Z,14.083333333333334,85.86666666666666,0.3,29.933,1,34.341,4,1,D,2902233,261,1,A
2019-10-11T04:08:00Z,13.966666666666667,85.8,0.2,29.94,1,34.336,4,1,D,2902233,262,1,A
2019-10-16T04:08:43Z,13.816666666666666,85.83333333333333,0.4,30.015,1,34.552,4,1,D,2902233,263,1,A
2019-10-21T04:02:55Z,13.7,85.93333333333334,0.1,29.993,1,34.727,1,1,D,2902233,264,1,A
2019-10-26T04:04:09Z,13.65,86.08333333333333,0.0,29.824,1,34.543,1,1,D,2902233,265,1,A
2019-10-31T04:18:03Z,13.8,86.21666666666667,0.2,29.897,1,34.567,1,1,D,2902233,266,1,A
2019-11-05T04:08:04Z,14.166666666666666,86.31666666666666,0.0,29.529,1,34.58,1,1,D,2902233,267,1,A
2019-11-10T04:07:01Z,14.5,86.43333333333334,0.0,28.918,1,33.871,1,1,D,2902233,268,1,A
2019-11-15T04:27:28Z,14.75,86.55,0.2,29.09,1,34.234,1,1,D,2902233,269,1,A
2019-11-20T04:05:26Z,14.85,86.55,0.4,29.3,1,34.314,1,1,D,2902233,270,1,A
2019-11-25T04:23:57Z,14.866666666666667,86.51666666666667,0.0,29.158,1,34.483,1,1,D,2902233,271,1,A
2019-11-30T04:14:26Z,14.766666666666667,86.45,0.0,28.979,1,34.648,4,1,D,2902233,272,1,A
2019-12-05T04:12:01Z,14.55,86.38333333333334,0.3,28.004,1,32.517,4,1,D,2902233,273,1,A
2019-12-10T04:01:28Z,14.3,86.33333333333333,0.3,28.402,1,34.578,4,1,D,2902233,274,1,A
2019-12-15T04:21:19Z,14.0,86.31666666666666,0.0,28.434,1,34.513,4,1,D,2902233,275,1,A
2019-12-20T04:13:52Z,13.666666666666666,86.33333333333333,0.4,28.119,1,34.389,4,1,D,2902233,276,1,A
2019-12-25T04:09:52Z,13.416666666666666,86.36666666666666,0.0,27.604,1,34.189,4,1,D,2902233,277,1,A
2019-12-30T04:12:33Z,13.25,86.5,0.2,27.662,1,34.187,4,1,D,2902233,278,1,A
2020-01-04T04:12:00Z,13.283333333333333,86.63333333333334,0.3,27.563,1,34.257,4,1,D,2902233,279,1,A
2020-01-09T04:01:12Z,13.43894,86.78327,198.0,14.063,1,36.23,1,1,D,2902233,280,1,A
2020-01-14T04:02:30Z,13.7,86.93333333333334,0.0,27.302,1,34.652,4,1,D,2902233,281,1,A
2020-01-19T04:17:28Z,14.016666666666667,86.91666666666667,0.2,26.992,1,33.416,4,1,D,2902233,282,1,A
2020-01-24T04:13:03Z,14.3,86.8,0.0,27.64,1,34.055,4,1,D,2902233,283,1,A
2020-01-29T04:03:43Z,14.516666666666667,86.65,0.3,26.748,1,32.701,4,1,D,2902233,284,1,A
2020-02-03T04:11:43Z,14.75,86.5,0.1,27.463,1,34.266,4,1,D,2902233,285,1,A
2020-02-08T04:08:43Z,14.983333333333333,86.36666666666666,0.3,27.401,1,34.039,4,1,D,2902233,286,1,A
2020-02-13T04:10:21Z,15.133333333333333,86.28333333333333,0.4,27.311,1,34.173,4,1,D,2902233,287,1,A
2020-02-18T04:10:47Z,15.2,86.26666666666667,0.1,27.179,1,34.142,4,1,D,2902233,288,1,A
2020-02-23T04:02:43Z,15.216666666666667,86.33333333333333,0.1,26.994,1,34.174,4,1,D,2902233,289,1,A
2020-02-28T04:21:42Z,15.166666666666666,86.45,0.4,26.675,1,33.567,4,1,D,2902233,290,1,A
2020-03-04T04:21:49Z,15.0,86.6,0.2,26.918,1,33.537,4,1,D,2902233,291,1,A
2020-03-09T04:08:25Z,14.883333333333333,86.71666666666667,0.1,27.657,1,33.926,4,1,D,2902233,292,1,A
2020-03-14T04:14:02Z,14.766666666666667,86.86666666666666,0.1,27.888,1,33.929,4,1,D,2902233,293,1,A
2020-03-19T04:13:20Z,14.633333333333333,86.98333333333333,0.1,28.4,1,33.779,4,1,D,2902233,294,1,A
2020-03-24T04:06:32Z,14.6,87.05,0.3,28.561,1,34.042,4,1,D,2902233,295,1,A
2020-03-29T04:05:51Z,14.65,87.05,0.2,28.918,1,33.649,3,1,D,2902233,296,1,A
2020-04-03T04:23:55Z,14.75,87.05,0.1,29.792,1,33.873,3,1,D,2902233,297,1,A
2020-04-08T04:11:26Z,14.866666666666667,87.06666666666666,0.2,29.761,1,33.839,4,1,D,2902233,298,1,A
2020-04-13T04:06:16Z,15.033333333333333,87.1,0.1,30.019,1,33.774,4,1,D,2902233,299,1,A
2020-04-18T04:18:56Z,15.3,87.1,0.2,30.547,1,33.974,4,1,D,2902233,300,1,A
2020-04-23T04:09:32Z,15.583333333333334,87.11666666666666,0.2,31.217,1,33.874,4,1,D,2902233,301,1,A
2020-04-28T04:08:58Z,15.866666666666667,87.15,0.3,30.555,1,33.865,4,1,D,2902233,302,1,A
2020-05-03T04:08:28Z,16.05,87.21666666666667,0.3,30.503,1,34.335,4,1,D,2902233,303,1,A
2020-05-08T04:11:55Z,16.166666666666668,87.25,0.0,30.892,1,34.187,4,1,D,2902233,304,1,A
2020-05-13T04:10:57Z,16.15,87.21666666666667,0.2,31.424,1,34.242,4,1,D,2902233,305,1,A
2020-05-18T04:15:19Z,16.05,87.08333333333333,0.4,30.439,1,34.31,4,1,D,2902233,306,1,A
2020-05-23T04:04:34Z,15.933333333333334,86.96666666666667,0.0,28.68,1,34.893,4,1,D,2902233,307,1,A
2020-05-28T04:09:57Z,15.7,86.88333333333334,0.4,29.285,1,34.741,4,1,D,2902233,308,1,A
2020-06-02T04:12:02Z,15.4,86.86666666666666,0.0,30.245,1,34.828,4,1,D,2902233,309,1,A
2020-06-07T04:14:28Z,15.25,87.0,0.1,30.22,1,34.372,3,1,D,2902233,310,1,A
2020-06-12T04:07:27Z,15.166666666666666,87.21666666666667,0.4,29.641,1,34.498,3,1,D,2902233,311,1,A
2020-06-17T04:16:03Z,15.2,87.46666666666667,0.4,29.516,1,34.481,4,1,D,2902233,312,1,A
2020-06-22T04:09:18Z,15.266666666666667,87.71666666666667,0.4,29.089,1,34.453,4,1,D,2902233,313,1,A
2020-06-27T04:13:03Z,15.516666666666667,87.86666666666666,0.0,29.999,4,34.647,4,4,D,2902233,314,1,A
2020-07-02T04:11:26Z,15.95,87.81666666666666,0.2,29.691,4,34.379,4,4,D,2902233,315,1,A
2020-07-07T04:11:01Z,16.35,87.81666666666666,0.1,29.441,4,34.601,4,4,D,2902233,316,1,A
2020-07-12T04:13:30Z,16.683333333333334,87.95,0.2,29.574,4,34.403,4,4,D,2902233,317,1,A
2020-07-17T04:28:43Z,16.816666666666666,88.2,0.3,29.578,4,34.346,4,4,D,2902233,318,1,A
2020-07-22T04:10:59Z,16.716666666666665,88.36666666666666,0.4,29.694,4,34.314,4,4,D,2902233,319,1,A
2020-07-27T04:22:24Z,16.383333333333333,88.4,0.0,29.963,4,34.151,4,4,D,2902233,320,1,A
2020-08-01T04:25:19Z,15.983333333333333,88.25,0.1,29.926,4,34.074,4,4,D,2902233,321,1,A
2020-08-06T04:13:55Z,15.716666666666667,88.01666666666667,0.1,29.366,4,33.911,4,4,D,2902233,322,1,A
2020-08-11T04:13:55Z,15.483333333333333,87.75,0.0,29.335,4,33.923,4,4,D,2902233,323,1,A
2020-08-16T04:14:28Z,15.283333333333333,87.5,0.4,28.916,4,34.201,4,4,D,2902233,324,1,A
2020-08-21T04:09:27Z,15.083333333333334,87.3,0.1,28.672,4,34.029,4,4,D,2902233,325,1,A
2020-08-26T04:22:49Z,14.883333333333333,87.08333333333333,0.4,28.805,4,34.332,4,4,D,2902233,326,1,A
2020-08-31T04:08:01Z,14.8,86.91666666666667,0.0,29.138,4,34.358,4,4,D,2902233,327,1,A
2020-09-05T04:05:25Z,14.65,86.78333333333333,0.1,29.741,4,33.595,4,4,D,2902233,328,1,A
2020-09-10T04:12:26Z,14.5,86.76666666666667,0.3,29.98,4,34.196,4,4,D,2902233,329,1,A
2020-09-15T04:16:56Z,14.316666666666666,86.91666666666667,0.3,29.718,4,34.254,4,4,D,2902233,330,1,A
2020-09-20T04:15:55Z,14.3,87.13333333333334,0.1,29.525,4,34.324,4,4,D,2902233,331,1,A
2020-09-25T04:08:19Z,14.383333333333333,87.33333333333333,0.4,29.62,4,34.016,4,4,D,2902233,332,1,A
2020-09-30T04:12:55Z,14.616666666666667,87.43333333333334,0.4,29.207,4,33.838,4,4,D,2902233,333,1,A
2020-10-05T04:19:30Z,14.95,87.48333333333333,0.4,29.238,4,34.049,4,4,D,2902233,334,1,A
2020-10-10T04:11:26Z,15.066666666666666,87.63333333333334,0.2,29.148,4,33.948,4,4,D,2902233,335,1,A
2020-10-15T04:16:29Z,15.166666666666666,87.83333333333333,0.3,28.778,4,33.894,4,4,D,2902233,336,1,A
2020-10-20T04:20:31Z,15.266666666666667,87.96666666666667,0.1,28.811,4,33.105,4,4,D,2902233,337,1,A
2020-10-25T04:15:27Z,15.383333333333333,88.06666666666666,0.4,29.19,4,33.727,4,4,D,2902233,338,1,A
2020-10-30T04:09:35Z,15.333333333333334,88.18333333333334,0.1,29.146,4,33.786,4,4,D,2902233,339,1,A
2020-11-04T04:44:50Z,15.25,88.31666666666666,0.4,29.924,4,33.89,4,4,D,2902233,340,1,A
2020-11-09T04:14:00Z,15.066666666666666,88.48333333333333,0.1,29.362,4,34.043,4,4,D,2902233,341,1,A
2020-11-14T04:14:36Z,14.883333333333333,88.68333333333334,0.4,29.078,4,33.904,4,4,D,2902233,342,1,A
2020-11-19T04:13:05Z,14.7,88.83333333333333,0.1,29.099,4,33.942,4,4,D,2902233,343,1,A
2020-11-24T04:22:14Z,14.65,88.95,0.2,28.902,4,33.915,4,4,D,2902233,344,1,A
2020-11-29T04:13:14Z,14.616666666666667,89.1,0.4,28.866,4,33.512,4,4,D,2902233,345,1,A
2020-12-04T04:11:54Z,14.616666666666667,89.23333333333333,0.0,28.97,4,33.784,4,4,D,2902233,346,1,A
2020-12-09T04:16:56Z,14.616666666666667,89.38333333333334,0.3,28.53,4,33.622,4,4,D,2902233,347,1,A
2020-12-14T04:14:04Z,14.616666666666667,89.53333333333333,0.4,28.31,4,33.91,4,4,D,2902233,348,1,A
2020-12-19T04:11:29Z,14.666666666666666,89.61666666666666,0.3,28.269,4,34.039,4,4,D,2902233,349,1,A
2020-12-24T04:18:00Z,14.7,89.66666666666667,0.2,28.754,4,33.838,4,4,D,2902233,350,1,A
2020-12-29T04:13:27Z,14.783333333333333,89.68333333333334,0.0,28.141,4,33.898,4,4,D,2902233,351,1,A
2021-01-03T04:21:26Z,14.833333333333334,89.66666666666667,0.2,27.984,4,34.477,4,4,D,2902233,352,1,A
2021-01-08T04:16:56Z,14.833333333333334,89.66666666666667,0.0,28.349,4,33.878,4,4,D,2902233,353,1,A
2021-01-13T04:19:25Z,14.85,89.68333333333334,0.3,28.24,4,34.732,4,4,D,2902233,354,1,A
2021-01-18T04:14:21Z,14.85,89.73333333333333,0.4,28.005,4,34.49,4,4,D,2902233,355,1,A
2021-01-23T04:16:32Z,14.816666666666666,89.75,0.4,28.1,4,33.4,4,4,D,2902233,356,1,A
2021-01-28T04:16:16Z,14.75,89.78333333333333,0.2,27.505,4,33.313,4,4,D,2902233,357,1,A
2021-02-02T04:21:27Z,14.683333333333334,89.8,0.1,27.444,4,34.174,4,4,D,2902233,358,1,A
2021-02-07T04:16:55Z,14.6,89.86666666666666,0.1,26.317,4,33.254,4,4,D,2902233,359,1,A
2021-02-12T04:29:34Z,14.55,89.98333333333333,0.3,26.528,4,33.425,4,4,D,2902233,360,1,A
2020-12-10T04:24:02Z,12.716666666666667,82.66666666666667,1.1,27.759,1,33.741,1,1,D,2902234,1,1,A
2020-12-11T00:33:00Z,12.75,82.68333333333334,0.4,27.838,1,33.046,1,1,D,2902234,6,1,A
2019-01-04T04:12:02Z,14.45,88.68333333333334,0.2,27.474,1,32.76,1,1,D,2902234,206,1,A
2019-01-09T03:59:47Z,14.433333333333334,89.06666666666666,0.2,27.497,1,33.692,1,1,D,2902234,207,1,A
2019-01-14T04:05:25Z,14.433333333333334,89.31666666666666,0.3,27.814,1,32.857,1,1,D,2902234,208,1,A
2019-01-19T04:00:31Z,14.266666666666667,89.48333333333333,0.4,27.265,1,32.91,1,1,D,2902234,209,1,A
2019-01-24T04:06:09Z,14.116666666666667,89.51666666666667,0.4,26.337,1,31.629,1,1,D,2902234,210,1,A
2019-01-29T04:07:51Z,13.933333333333334,89.48333333333333,0.3,26.124,1,31.853,1,1,D,2902234,211,1,A
2019-02-03T04:03:43Z,13.7,89.36666666666666,0.3,26.451,1,31.978,1,1,D,2902234,212,1,A
2019-02-08T04:01:12Z,13.5,89.18333333333334,0.1,26.922,1,32.459,1,1,D,2902234,213,1,A
2019-02-13T04:02:03Z,13.316666666666666,88.96666666666667,0.2,27.014,1,32.67,1,1,D,2902234,214,1,A
2019-02-18T04:23:25Z,13.033333333333333,88.73333333333333,0.2,27.642,1,32.376,1,1,D,2902234,215,1,A
2019-02-23T04:18:55Z,12.75,88.51666666666667,0.2,27.285,1,32.617,1,1,D,2902234,216,1,A
2019-02-28T04:06:25Z,12.5,88.36666666666666,0.2,28.028,1,32.688,1,1,D,2902234,217,1,A
2019-03-05T04:08:27Z,12.316666666666666,88.3,0.2,27.845,1,32.849,1,1,D,2902234,218,1,A
2019-03-10T04:06:10Z,12.216666666666667,88.31666666666666,0.3,28.278,1,32.715,1,1,D,2902234,219,1,A
2019-03-15T03:59:05Z,12.233333333333333,88.43333333333334,0.3,28.404,1,32.796,1,1,D,2902234,220,1,A
2019-03-20T04:22:22Z,12.383333333333333,88.55,0.1,29.198,1,33.808,1,1,D,2902234,221,1,A
2019-03-25T04:06:02Z,12.65,88.63333333333334,0.2,29.372,1,33.783,1,1,D,2902234,222,1,A
2019-03-30T04:05:43Z,12.933333333333334,88.66666666666667,0.3,29.355,1,33.415,1,1,D,2902234,223,1,A
2019-04-04T04:01:28Z,13.233333333333333,88.75,0.1,29.401,1,31.971,1,1,D,2902234,224,1,A
2019-04-09T04:08:27Z,13.516666666666667,88.8,0.2,29.915,1,31.775,1,1,D,2902234,225,1,A
2019-04-14T04:05:57Z,13.8,88.85,0.3,30.429,1,32.008,1,1,D,2902234,226,1,A
2019-04-19T04:20:26Z,14.05,88.9,0.4,30.608,1,32.151,1,1,D,2902234,227,1,A
2019-04-24T03:58:25Z,14.233333333333333,89.05,0.2,30.161,1,33.802,1,1,D,2902234,228,1,A
2019-04-29T04:24:18Z,14.333333333333334,89.23333333333333,0.4,30.82,1,32.399,1,1,D,2902234,229,1,A
2019-05-04T04:23:05Z,14.333333333333334,89.43333333333334,0.2,30.013,1,33.605,1,1,D,2902234,230,1,A
2019-05-09T04:03:05Z,14.316666666666666,89.63333333333334,0.1,30.078,1,33.708,1,1,D,2902234,231,1,A
2019-05-14T04:03:55Z,14.3,89.76666666666667,0.3,30.352,1,33.532,1,1,D,2902234,232,1,A
2019-05-19T04:06:55Z,14.216666666666667,89.83333333333333,0.2,30.575,1,33.342,1,1,D,2902234,233,1,A
2019-05-24T04:08:20Z,14.083333333333334,89.86666666666666,0.2,30.764,1,33.211,1,1,D,2902234,234,1,A
2019-05-29T04:08:01Z,13.983333333333333,89.88333333333334,0.1,30.568,1,32.549,1,1,D,2902234,235,1,A
2019-06-03T04:08:55Z,13.9,89.85,0.1,30.501,1,32.702,1,1,D,2902234,236,1,A
2019-06-08T04:02:25Z,13.75,89.78333333333333,0.2,30.401,1,32.728,1,1,D,2902234,237,1,A
2019-06-13T04:06:51Z,13.633333333333333,89.7,0.3,30.116,1,33.41,1,1,D,2902234,238,1,A
2019-06-18T04:10:28Z,13.616666666666667,89.58333333333333,0.4,29.34,1,33.101,1,1,D,2902234,239,1,A
2019-06-23T04:07:03Z,13.6,89.48333333333333,0.3,29.26,1,32.934,1,1,D,2902234,240,1,A
2019-06-28T04:28:55Z,13.6,89.38333333333334,0.4,29.34,1,33.111,1,1,D,2902234,241,1,A
2019-07-03T04:04:49Z,13.616666666666667,89.28333333333333,0.3,29.218,1,32.874,1,1,D,2902234,242,1,A
2019-07-08T04:04:09Z,13.616666666666667,89.16666666666667,0.4,29.088,1,32.964,1,1,D,2902234,243,1,A
2019-07-13T04:01:59Z,13.633333333333333,89.06666666666666,0.4,29.337,1,33.26,1,1,D,2902234,244,1,A
2019-07-18T04:04:04Z,13.666666666666666,88.98333333333333,0.0,29.366,1,33.617,1,1,D,2902234,245,1,A
2019-07-23T04:07:57Z,13.75,88.9,0.2,29.381,1,33.246,1,1,D,2902234,246,1,A
2019-07-28T04:08:51Z,13.816666666666666,88.83333333333333,0.3,29.354,1,33.359,1,1,D,2902234,247,1,A
2019-08-02T04:03:59Z,13.816666666666666,88.81666666666666,0.2,28.943,1,33.336,1,1,D,2902234,248,1,A
2019-08-07T04:08:49Z,13.85,88.8,0.1,28.319,1,33.227,1,1,D,2902234,249,1,A
2019-08-12T04:01:21Z,13.9,88.78333333333333,0.4,28.725,1,33.408,1,1,D,2902234,250,1,A
2019-08-17T04:07:55Z,13.966666666666667,88.8,0.2,29.008,1,33.318,1,1,D,2902234,251,1,A
2019-08-22T04:04:09Z,14.083333333333334,88.78333333333333,0.3,28.757,1,33.156,1,1,D,2902234,252,1,A
2019-08-27T04:00:33Z,14.233333333333333,88.78333333333333,0.4,28.91,1,33.007,1,1,D,2902234,253,1,A
2019-09-01T04:02:58Z,14.366666666666667,88.71666666666667,0.1,28.574,1,32.114,1,1,D,2902234,254,1,A
2019-09-06T04:04:51Z,14.45,88.66666666666667,0.3,28.058,1,30.942,1,1,D,2902234,255,1,A
2019-09-11T04:09:58Z,14.566666666666666,88.61666666666666,0.1,28.33,1,32.13,1,1,D,2902234,256,1,A
2019-09-16T04:13:26Z,14.683333333333334,88.6,0.0,28.913,1,31.804,1,1,D,2902234,257,1,A
2019-09-21T04:07:58Z,14.833333333333334,88.55,0.2,29.29,1,31.484,1,1,D,2902234,258,1,A
2019-09-26T04:03:55Z,14.916666666666666,88.45,0.3,28.977,1,31.854,1,1,D,2902234,259,1,A
2019-10-01T04:25:02Z,14.95,88.31666666666666,0.2,29.475,1,32.433,1,1,D,2902234,260,1,A
2019-10-06T04:22:31Z,14.966666666666667,88.18333333333334,0.3,30.463,1,32.829,1,1,D,2902234,261,1,A
2019-10-11T04:03:55Z,14.983333333333333,88.03333333333333,0.4,30.656,1,33.135,1,1,D,2902234,262,1,A
2019-10-16T04:09:25Z,15.033333333333333,87.86666666666666,4.1,30.369,1,31.284,1,1,D,2902234,263,1,A
2019-10-21T04:13:25Z,15.116666666666667,87.63333333333334,0.2,30.198,1,32.458,1,1,D,2902234,264,1,A
2019-10-26T04:19:00Z,15.266666666666667,87.36666666666666,5.4,29.911,1,31.331,1,1,D,2902234,265,1,A
2019-10-31T04:07:33Z,15.466666666666667,87.1,0.1,29.993,1,33.484,1,1,D,2902234,266,1,A
2019-11-05T04:07:58Z,15.65,86.85,0.1,29.756,1,33.436,1,1,D,2902234,267,1,A
2019-11-10T04:22:51Z,15.733333333333333,86.71666666666667,0.3,28.959,1,33.583,1,1,D,2902234,268,1,A
2019-11-15T04:10:32Z,15.816666666666666,86.66666666666667,0.3,29.0,1,33.729,1,1,D,2902234,269,1,A
2019-11-20T04:09:04Z,15.866666666666667,86.6,0.4,29.102,1,33.531,1,1,D,2902234,270,1,A
2019-11-25T04:06:00Z,15.866666666666667,86.58333333333333,6.4,28.511,1,31.352,1,1,D,2902234,271,1,A
2019-11-30T04:09:20Z,15.766666666666667,86.56666666666666,9.4,28.156,1,29.827,1,1,D,2902234,272,1,A
2019-12-05T04:13:26Z,15.6,86.51666666666667,0.4,27.442,1,30.172,1,1,D,2902234,273,1,A
2019-12-10T04:10:35Z,15.416666666666666,86.4,0.2,27.031,1,31.324,1,1,D,2902234,274,1,A
2019-12-15T04:29:26Z,15.2,86.2,0.4,26.862,1,30.604,1,1,D,2902234,275,1,A
2019-12-20T04:19:57Z,15.05,86.0,0.3,27.355,1,31.844,1,1,D,2902234,276,1,A
2019-12-25T04:25:06Z,14.88941,85.83227,27.1,28.114,1,33.89,1,1,D,2902234,277,1,A
2019-12-30T04:22:05Z,14.75,85.6,0.4,26.525,1,32.566,1,1,D,2902234,278,1,A
2020-01-04T04:29:13Z,14.616666666666667,85.38333333333334,0.2,26.528,1,31.714,1,1,D,2902234,279,1,A
2020-01-09T04:26:58Z,14.483333333333333,85.25,0.2,26.595,1,32.264,1,1,D,2902234,280,1,A
2020-01-14T04:25:00Z,14.283333333333333,85.13333333333334,0.1,27.473,1,33.281,1,1,D,2902234,281,1,A
2020-01-19T04:26:02Z,14.2,85.0,0.2,27.165,1,32.681,1,1,D,2902234,282,1,A
2020-01-24T04:23:19Z,14.233333333333333,84.85,0.3,27.122,1,32.848,1,1,D,2902234,283,1,A
2020-01-29T04:28:25Z,14.333333333333334,84.66666666666667,0.1,27.4,1,32.771,1,1,D,2902234,284,1,A
2020-02-03T04:28:09Z,14.383333333333333,84.48333333333333,0.4,26.972,1,32.428,1,1,D,2902234,285,1,A
2020-02-08T04:30:11Z,14.416666666666666,84.31666666666666,0.1,26.988,1,32.756,1,1,D,2902234,286,1,A
2020-02-13T04:34:53Z,14.483333333333333,84.15,0.1,27.244,1,32.957,1,1,D,2902234,287,1,A
2020-02-18T04:21:55Z,14.566666666666666,84.0,0.3,27.577,1,33.051,1,1,D,2902234,288,1,A
2020-02-23T04:26:02Z,14.633333333333333,83.85,0.2,27.453,1,32.9,1,1,D,2902234,289,1,A
2020-02-28T04:21:30Z,14.7,83.7,0.2,27.817,1,33.297,1,1,D,2902234,290,1,A
2020-03-04T04:23:02Z,14.75,83.55,0.1,27.707,1,32.979,1,1,D,2902234,291,1,A
2020-03-09T04:24:26Z,14.766666666666667,83.38333333333334,0.1,27.951,1,33.052,1,1,D,2902234,292,1,A
2020-03-14T04:27:41Z,14.833333333333334,83.15,0.2,28.577,1,33.504,1,1,D,2902234,293,1,A
2020-03-19T04:25:25Z,14.9,82.91666666666667,0.1,28.826,1,33.299,1,1,D,2902234,294,1,A
2020-03-24T04:19:25Z,14.916666666666666,82.7,0.0,29.085,1,33.662,1,1,D,2902234,295,1,A
2020-03-29T04:24:17Z,14.933333333333334,82.55,0.3,29.48,1,33.524,1,1,D,2902234,296,1,A
2020-04-03T04:26:03Z,14.916666666666666,82.46666666666667,0.3,29.462,1,33.356,1,1,D,2902234,297,1,A
2020-04-08T04:29:19Z,14.9,82.45,0.3,29.757,1,33.381,1,1,D,2902234,298,1,A
2020-04-13T04:22:04Z,14.85,82.5,0.3,29.509,1,33.315,1,1,D,2902234,299,1,A
2020-04-18T04:13:03Z,14.783333333333333,82.61666666666666,0.1,29.646,1,33.531,1,1,D,2902234,300,1,A
2020-04-23T04:18:23Z,14.666666666666666,82.75,0.1,30.364,1,33.492,1,1,D,2902234,301,1,A
2020-04-28T04:28:20Z,14.433333333333334,82.8,0.3,30.476,1,33.273,1,1,D,2902234,302,1,A
2020-05-03T04:23:30Z,14.216666666666667,82.81666666666666,0.3,30.812,1,33.335,1,1,D,2902234,303,1,A
2020-05-08T04:15:02Z,13.883333333333333,82.8,0.2,31.309,1,33.898,1,1,D,2902234,304,1,A
2020-05-13T04:22:13Z,13.433333333333334,82.83333333333333,0.3,31.379,1,33.722,1,1,D,2902234,305,1,A
2020-05-18T04:27:26Z,13.15,82.9,0.1,30.85,1,33.673,1,1,D,2902234,306,1,A
2020-05-23T04:26:33Z,13.066666666666666,82.98333333333333,0.3,30.869,1,33.885,1,1,D,2902234,307,1,A
2020-05-28T04:28:56Z,13.316666666666666,83.06666666666666,0.2,30.897,1,33.777,1,1,D,2902234,308,1,A
2020-06-02T04:25:25Z,13.633333333333333,82.96666666666667,0.1,30.212,1,33.77,1,1,D,2902234,309,1,A
2020-06-07T04:32:56Z,13.933333333333334,82.75,0.1,30.621,1,33.876,3,1,D,2902234,310,1,A
2020-06-12T04:31:43Z,14.133333333333333,82.55,0.4,29.914,1,33.278,3,1,D,2902234,311,1,A
2020-06-17T04:30:29Z,14.183333333333334,82.31666666666666,0.1,29.948,1,33.714,3,1,D,2902234,312,1,A
2020-06-22T04:31:55Z,14.266666666666667,82.05,0.4,29.577,1,33.148,3,1,D,2902234,313,1,A
2020-06-27T04:31:43Z,14.333333333333334,81.78333333333333,0.2,30.259,1,33.488,3,1,D,2902234,314,1,A
2020-07-02T04:39:14Z,14.316666666666666,81.51666666666667,0.2,30.238,1,33.56,3,1,D,2902234,315,1,A
2020-07-07T04:28:32Z,14.283333333333333,81.21666666666667,0.1,29.922,1,33.599,3,1,D,2902234,316,1,A
2020-07-12T04:26:34Z,14.116666666666667,80.96666666666667,0.4,29.918,1,33.555,3,1,D,2902234,317,1,A
2020-07-17T04:29:56Z,13.666666666666666,80.9,0.2,29.577,1,33.389,3,1,D,2902234,318,1,A
2020-07-22T04:29:20Z,13.35,81.13333333333334,0.3,29.532,1,33.272,3,1,D,2902234,319,1,A
2020-07-27T04:27:26Z,13.45,81.38333333333334,0.3,29.768,1,33.253,3,1,D,2902234,320,1,A
2020-08-01T04:31:55Z,13.866666666666667,81.38333333333334,0.1,30.003,1,33.419,3,1,D,2902234,321,1,A
2020-08-06T04:35:20Z,14.1,80.88333333333334,0.3,29.548,1,33.59,3,1,D,2902234,322,1,A
2020-08-11T04:26:35Z,13.7,80.8,0.4,29.118,1,33.817,3,1,D,2902234,323,1,A
2020-08-16T04:27:19Z,13.466666666666667,81.1,0.1,29.115,1,33.956,3,1,D,2902234,324,1,A
2020-08-21T04:33:52Z,13.7,82.11666666666666,0.0,29.123,1,33.801,3,1,D,2902234,325,1,A
2020-08-26T04:26:55Z,12.95,82.33333333333333,0.4,29.347,1,33.795,3,1,D,2902234,326,1,A
2020-08-31T04:15:53Z,12.383333333333333,81.63333333333334,0.2,29.141,1,34.157,3,1,D,2902234,327,1,A
2020-09-05T04:20:57Z,12.233333333333333,81.33333333333333,0.2,29.814,1,33.727,3,1,D,2902234,328,1,A
2020-09-10T04:26:33Z,12.216666666666667,81.33333333333333,0.1,29.733,1,33.734,3,1,D,2902234,329,1,A
2020-09-15T04:31:03Z,12.3,81.23333333333333,0.3,29.142,1,33.595,3,1,D,2902234,330,1,A
2020-09-20T04:34:57Z,12.616666666666667,81.11666666666666,0.4,29.0,1,33.644,3,1,D,2902234,331,1,A
2020-09-25T04:23:13Z,13.283333333333333,81.01666666666667,0.3,28.915,1,34.105,3,1,D,2902234,332,1,A
2020-09-30T04:21:50Z,13.95,81.38333333333334,0.4,28.974,1,33.744,3,1,D,2902234,333,1,A
2020-10-05T04:29:23Z,13.933333333333334,81.85,0.4,28.863,1,33.517,3,1,D,2902234,334,1,A
2020-10-10T04:18:25Z,12.766666666666667,82.48333333333333,0.1,29.394,1,33.702,3,1,D,2902234,335,1,A
2020-10-15T04:24:55Z,13.1,83.15,0.2,28.702,1,33.655,3,1,D,2902234,336,1,A
2020-10-20T04:25:09Z,13.333333333333334,82.18333333333334,0.1,28.845,1,33.507,3,1,D,2902234,337,1,A
2020-10-25T04:21:04Z,12.3,82.01666666666667,0.2,29.04,1,33.409,3,1,D,2902234,338,1,A
2020-10-30T04:29:53Z,12.7,82.45,0.4,29.304,1,33.008,3,1,D,2902234,339,1,A
2020-11-04T04:27:25Z,13.033333333333333,81.68333333333334,0.4,29.51,3,32.988,3,1,D,2902234,340,1,A
2020-11-09T04:25:59Z,12.25,81.28333333333333,0.2,29.37,1,32.857,3,1,D,2902234,341,1,A
2020-11-14T04:25:32Z,12.366666666666667,81.96666666666667,0.2,29.178,1,33.463,3,1,D,2902234,342,1,A
2020-11-19T04:30:34Z,13.0,81.53333333333333,0.3,29.158,1,33.469,3,1,D,2902234,343,1,A
2020-11-24T04:32:04Z,12.95,80.95,0.3,28.364,1,32.305,3,1,D,2902234,344,1,A
2020-11-29T04:31:34Z,11.916666666666666,80.95,0.1,28.499,1,33.382,3,1,D,2902234,345,1,A
2020-12-04T04:39:09Z,12.1,82.3,0.4,27.374,1,34.286,3,1,D,2902234,346,1,A
2021-04-14T04:28:34Z,11.4,91.5,0.8,30.399,1,33.027,1,1,D,2902235,1,1,A
2021-04-15T00:36:27Z,11.416666666666666,91.46666666666667,0.4,30.238,1,33.031,1,1,D,2902235,6,1,A
2019-01-04T04:10:25Z,12.033333333333333,91.1,0.2,28.269,1,32.938,1,1,D,2902235,206,1,A
2019-01-09T04:05:25Z,12.233333333333333,91.13333333333334,0.2,28.223,1,33.144,1,1,D,2902235,207,1,A
2019-01-14T04:09:33Z,12.383333333333333,91.16666666666667,0.2,28.218,1,32.948,1,1,D,2902235,208,1,A
2019-01-19T04:02:19Z,12.55,91.16666666666667,0.3,28.012,1,33.094,1,1,D,2902235,209,1,A
2019-01-24T04:12:02Z,12.766666666666667,91.16666666666667,0.3,27.481,1,31.939,1,1,D,2902235,210,1,A
2019-01-29T04:14:53Z,12.95,91.18333333333334,0.3,27.504,1,32.056,1,1,D,2902235,211,1,A
2019-02-03T04:06:21Z,13.15,91.25,0.4,27.217,1,32.268,1,1,D,2902235,212,1,A
2019-02-08T04:10:28Z,13.316666666666666,91.35,0.4,26.616,1,31.845,1,1,D,2902235,213,1,A
2019-02-13T04:08:25Z,13.483333333333333,91.43333333333334,0.3,26.727,1,31.8,1,1,D,2902235,214,1,A
2019-02-18T04:03:55Z,13.683333333333334,91.48333333333333,0.2,27.292,1,31.85,1,1,D,2902235,215,1,A
2019-02-23T04:14:32Z,13.9,91.55,0.3,27.21,1,32.105,1,1,D,2902235,216,1,A
2019-02-28T04:10:32Z,14.05,91.58333333333333,0.3,27.795,1,32.089,1,1,D,2902235,217,1,A
2019-03-05T04:07:25Z,14.2,91.65,0.2,27.123,1,32.145,1,1,D,2902235,218,1,A
2019-03-10T04:10:26Z,14.366666666666667,91.71666666666667,0.1,27.58,1,31.763,1,1,D,2902235,219,1,A
2019-03-15T04:08:59Z,14.5,91.75,0.3,27.945,1,31.812,1,1,D,2902235,220,1,A
2019-03-20T04:08:54Z,14.65,91.83333333333333,0.2,28.271,1,31.564,1,1,D,2902235,221,1,A
2019-03-25T03:46:24Z,14.766666666666667,91.91666666666667,0.2,28.406,1,32.048,1,1,D,2902235,222,1,A
2019-03-30T04:05:21Z,14.766666666666667,92.05,0.2,28.668,1,31.919,1,1,D,2902235,223,1,A
2019-04-04T04:09:01Z,14.733333333333333,92.16666666666667,0.2,29.085,1,31.668,1,1,D,2902235,224,1,A
2019-04-09T04:09:26Z,14.633333333333333,92.16666666666667,0.1,29.351,1,31.764,1,1,D,2902235,225,1,A
2019-04-14T04:07:19Z,14.416666666666666,92.06666666666666,0.3,29.344,1,32.399,1,1,D,2902235,226,1,A
2019-04-19T04:04:25Z,14.216666666666667,91.95,0.3,30.008,1,32.595,1,1,D,2902235,227,1,A
2019-04-24T04:04:21Z,14.016666666666667,91.81666666666666,0.3,30.301,1,32.418,1,1,D,2902235,228,1,A
2019-04-29T04:08:49Z,13.883333333333333,91.68333333333334,0.2,30.508,1,32.747,1,1,D,2902235,229,1,A
2019-05-04T04:08:02Z,13.8,91.6,0.1,30.046,1,32.636,1,1,D,2902235,230,1,A
2019-05-09T04:04:56Z,13.716666666666667,91.5,0.3,30.138,1,33.009,1,1,D,2902235,231,1,A
2019-05-14T04:07:25Z,13.666666666666666,91.33333333333333,0.3,30.355,1,33.797,1,1,D,2902235,232,1,A
2019-05-19T04:10:02Z,13.533333333333333,91.28333333333333,0.4,30.583,1,33.636,1,1,D,2902235,233,1,A
2019-05-24T04:10:03Z,13.283333333333333,91.25,0.2,30.598,1,33.022,1,1,D,2902235,234,1,A
2019-05-29T04:13:27Z,13.15,91.18333333333334,0.4,30.639,1,32.858,1,1,D,2902235,235,1,A
2019-06-03T04:01:25Z,12.983333333333333,91.16666666666667,0.1,30.491,1,32.939,1,1,D,2902235,236,1,A
2019-06-08T04:14:26Z,12.766666666666667,91.21666666666667,0.3,30.424,1,32.634,1,1,D,2902235,237,1,A
2019-06-13T04:15:55Z,12.683333333333334,91.31666666666666,0.3,30.006,1,32.955,1,1,D,2902235,238,1,A
2019-06-18T04:09:33Z,12.683333333333334,91.43333333333334,0.4,29.606,1,32.72,1,1,D,2902235,239,1,A
2019-06-23T04:03:59Z,12.75,91.56666666666666,0.1,29.768,1,32.83,1,1,D,2902235,240,1,A
2019-06-28T04:08:24Z,12.783333333333333,91.68333333333334,0.3,29.489,1,32.892,1,1,D,2902235,241,1,A
2019-07-03T04:10:25Z,12.766666666666667,91.8,0.1,29.324,1,32.934,1,1,D,2902235,242,1,A
2019-07-08T04:06:58Z,12.666666666666666,91.9,0.4,29.28,1,33.003,1,1,D,2902235,243,1,A
2019-07-13T04:17:06Z,12.716666666666667,92.01666666666667,0.2,29.142,1,33.285,1,1,D,2902235,244,1,A
2019-07-18T04:33:44Z,12.566666666666666,92.11666666666666,0.4,29.283,1,33.119,1,1,D,2902235,245,1,A
2019-07-23T04:28:51Z,12.216666666666667,92.06666666666666,0.4,29.412,1,33.214,1,1,D,2902235,246,1,A
2019-07-28T04:22:52Z,12.266666666666667,92.15,0.3,29.324,1,33.268,1,1,D,2902235,247,1,A
2019-08-02T04:22:50Z,12.216666666666667,92.18333333333334,0.2,29.107,1,33.238,1,1,D,2902235,248,1,A
2019-08-07T05:22:48Z,12.21341,92.17009,0.2,28.961,1,33.354,1,1,D,2902235,249,1,A
2019-08-12T04:27:25Z,12.75,92.13333333333334,0.2,28.746,1,33.511,1,1,D,2902235,250,1,A
2019-08-17T04:26:34Z,12.733333333333333,92.11666666666666,0.3,28.738,1,33.218,1,1,D,2902235,251,1,A
2019-08-22T04:28:55Z,12.833333333333334,92.13333333333334,0.4,28.715,1,33.257,1,1,D,2902235,252,1,A
2019-08-27T04:23:25Z,13.083333333333334,92.21666666666667,0.3,28.784,1,33.424,1,1,D,2902235,253,1,A
2019-09-01T04:31:39Z,13.1,92.25,0.2,28.528,1,33.405,1,1,D,2902235,254,1,A
2019-09-06T04:29:25Z,13.266666666666667,92.18333333333334,0.4,28.473,1,33.648,1,1,D,2902235,255,1,A
2019-09-11T04:21:33Z,13.55,92.23333333333333,0.2,28.348,1,33.423,1,1,D,2902235,256,1,A
2019-09-16T04:12:39Z,13.766666666666667,92.31666666666666,0.4,28.159,1,33.17,1,1,D,2902235,257,1,A
2019-09-21T04:05:55Z,13.883333333333333,92.36666666666666,0.3,28.457,1,32.477,1,1,D,2902235,258,1,A
2019-09-26T04:08:32Z,13.8,92.3,0.3,28.9,1,32.549,1,1,D,2902235,259,1,A
2019-10-01T04:24:02Z,13.816666666666666,92.33333333333333,0.2,29.829,1,32.315,1,1,D,2902235,260,1,A
2019-10-06T04:52:27Z,13.716666666666667,92.28333333333333,0.1,29.852,1,32.476,1,1,D,2902235,261,1,A
2019-10-11T04:11:33Z,13.716666666666667,92.23333333333333,0.4,30.216,1,32.346,1,1,D,2902235,262,1,A
2019-10-16T04:27:36Z,13.733333333333333,92.28333333333333,0.2,30.098,1,31.978,1,1,D,2902235,263,1,A
2019-10-21T04:26:32Z,13.55,92.25,0.2,30.156,1,32.369,1,1,D,2902235,264,1,A
2019-10-26T04:07:34Z,13.3,92.16666666666667,0.2,30.08,1,32.251,1,1,D,2902235,265,1,A
2019-10-31T04:03:26Z,13.383333333333333,92.23333333333333,0.2,30.267,1,31.604,1,1,D,2902235,266,1,A
2019-11-05T04:18:03Z,13.533333333333333,92.31666666666666,0.3,30.137,1,31.322,1,1,D,2902235,267,1,A
2019-11-10T04:21:47Z,13.65,92.41666666666667,0.2,29.399,1,32.288,1,1,D,2902235,268,1,A
2019-11-15T04:35:48Z,13.8,92.53333333333333,0.4,29.616,1,32.095,1,1,D,2902235,269,1,A
2019-11-20T04:10:19Z,13.916666666666666,92.53333333333333,0.2,29.633,1,31.972,1,1,D,2902235,270,1,A
2019-11-25T04:33:27Z,13.766666666666667,92.51666666666667,0.3,29.406,1,31.921,1,1,D,2902235,271,1,A
2019-11-30T04:25:57Z,13.7,92.45,0.2,29.06,1,32.131,1,1,D,2902235,272,1,A
2019-12-05T04:23:56Z,13.6,92.4,0.2,29.096,1,32.17,1,1,D,2902235,273,1,A
2019-12-10T04:33:55Z,13.366666666666667,92.3,0.2,28.502,1,32.972,1,1,D,2902235,274,1,A
2019-12-15T04:25:33Z,13.4,92.33333333333333,0.2,28.632,1,32.341,1,1,D,2902235,275,1,A
2019-12-20T04:17:25Z,13.616666666666667,92.43333333333334,0.4,28.347,1,31.788,3,1,D,2902235,276,1,A
2019-12-25T04:32:29Z,13.6,92.4,8.1,28.67,1,30.676,1,1,D,2902235,277,1,A
2019-12-30T04:20:33Z,13.633333333333333,92.36666666666666,0.4,28.475,1,30.602,1,1,D,2902235,278,1,A
2020-01-04T04:25:26Z,13.616666666666667,92.25,0.2,28.794,1,30.911,1,1,D,2902235,279,1,A
2020-01-09T04:10:49Z,13.55,92.08333333333333,0.2,28.636,1,32.101,1,1,D,2902235,280,1,A
2020-01-14T04:01:25Z,13.4,92.05,0.4,27.615,1,31.179,1,1,D,2902235,281,1,A
2020-01-19T04:21:25Z,13.183333333333334,92.05,0.3,27.47,1,30.418,1,1,D,2902235,282,1,A
2020-01-24T04:05:25Z,12.766666666666667,91.98333333333333,0.2,28.163,1,33.013,1,1,D,2902235,283,1,A
2020-01-29T04:06:26Z,12.6,92.03333333333333,0.3,27.816,1,32.565,1,1,D,2902235,284,1,A
2020-02-03T04:25:35Z,12.366666666666667,92.03333333333333,0.1,27.647,1,32.242,1,1,D,2902235,285,1,A
2020-02-08T04:05:34Z,12.166666666666666,91.9,0.3,27.55,1,32.14,1,1,D,2902235,286,1,A
2020-02-13T03:58:53Z,12.2,91.91666666666667,0.0,27.664,1,32.599,1,1,D,2902235,287,1,A
2020-02-18T04:23:39Z,12.25,92.03333333333333,0.1,27.669,1,32.583,1,1,D,2902235,288,1,A
2020-02-23T04:12:43Z,12.1,92.0,0.2,27.773,1,32.601,3,1,D,2902235,289,1,A
2020-02-28T04:23:36Z,12.15,92.08333333333333,0.4,27.267,1,31.658,3,1,D,2902235,290,1,A
2020-03-04T04:25:28Z,12.25,92.16666666666667,0.4,27.542,1,31.897,1,1,D,2902235,291,1,A
2020-03-09T04:10:25Z,12.116666666666667,92.03333333333333,0.0,28.368,1,32.35,3,1,D,2902235,292,1,A
2020-03-14T04:33:56Z,12.166666666666666,92.0,0.2,28.621,1,32.354,1,1,D,2902235,293,1,A
2020-03-19T04:13:50Z,12.183333333333334,92.06666666666666,0.2,28.708,1,32.238,1,1,D,2902235,294,1,A
2020-03-24T04:23:22Z,11.9,91.95,0.2,29.043,1,32.518,1,1,D,2902235,295,1,A
2020-03-29T04:09:28Z,11.733333333333333,91.95,0.4,28.855,1,32.234,1,1,D,2902235,296,1,A
2020-04-03T04:17:31Z,11.783333333333333,91.96666666666667,0.1,29.542,1,32.361,1,1,D,2902235,297,1,A
2020-04-08T04:29:55Z,11.65,91.88333333333334,0.1,29.862,1,32.356,1,1,D,2902235,298,1,A
2020-04-13T04:28:25Z,11.5,91.85,0.2,29.468,1,32.453,1,1,D,2902235,299,1,A
2020-04-18T04:18:25Z,11.5,91.86666666666666,0.2,30.036,1,32.393,1,1,D,2902235,300,1,A
2020-04-23T04:23:57Z,11.266666666666667,91.86666666666666,0.2,30.769,1,32.542,1,1,D,2902235,301,1,A
2020-04-28T04:16:03Z,11.333333333333334,91.83333333333333,0.2,30.32,1,32.67,1,1,D,2902235,302,1,A
2020-05-03T04:27:35Z,11.55,91.86666666666666,0.2,31.052,1,32.406,1,1,D,2902235,303,1,A
2020-05-08T04:27:55Z,11.783333333333333,91.93333333333334,0.1,31.02,1,32.676,1,1,D,2902235,304,1,A
2020-05-13T04:29:09Z,12.066666666666666,91.96666666666667,0.1,30.929,1,32.723,1,1,D,2902235,305,1,A
2020-05-18T04:03:03Z,12.35,91.98333333333333,0.1,30.019,1,32.678,1,1,D,2902235,306,1,A
2020-05-23T04:28:59Z,12.4,92.11666666666666,0.4,30.139,1,32.731,1,1,D,2902235,307,1,A
2020-05-28T04:24:58Z,12.383333333333333,92.15,0.3,30.139,1,32.728,1,1,D,2902235,308,1,A
2020-06-02T04:25:13Z,12.216666666666667,92.03333333333333,0.3,30.41,1,32.537,1,1,D,2902235,309,1,A
2020-06-07T04:04:22Z,11.7,91.8,0.2,29.811,1,32.701,1,1,D,2902235,310,1,A
2020-06-12T04:09:34Z,11.483333333333333,91.85,0.2,29.504,1,32.91,1,1,D,2902235,311,1,A
2020-06-17T04:30:35Z,11.233333333333333,91.78333333333333,0.2,29.496,1,32.998,1,1,D,2902235,312,1,A
2020-06-22T04:18:55Z,11.333333333333334,91.83333333333333,0.1,29.488,1,32.768,1,1,D,2902235,313,1,A
2020-06-27T04:03:29Z,11.683333333333334,91.81666666666666,0.1,29.771,1,32.915,1,1,D,2902235,314,1,A
2020-07-02T04:19:33Z,12.133333333333333,91.93333333333334,0.3,29.442,1,32.985,1,1,D,2902235,315,1,A
2020-07-07T04:15:03Z,12.35,92.1,0.3,29.09,1,32.689,1,1,D,2902235,316,1,A
2020-07-12T04:19:30Z,12.166666666666666,92.01666666666667,0.4,29.229,1,32.833,1,1,D,2902235,317,1,A
2020-07-17T04:15:42Z,12.183333333333334,91.83333333333333,0.4,29.063,1,32.936,1,1,D,2902235,318,1,A
2020-07-22T04:07:01Z,12.083333333333334,91.7,0.1,29.56,1,32.897,3,1,D,2902235,319,1,A
2020-07-27T04:11:55Z,11.916666666666666,91.68333333333334,0.4,29.903,1,32.911,3,1,D,2902235,320,1,A
2020-08-01T04:16:14Z,12.066666666666666,91.73333333333333,0.4,29.398,1,32.933,3,1,D,2902235,321,1,A
2020-08-06T04:10:43Z,12.283333333333333,91.78333333333333,0.1,29.046,1,32.955,3,1,D,2902235,322,1,A
2020-08-11T04:12:13Z,12.683333333333334,91.88333333333334,0.3,29.043,1,32.918,1,1,D,2902235,323,1,A
2020-08-16T04:08:34Z,12.916666666666666,91.9,0.2,28.908,1,32.93,3,1,D,2902235,324,1,A
2020-08-21T04:15:05Z,13.133333333333333,91.9,0.3,28.938,1,32.876,1,1,D,2902235,325,1,A
2020-08-26T04:06:25Z,13.066666666666666,91.86666666666666,0.3,29.148,1,32.872,1,1,D,2902235,326,1,A
2020-08-31T04:04:13Z,12.883333333333333,91.83333333333333,0.1,29.868,1,32.772,1,1,D,2902235,327,1,A
2020-09-05T04:07:50Z,12.75,91.7,0.3,30.332,1,32.684,1,1,D,2902235,328,1,A
2020-09-10T04:08:57Z,12.566666666666666,91.55,0.2,29.962,1,32.88,1,1,D,2902235,329,1,A
2020-09-15T04:14:57Z,12.566666666666666,91.41666666666667,0.3,29.662,1,32.875,1,1,D,2902235,330,1,A
2020-09-20T04:13:49Z,12.583333333333334,91.2,0.3,29.11,1,32.879,1,1,D,2902235,331,1,A
2020-09-25T04:13:31Z,12.7,91.1,0.4,28.852,1,32.481,1,1,D,2902235,332,1,A
2020-09-30T04:11:21Z,12.8,91.11666666666666,0.4,28.958,1,32.654,1,1,D,2902235,333,1,A
2020-10-05T04:11:27Z,12.75,91.21666666666667,0.3,28.911,1,32.695,1,1,D,2902235,334,1,A
2020-10-10T04:12:39Z,12.666666666666666,91.41666666666667,0.1,28.909,1,32.611,1,1,D,2902235,335,1,A
2020-10-15T04:11:34Z,12.666666666666666,91.56666666666666,0.2,28.603,1,32.498,1,1,D,2902235,336,1,A
2020-10-20T04:17:13Z,12.666666666666666,91.66666666666667,0.4,28.573,1,32.464,1,1,D,2902235,337,1,A
2020-10-25T04:05:33Z,12.816666666666666,91.78333333333333,0.1,28.599,1,32.384,1,1,D,2902235,338,1,A
2020-10-30T04:12:27Z,12.933333333333334,91.91666666666667,0.3,29.124,1,32.627,1,1,D,2902235,339,1,A
2020-11-04T04:05:03Z,12.833333333333334,91.96666666666667,0.3,29.558,1,32.501,1,1,D,2902235,340,1,A
2020-11-09T04:08:54Z,12.516666666666667,92.0,0.2,29.307,1,32.447,1,1,D,2902235,341,1,A
2020-11-14T04:17:02Z,12.266666666666667,91.91666666666667,0.3,29.101,1,32.585,1,1,D,2902235,342,1,A
2020-11-19T04:09:32Z,12.1,91.73333333333333,0.3,29.169,1,32.641,1,1,D,2902235,343,1,A
2020-11-24T04:16:04Z,11.883333333333333,91.51666666666667,0.3,28.956,1,32.758,1,1,D,2902235,344,1,A
2020-11-29T04:10:01Z,11.716666666666667,91.41666666666667,0.2,28.83,1,32.809,1,1,D,2902235,345,1,A
2020-12-04T04:11:28Z,11.516666666666667,91.33333333333333,0.2,28.77,1,33.095,1,1,D,2902235,346,1,A
2020-12-09T04:13:20Z,11.233333333333333,91.26666666666667,0.2,28.658,1,32.805,1,1,D,2902235,347,1,A
2020-12-14T04:06:55Z,11.066666666666666,91.18333333333334,0.4,28.435,1,32.652,1,1,D,2902235,348,1,A
2020-12-19T04:06:58Z,10.866666666666667,91.0,0.3,28.396,1,33.657,1,1,D,2902235,349,1,A
2020-12-24T04:12:26Z,10.75,90.83333333333333,0.3,28.342,1,33.855,1,1,D,2902235,350,1,A
2020-12-29T04:12:55Z,10.8,90.71666666666667,0.3,28.597,1,34.044,1,1,D,2902235,351,1,A
2021-01-03T04:05:04Z,10.966666666666667,90.78333333333333,0.2,28.495,1,33.991,1,1,D,2902235,352,1,A
2021-01-08T04:03:06Z,11.033333333333333,90.85,0.2,28.711,1,34.068,1,1,D,2902235,353,1,A
2021-01-13T04:06:34Z,11.133333333333333,90.9,0.2,28.525,1,34.095,1,1,D,2902235,354,1,A
2021-01-18T04:15:29Z,11.283333333333333,90.95,0.1,28.408,1,33.848,1,1,D,2902235,355,1,A
2021-01-23T04:08:25Z,11.433333333333334,91.05,0.4,28.339,1,33.603,1,1,D,2902235,356,1,A
2021-01-28T04:07:55Z,11.566666666666666,91.23333333333333,0.4,28.025,1,33.324,1,1,D,2902235,357,1,A
2021-02-02T04:05:34Z,11.566666666666666,91.4,0.4,28.192,1,33.514,1,1,D,2902235,358,1,A
2021-02-07T04:14:03Z,11.35,91.46666666666667,0.4,28.371,1,33.362,1,1,D,2902235,359,1,A
2021-02-12T04:07:25Z,11.233333333333333,91.4,0.2,28.107,1,32.919,1,1,D,2902235,360,1,A
2021-02-17T04:09:55Z,11.233333333333333,91.33333333333333,0.3,28.172,1,32.717,1,1,D,2902235,361,1,A
2021-02-22T04:10:33Z,11.15,91.38333333333334,0.2,28.105,1,32.917,1,1,D,2902235,362,1,A
2021-02-27T04:08:02Z,11.2,91.33333333333333,0.2,28.405,1,32.998,1,1,D,2902235,363,1,A
2021-03-04T04:06:31Z,11.4,91.43333333333334,0.4,28.689,1,33.036,1,1,D,2902235,364,1,A
2021-03-09T04:09:01Z,11.483333333333333,91.43333333333334,0.2,29.023,1,32.932,1,1,D,2902235,365,1,A
2021-03-14T04:17:05Z,11.6,91.46666666666667,0.3,29.002,1,33.196,1,1,D,2902235,366,1,A
2021-03-19T04:17:34Z,11.533333333333333,91.45,5.1,28.213,1,31.587,3,1,D,2902235,367,1,A
2021-03-24T04:14:03Z,11.516666666666667,91.48333333333333,0.2,30.159,1,32.819,3,1,D,2902235,368,1,A
2021-03-29T04:15:54Z,11.5,91.5,0.1,30.344,1,33.124,3,1,D,2902235,369,1,A
2021-04-03T04:20:04Z,11.466666666666667,91.51666666666667,0.2,29.456,1,33.101,3,1,D,2902235,370,1,A
2021-04-08T04:27:02Z,11.45,91.53333333333333,0.3,29.947,1,33.129,3,1,D,2902235,371,1,A
2021-08-22T01:24:25Z,17.466666666666665,88.83333333333333,0.4,29.311,1,33.271,1,1,R,2902236,1,1,A
2019-01-05T01:08:55Z,18.533333333333335,88.63333333333334,0.4,27.008,1,32.289,1,1,A,2902236,113,1,A
2019-01-10T01:13:29Z,18.5,88.68333333333334,0.2,26.659,1,32.079,1,1,A,2902236,114,1,A
2019-01-15T01:08:19Z,18.3,88.75,0.3,25.36,1,33.424,1,1,A,2902236,115,1,A
2019-01-20T01:11:50Z,18.05,88.8,0.4,25.351,1,32.461,1,1,A,2902236,116,1,A
2019-01-25T01:04:31Z,17.9,88.78333333333333,0.3,26.118,1,32.443,1,1,A,2902236,117,1,A
2019-01-30T01:03:44Z,17.7,88.78333333333333,0.4,25.908,1,32.209,1,1,A,2902236,118,1,A
2019-02-04T01:11:34Z,17.55,88.75,0.4,25.544,1,31.96,1,1,A,2902236,119,1,A
2019-02-09T01:14:30Z,17.45,88.68333333333334,0.2,25.695,1,31.157,1,1,A,2902236,120,1,A
2019-02-14T01:09:29Z,17.25,88.63333333333334,0.3,26.125,1,31.207,1,1,A,2902236,121,1,A
2019-02-19T01:08:45Z,17.083333333333332,88.55,0.4,26.335,1,33.016,1,1,A,2902236,122,1,A
2019-02-24T01:07:32Z,16.983333333333334,88.45,0.4,26.642,1,32.842,1,1,A,2902236,123,1,A
2019-03-01T01:08:16Z,16.9,88.36666666666666,0.4,27.499,1,32.97,1,1,A,2902236,124,1,A
2019-03-16T01:14:03Z,16.766666666666666,88.65,0.3,27.952,1,32.815,1,1,A,2902236,127,1,A
2019-03-21T01:07:19Z,16.933333333333334,88.95,0.3,28.643,1,33.0,1,1,A,2902236,128,1,A
2019-03-26T01:08:49Z,17.25,88.9,0.4,28.574,1,32.951,1,1,A,2902236,129,1,A
2019-03-31T01:06:55Z,17.183333333333334,88.7,0.4,28.681,1,32.682,1,1,A,2902236,130,1,A
2019-04-05T01:00:04Z,17.0,88.8,0.3,29.092,1,33.471,1,1,A,2902236,131,1,A
2019-04-10T01:01:42Z,17.25,89.03333333333333,0.4,28.793,1,32.695,1,1,A,2902236,132,1,A
2019-04-15T01:02:05Z,17.566666666666666,88.95,0.3,28.67,1,33.173,1,1,A,2902236,133,1,A
2019-04-20T01:07:24Z,17.75,89.01666666666667,9.1,29.87,1,32.048,1,1,A,2902236,134,1,A
2019-04-25T01:11:33Z,18.166666666666668,88.81666666666666,0.4,30.119,1,32.157,1,1,A,2902236,135,1,A
2019-04-30T01:11:54Z,18.166666666666668,88.36666666666666,0.3,30.142,1,33.282,1,1,A,2902236,136,1,A
2019-05-05T01:09:19Z,18.2,88.4,0.3,29.561,1,33.438,1,1,A,2902236,137,1,A
2019-05-10T01:02:43Z,18.483333333333334,88.1,0.2,29.837,1,32.787,1,1,A,2902236,138,1,A
2019-05-15T01:03:25Z,18.45,87.76666666666667,0.3,29.762,1,32.901,1,1,A,2902236,139,1,A
2019-05-20T01:05:00Z,18.516666666666666,87.61666666666666,0.3,29.567,1,32.843,1,1,A,2902236,140,1,A
2019-05-25T01:03:50Z,18.383333333333333,87.41666666666667,0.2,29.966,1,33.175,1,1,A,2902236,141,1,A
2019-05-30T01:04:32Z,18.366666666666667,87.45,0.3,30.185,1,33.271,1,1,A,2902236,142,1,A
2019-06-04T01:08:02Z,18.516666666666666,87.2,0.3,30.275,1,33.186,1,1,A,2902236,143,1,A
2019-06-09T01:10:20Z,18.683333333333334,87.0,0.4,30.151,1,33.488,1,1,A,2902236,144,1,A
2019-06-14T01:08:33Z,18.666666666666668,86.55,0.2,30.198,1,33.451,1,1,A,2902236,145,1,A
2019-06-19T01:07:01Z,18.733333333333334,86.01666666666667,0.2,29.938,1,33.085,1,1,A,2902236,146,1,A
2019-06-24T01:09:27Z,18.633333333333333,85.56666666666666,0.3,29.665,1,33.238,1,1,A,2902236,147,1,A
2019-06-29T01:10:26Z,18.35,85.11666666666666,0.4,30.554,1,32.332,1,1,A,2902236,148,1,A
2019-07-04T01:03:25Z,18.016666666666666,84.66666666666667,0.3,28.917,1,33.511,1,1,A,2902236,149,1,A
2019-07-09T00:55:28Z,17.6,84.21666666666667,0.4,27.776,1,33.934,1,1,A,2902236,150,1,A
2019-07-14T00:58:56Z,17.3,83.83333333333333,0.3,28.635,1,34.019,1,1,A,2902236,151,1,A
2019-07-19T01:09:25Z,17.133333333333333,83.66666666666667,0.2,29.619,1,33.442,1,1,A,2902236,152,1,A
2019-07-24T01:03:33Z,17.066666666666666,83.56666666666666,0.4,29.651,1,33.789,1,1,A,2902236,153,1,A
2019-07-29T01:17:32Z,16.816666666666666,83.6,0.3,28.727,1,33.723,1,1,A,2902236,154,1,A
2019-08-03T01:09:01Z,16.716666666666665,83.8,0.3,28.713,1,33.59,1,1,A,2902236,155,1,A
2019-08-08T01:04:28Z,16.6,84.15,0.4,28.695,1,33.466,1,1,A,2902236,156,1,A
2019-08-13T01:07:34Z,16.316666666666666,84.36666666666666,0.4,29.051,1,33.586,1,1,A,2902236,157,1,A
2019-08-18T01:04:25Z,16.1,84.55,0.4,29.318,1,33.551,1,1,A,2902236,158,1,A
2019-08-23T01:08:25Z,15.966666666666667,84.8,0.3,29.058,1,33.551,1,1,A,2902236,159,1,A
2019-08-28T01:11:56Z,15.883333333333333,85.06666666666666,0.4,28.967,1,33.624,1,1,A,2902236,160,1,A
2019-09-02T01:02:33Z,15.883333333333333,85.3,0.4,28.87,1,33.383,1,1,A,2902236,161,1,A
2019-09-07T01:08:33Z,15.933333333333334,85.48333333333333,0.4,28.332,1,33.923,1,1,A,2902236,162,1,A
2019-09-12T01:10:25Z,16.05,85.66666666666667,0.4,28.733,1,33.807,1,1,A,2902236,163,1,A
2019-09-17T01:04:43Z,16.116666666666667,85.76666666666667,0.3,29.151,1,34.067,1,1,A,2902236,164,1,A
2019-09-22T01:04:03Z,16.216666666666665,85.81666666666666,0.4,29.67,1,33.431,1,1,A,2902236,165,1,A
2019-09-27T01:08:35Z,16.366666666666667,85.75,1.1,29.61,1,30.464,1,1,A,2902236,166,1,A
2019-10-02T01:13:32Z,16.566666666666666,85.66666666666667,8.4,29.773,1,31.044,1,1,A,2902236,167,1,A
2019-10-07T01:05:00Z,16.666666666666668,85.63333333333334,8.4,29.455,1,29.793,1,1,A,2902236,168,1,A
2019-10-12T01:03:03Z,16.716666666666665,85.61666666666666,4.4,30.628,1,31.657,1,1,A,2902236,169,1,A
2019-10-17T01:09:04Z,16.766666666666666,85.6,7.4,29.781,1,32.058,1,1,A,2902236,170,1,A
2019-10-22T01:07:27Z,16.75,85.51666666666667,0.0,29.481,1,30.235,1,1,A,2902236,171,1,A
2019-10-27T01:07:57Z,16.733333333333334,85.35,0.2,29.164,1,31.879,1,1,A,2902236,172,1,A
2019-11-06T01:11:20Z,16.816666666666666,84.88333333333334,1.1,28.673,1,29.98,1,1,A,2902236,174,1,A
2019-11-11T01:09:35Z,16.85,84.58333333333333,0.3,28.63,1,31.122,1,1,A,2902236,175,1,A
2019-11-16T01:16:22Z,16.9,84.31666666666666,0.4,28.317,1,30.746,1,1,A,2902236,176,1,A
2019-11-21T01:07:00Z,17.0,84.16666666666667,0.4,28.415,1,31.655,1,1,A,2902236,177,1,A
2019-11-26T01:02:34Z,17.133333333333333,84.13333333333334,0.3,28.172,1,31.771,1,1,A,2902236,178,1,A
2019-12-01T01:06:33Z,17.35,84.25,0.3,27.908,1,31.634,3,1,A,2902236,179,1,A
2019-12-11T01:05:55Z,17.666666666666668,84.78333333333333,0.2,27.368,1,32.806,3,1,A,2902236,181,1,A
2019-12-16T01:00:55Z,17.766666666666666,85.06666666666666,0.4,27.563,1,33.843,3,1,A,2902236,182,1,A
2019-12-21T01:13:28Z,17.666666666666668,85.3,0.3,27.176,1,33.776,1,1,A,2902236,183,1,A
2019-12-26T01:08:45Z,17.45,85.43333333333334,0.4,27.675,1,33.771,1,1,A,2902236,184,1,A
2019-12-31T01:08:33Z,17.133333333333333,85.46666666666667,0.4,27.27,1,33.597,1,1,A,2902236,185,1,A
2020-01-05T01:06:00Z,16.816666666666666,85.4,0.3,26.744,1,33.502,1,1,A,2902236,186,1,A
2020-01-10T01:14:30Z,16.566666666666666,85.16666666666667,0.4,26.652,1,33.349,1,1,A,2902236,187,1,A
2020-01-15T01:05:49Z,16.433333333333334,84.8,0.2,26.732,1,33.219,1,1,A,2902236,188,1,A
2020-01-20T01:02:43Z,16.45,84.48333333333333,0.3,27.201,1,33.279,1,1,A,2902236,189,1,A
2020-01-25T01:05:44Z,16.5,84.15,0.3,26.587,1,32.623,1,1,A,2902236,190,1,A
2020-01-30T01:04:55Z,16.683333333333334,83.98333333333333,0.4,27.291,1,33.144,1,1,A,2902236,191,1,A
2020-02-04T01:07:02Z,16.95,84.06666666666666,0.4,27.411,1,33.396,1,1,A,2902236,192,1,A
2020-02-09T01:09:33Z,17.1,84.18333333333334,0.3,27.301,1,32.747,1,1,A,2902236,193,1,A
2020-02-14T01:07:48Z,17.283333333333335,84.31666666666666,0.2,27.034,1,32.659,1,1,A,2902236,194,1,A
2020-02-19T01:07:18Z,17.466666666666665,84.53333333333333,0.3,26.922,1,32.23,1,1,A,2902236,195,1,A
2020-02-24T01:02:32Z,17.616666666666667,84.71666666666667,0.4,27.433,1,33.315,1,1,A,2902236,196,1,A
2020-02-29T01:00:57Z,17.716666666666665,85.03333333333333,0.4,27.564,1,33.156,1,1,A,2902236,197,1,A
2020-03-10T01:01:43Z,17.483333333333334,85.43333333333334,0.4,27.501,1,32.829,1,1,A,2902236,199,1,A
2020-03-15T01:06:24Z,17.35,85.53333333333333,0.3,27.868,1,32.938,1,1,A,2902236,200,1,A
2020-03-20T01:03:50Z,17.133333333333333,85.58333333333333,0.4,28.816,1,33.179,1,1,A,2902236,201,1,A
2020-03-25T01:11:25Z,17.0,85.61666666666666,0.3,28.888,1,32.307,1,1,A,2902236,202,1,A
2020-03-30T01:01:32Z,16.916666666666668,85.65,0.3,29.178,1,33.322,1,1,A,2902236,203,1,A
2020-04-04T01:04:48Z,16.85,85.71666666666667,0.4,29.472,1,33.595,1,1,A,2902236,204,1,A
2020-04-09T01:11:25Z,16.766666666666666,85.9,0.3,28.929,1,33.031,1,1,A,2902236,205,1,A
2020-04-14T01:07:55Z,16.75,86.11666666666666,0.3,29.697,1,33.384,1,1,A,2902236,206,1,A
2020-04-19T01:08:09Z,16.783333333333335,86.25,0.3,29.649,1,33.554,1,1,A,2902236,207,1,A
2020-04-24T01:08:02Z,16.916666666666668,86.35,0.3,29.997,1,33.043,1,1,A,2902236,208,1,A
2020-04-29T01:04:01Z,17.066666666666666,86.41666666666667,0.3,30.153,1,32.808,1,1,A,2902236,209,1,A
2020-05-04T01:14:47Z,17.25,86.48333333333333,0.4,30.199,1,33.56,1,1,A,2902236,210,1,A
2020-05-09T01:07:02Z,17.483333333333334,86.5,0.4,30.185,1,33.051,1,1,A,2902236,211,1,A
2020-05-14T01:08:09Z,17.716666666666665,86.48333333333333,0.3,31.012,1,33.706,1,1,A,2902236,212,1,A
2020-05-19T01:07:29Z,17.916666666666668,86.45,0.4,30.803,1,33.286,1,1,A,2902236,213,1,A
2020-05-24T01:13:55Z,18.083333333333332,86.36666666666666,0.4,30.052,1,33.734,1,1,A,2902236,214,1,A
2020-05-29T01:08:25Z,18.166666666666668,86.3,0.4,30.158,1,33.31,1,1,A,2902236,215,1,A
2020-06-03T01:08:32Z,18.216666666666665,86.13333333333334,0.4,30.714,1,33.395,1,1,A,2902236,216,1,A
2020-06-08T01:10:55Z,18.183333333333334,86.08333333333333,0.2,30.487,1,33.323,3,1,R,2902236,217,1,A
2020-06-13T01:06:14Z,18.216666666666665,86.25,0.4,30.32,1,33.437,1,1,R,2902236,218,1,A
2020-06-18T01:05:56Z,18.333333333333332,86.38333333333334,0.3,29.89,1,33.227,1,1,R,2902236,219,1,A
2020-06-23T01:09:20Z,18.383333333333333,86.5,0.4,29.769,1,33.185,1,1,R,2902236,220,1,A
2020-06-28T01:06:24Z,18.233333333333334,86.41666666666667,0.3,30.05,1,33.285,1,1,R,2902236,221,1,A
2020-07-03T01:10:18Z,18.116666666666667,86.4,0.4,30.122,1,33.354,1,1,R,2902236,222,1,A
2020-07-08T01:02:03Z,17.85,86.26666666666667,0.4,29.812,1,33.308,1,1,R,2902236,223,1,A
2020-07-13T01:05:56Z,17.65,86.13333333333334,0.4,29.567,1,33.358,1,1,R,2902236,224,1,A
2020-07-18T01:09:59Z,17.566666666666666,86.11666666666666,0.4,29.062,1,33.454,1,1,R,2902236,225,1,A
2020-07-23T01:11:20Z,17.533333333333335,86.05,0.4,29.489,1,33.534,1,1,R,2902236,226,1,A
2020-07-28T01:08:55Z,17.516666666666666,85.98333333333333,0.3,29.896,1,33.393,1,1,R,2902236,227,1,A
2020-08-02T01:11:04Z,17.45,85.9,0.4,30.248,1,33.364,1,1,R,2902236,228,1,A
2020-08-07T01:13:56Z,17.366666666666667,85.75,0.3,29.52,1,33.336,1,1,R,2902236,229,1,A
2020-08-12T01:02:38Z,17.3,85.65,0.3,29.138,1,33.461,1,1,R,2902236,230,1,A
2020-08-17T01:05:05Z,17.35,85.55,0.3,28.142,1,33.561,1,1,R,2902236,231,1,A
2020-08-22T01:16:30Z,17.366666666666667,85.56666666666666,0.3,28.301,1,33.546,3,1,R,2902236,232,1,A
2020-08-27T01:05:49Z,17.366666666666667,85.53333333333333,0.3,29.09,1,33.259,3,1,R,2902236,233,1,A
2020-09-01T01:07:45Z,17.45,85.51666666666667,0.4,29.614,1,33.291,3,1,R,2902236,234,1,A
2020-09-06T01:05:33Z,17.416666666666668,85.53333333333333,0.3,30.253,1,33.334,3,1,R,2902236,235,1,A
2020-09-11T01:05:56Z,17.316666666666666,85.51666666666667,9.4,30.136,1,30.321,3,1,R,2902236,236,1,A
2020-09-16T01:16:02Z,18.466666666666665,86.63333333333334,0.4,30.53,4,29.689,4,1,R,2902236,237,1,A
2020-09-21T01:11:02Z,18.483333333333334,86.63333333333334,6.4,30.243,1,29.842,1,1,R,2902236,238,1,A
2020-09-26T01:12:31Z,18.483333333333334,86.68333333333334,0.4,29.752,1,30.989,3,1,R,2902236,239,1,A
2020-10-01T01:06:22Z,18.45,86.65,0.2,29.597,1,31.059,3,1,R,2902236,240,1,A
2020-10-06T01:06:13Z,18.483333333333334,86.63333333333334,0.4,29.922,1,31.097,3,1,R,2902236,241,1,A
2020-10-11T01:03:49Z,18.4,86.65,0.4,29.537,1,32.163,3,1,R,2902236,242,1,A
2020-10-16T01:11:25Z,18.4,86.5,0.3,29.469,1,32.386,3,1,R,2902236,243,1,A
2020-10-26T01:24:49Z,18.333333333333332,86.31666666666666,0.4,29.384,1,32.053,3,1,R,2902236,245,1,A
2020-10-31T01:15:50Z,18.316666666666666,86.28333333333333,0.4,29.108,1,33.122,1,1,R,2902236,246,1,A
2020-11-05T01:07:33Z,18.3,86.25,0.4,29.273,1,32.97,1,1,R,2902236,247,1,A
2020-11-10T01:05:31Z,18.3,86.25,0.3,28.902,1,33.105,1,1,R,2902236,248,1,A
2020-11-15T01:08:26Z,18.3,86.25,0.3,29.005,1,32.816,1,1,R,2902236,249,1,A
2020-11-25T01:09:00Z,18.333333333333332,86.33333333333333,0.4,28.446,1,31.501,1,1,R,2902236,251,1,A
2020-11-30T01:11:03Z,18.35,86.41666666666667,0.4,28.118,1,30.598,1,1,R,2902236,252,1,A
2020-12-05T01:13:17Z,18.316666666666666,86.53333333333333,0.3,27.254,1,30.022,3,1,R,2902236,253,1,A
2020-12-10T01:18:55Z,18.35,86.65,0.4,27.375,1,30.904,3,1,R,2902236,254,1,A
2020-12-15T01:13:25Z,18.35,86.83333333333333,0.3,27.486,1,31.464,3,1,R,2902236,255,1,A
2020-12-20T01:04:05Z,18.416666666666668,87.01666666666667,0.4,26.81,1,31.241,3,1,R,2902236,256,1,A
2020-12-25T01:12:34Z,18.516666666666666,87.31666666666666,0.3,26.08,1,29.824,3,1,R,2902236,257,1,A
2020-12-30T01:15:56Z,18.55,87.53333333333333,0.4,27.137,1,32.715,3,1,R,2902236,258,1,A
2021-01-04T01:22:03Z,18.516666666666666,87.66666666666667,0.3,25.563,1,32.08,3,1,R,2902236,259,1,A
2021-01-09T01:14:32Z,18.416666666666668,87.8,0.3,25.08,1,29.071,1,1,R,2902236,260,1,A
2021-01-14T01:01:14Z,18.25,87.83333333333333,7.4,25.461,1,30.013,1,1,R,2902236,261,1,A
2021-01-24T01:02:03Z,18.033333333333335,87.73333333333333,0.4,25.64,1,31.234,1,1,R,2902236,263,1,A
2021-01-29T01:17:57Z,17.916666666666668,87.68333333333334,0.4,25.706,1,30.68,1,1,R,2902236,264,1,A
2021-02-08T01:09:45Z,17.75,87.53333333333333,0.3,26.663,1,32.707,3,1,R,2902236,266,1,A
2021-02-13T01:08:34Z,17.683333333333334,87.53333333333333,0.3,25.504,1,31.662,3,1,R,2902236,267,1,A
2021-02-18T01:13:03Z,17.6,87.58333333333333,0.3,26.959,1,32.945,3,1,R,2902236,268,1,A
2021-02-23T01:09:04Z,17.466666666666665,87.58333333333333,0.3,25.925,1,31.824,3,1,R,2902236,269,1,A
2021-02-28T01:20:14Z,17.35,87.55,0.4,26.171,1,31.207,3,1,R,2902236,270,1,A
2021-03-05T01:05:56Z,17.216666666666665,87.51666666666667,0.3,26.881,1,32.514,3,1,R,2902236,271,1,A
2021-03-15T01:16:30Z,16.983333333333334,87.5,0.2,27.637,1,31.407,3,1,R,2902236,273,1,A
2021-03-20T01:02:32Z,16.966666666666665,87.53333333333333,0.3,28.008,1,31.653,3,1,R,2902236,274,1,A
2021-03-25T01:06:32Z,16.9,87.6,0.3,28.798,1,31.39,3,1,R,2902236,275,1,A
2021-03-30T01:12:20Z,16.8,87.65,0.2,28.695,1,31.446,3,1,R,2902236,276,1,A
2021-04-04T01:13:31Z,16.783333333333335,87.6,0.3,28.796,1,31.83,3,1,R,2902236,277,1,A
2021-04-09T01:13:27Z,16.766666666666666,87.5,0.4,29.23,1,31.955,3,1,R,2902236,278,1,A
2021-04-14T01:14:27Z,16.8,87.43333333333334,0.3,30.08,1,31.838,1,1,R,2902236,279,1,A
2021-04-19T01:06:17Z,16.766666666666666,87.36666666666666,0.3,29.833,1,32.214,1,1,R,2902236,280,1,A
2021-04-24T01:06:03Z,16.733333333333334,87.28333333333333,0.4,30.032,1,32.482,1,1,R,2902236,281,1,A
2021-04-29T01:03:31Z,16.7,87.2,0.4,30.301,1,31.887,1,1,R,2902236,282,1,A
2021-05-04T01:07:13Z,16.683333333333334,87.16666666666667,0.4,30.558,1,31.758,1,1,R,2902236,283,1,A
2021-05-09T01:11:53Z,16.6,87.15,0.3,31.056,1,31.928,3,1,R,2902236,284,1,A
2021-05-14T01:10:26Z,16.516666666666666,87.11666666666666,0.3,31.358,1,32.256,3,1,R,2902236,285,1,A
2021-05-19T01:15:49Z,16.483333333333334,87.05,0.4,31.605,1,32.404,3,1,R,2902236,286,1,A
2021-05-24T01:11:53Z,16.483333333333334,86.96666666666667,0.4,30.983,1,32.121,3,1,R,2902236,287,1,A
2021-05-29T01:10:33Z,16.466666666666665,86.96666666666667,0.3,29.39,1,33.019,3,1,R,2902236,288,1,A
2021-06-03T01:10:06Z,16.4,86.98333333333333,0.4,29.999,1,32.811,3,1,R,2902236,289,1,A
2021-06-08T01:09:27Z,16.316666666666666,87.0,0.3,30.25,1,33.263,3,1,R,2902236,290,1,A
2021-06-13T01:15:56Z,16.25,87.01666666666667,0.4,28.658,1,33.312,3,1,R,2902236,291,1,A
2021-06-18T01:12:19Z,16.283333333333335,87.05,0.4,29.087,1,33.06,3,1,R,2902236,292,1,A
2021-06-23T01:16:51Z,16.25,87.13333333333334,0.3,29.439,1,33.25,3,1,R,2902236,293,1,A
2021-06-28T01:13:01Z,16.25,87.21666666666667,0.4,29.444,1,33.34,3,1,R,2902236,294,1,A
2021-07-03T01:10:19Z,16.316666666666666,87.31666666666666,0.4,29.477,1,33.172,3,1,R,2902236,295,1,A
2021-07-08T01:14:55Z,16.483333333333334,87.41666666666667,0.3,29.749,1,33.311,3,1,R,2902236,296,1,A
2021-07-13T01:11:14Z,16.566666666666666,87.51666666666667,0.4,29.491,1,32.887,3,1,R,2902236,297,1,A
2021-07-18T01:12:46Z,16.6,87.66666666666667,0.3,29.764,1,33.228,3,1,R,2902236,298,1,A
2021-07-23T01:13:57Z,16.666666666666668,87.88333333333334,0.4,29.233,1,33.428,3,1,R,2902236,299,1,A
2021-07-28T01:17:12Z,16.833333333333332,88.06666666666666,0.4,29.089,1,33.082,3,1,R,2902236,300,1,A
2021-08-02T01:11:13Z,16.966666666666665,88.31666666666666,0.3,29.164,1,33.012,3,1,R,2902236,301,1,A
2021-08-07T01:13:32Z,16.983333333333334,88.61666666666666,0.3,29.263,1,32.208,3,1,R,2902236,302,1,A
2021-08-12T01:28:13Z,17.133333333333333,88.76666666666667,0.4,29.85,1,33.077,3,1,R,2902236,303,1,A
2021-08-17T01:27:56Z,17.3,88.8,0.3,29.756,1,32.655,3,1,R,2902236,304,1,A
2019-01-05T17:25:00Z,15.963976666666667,84.47628166666667,5.6,27.208,1,33.169,1,1,D,2902264,56,1,A
2019-01-10T17:30:00Z,15.694308333333334,84.32555333333333,5.5,26.897,1,32.944,1,1,D,2902264,57,1,A
2019-01-15T17:27:00Z,15.284258333333334,84.23812333333333,5.5,27.048,1,33.292,1,1,D,2902264,58,1,A
2019-01-20T17:20:00Z,15.108398333333334,84.09485833333333,5.5,26.884,1,32.814,1,1,D,2902264,59,1,A
2019-01-25T17:26:00Z,14.943723333333333,84.171235,5.5,26.906,1,33.342,1,1,D,2902264,60,1,A
2019-01-30T17:28:00Z,14.77535,84.40669666666666,5.5,26.463,1,32.724,1,1,D,2902264,61,1,A
2019-02-04T17:27:00Z,14.816095,84.71348166666667,5.5,26.24,1,32.409,1,1,D,2902264,62,1,A
2019-02-09T17:31:00Z,14.987308333333333,84.95373333333333,5.6,26.464,1,32.772,1,1,D,2902264,63,1,A
2019-02-14T17:32:00Z,15.2224,85.040975,5.5,26.595,1,33.147,1,1,D,2902264,64,1,A
2019-02-19T17:30:00Z,15.396943333333333,85.14700833333333,5.5,27.249,1,33.106,1,1,D,2902264,65,1,A
2019-02-24T17:27:00Z,15.368458333333333,85.367205,5.6,27.438,1,33.014,1,1,D,2902264,66,1,A
2019-03-01T17:22:00Z,15.34824,85.53313333333334,5.6,27.493,1,33.007,1,1,D,2902264,67,1,A
2019-03-06T17:33:00Z,15.390571666666666,85.66053833333334,5.5,27.735,1,33.199,1,1,D,2902264,68,1,A
2019-03-11T17:38:00Z,15.309208333333334,85.69236833333333,5.5,28.316,1,32.088,1,1,D,2902264,69,1,A
2019-03-16T17:23:00Z,15.128225,85.65564,5.5,28.953,1,33.679,1,1,D,2902264,70,1,A
2019-03-21T17:25:00Z,14.780213333333334,85.63460833333333,5.6,29.374,1,33.806,1,1,D,2902264,71,1,A
2019-03-26T17:27:00Z,14.36944,85.67879166666667,5.5,29.317,1,32.47,1,1,D,2902264,72,1,A
2019-03-31T17:30:00Z,13.997018333333333,85.75374166666667,5.4,29.277,1,33.118,1,1,D,2902264,73,1,A
2019-04-05T17:24:00Z,13.70664,85.87241666666667,5.5,29.654,1,33.07,1,1,D,2902264,74,1,A
2019-04-10T17:28:00Z,13.64008,85.99921333333333,5.5,29.895,1,32.975,1,1,D,2902264,75,1,A
2019-04-15T17:24:00Z,13.700698333333333,86.12633333333333,5.5,29.827,1,32.182,1,1,D,2902264,76,1,A
2019-04-20T17:30:00Z,13.726661666666667,86.273535,5.4,30.66,1,32.865,1,1,D,2902264,77,1,A
2019-04-25T17:26:00Z,13.720433333333334,86.41790666666667,5.6,30.748,1,32.601,1,1,D,2902264,78,1,A
2019-04-30T17:30:00Z,13.762146666666666,86.53694833333333,5.5,28.948,1,32.946,1,1,D,2902264,79,1,A
2019-05-05T17:30:00Z,13.886941666666667,86.58671333333334,5.5,29.17,1,32.75,1,1,D,2902264,80,1,A
2019-05-10T17:34:00Z,13.8876,86.61783666666666,5.5,29.846,1,32.831,1,1,D,2902264,81,1,A
2019-05-15T17:31:00Z,13.890376666666667,86.67240666666666,5.5,30.209,1,33.116,1,1,D,2902264,82,1,A
2019-05-20T17:28:00Z,13.923373333333334,86.71600166666667,5.4,30.261,1,33.47,1,1,D,2902264,83,1,A
2019-05-25T17:32:00Z,13.938278333333333,86.69831833333333,5.5,30.542,1,33.716,1,1,D,2902264,84,1,A
2019-05-30T17:30:00Z,13.879078333333334,86.64182333333333,5.5,30.951,1,33.662,1,1,D,2902264,85,1,A
2019-06-04T17:21:00Z,13.87556,86.52991333333334,5.5,30.787,1,33.32,1,1,D,2902264,86,1,A
2019-06-09T17:29:00Z,13.947061666666666,86.43171833333334,5.4,30.582,1,33.47,1,1,D,2902264,87,1,A
2019-06-14T17:30:00Z,14.065986666666667,86.34750833333334,5.5,29.955,1,33.661,1,1,D,2902264,88,1,A
2019-06-19T17:26:00Z,14.201383333333334,86.290405,5.6,29.738,1,33.346,1,1,D,2902264,89,1,A
2019-06-24T17:26:00Z,14.26751,86.24513333333333,5.6,29.922,1,33.12,1,1,D,2902264,90,1,A
2019-06-29T17:33:00Z,14.278598333333333,86.246365,5.5,29.693,1,33.262,1,1,D,2902264,91,1,A
2019-07-04T17:35:00Z,14.279706666666666,86.27723,5.6,29.452,1,33.569,1,1,D,2902264,92,1,A
2019-07-09T17:30:00Z,14.345143333333333,86.25906833333333,5.5,29.591,1,33.581,1,1,D,2902264,93,1,A
2019-07-14T17:23:00Z,14.44265,86.23028166666667,5.5,29.505,1,33.557,1,1,D,2902264,94,1,A
2019-07-19T17:28:00Z,14.402235,86.22196,5.5,29.574,1,33.505,1,1,D,2902264,95,1,A
2019-07-24T17:30:00Z,14.238466666666667,86.20249166666666,5.5,29.546,1,33.439,1,1,D,2902264,96,1,A
2019-07-29T17:30:00Z,13.997961666666667,86.12696166666667,5.5,29.332,1,33.532,1,1,D,2902264,97,1,A
2019-08-03T17:30:00Z,13.69847,86.05634666666667,5.5,29.041,1,33.525,1,1,D,2902264,98,1,A
2019-08-08T17:28:00Z,13.486253333333334,86.01566666666666,5.5,28.572,1,33.591,1,1,D,2902264,99,1,A
2019-08-13T17:32:00Z,13.373478333333333,85.98993666666667,5.4,28.701,1,33.524,1,1,D,2902264,100,1,A
2019-08-18T17:34:00Z,13.331456666666666,85.94260833333334,5.5,28.821,1,33.215,1,1,D,2902264,101,1,A
2019-08-23T17:28:00Z,13.322658333333333,85.91208,5.5,28.594,1,33.583,1,1,D,2902264,102,1,A
2019-08-28T17:23:00Z,13.334306666666667,85.95364333333333,5.4,28.696,1,33.521,1,1,D,2902264,103,1,A
2019-09-02T17:34:00Z,13.4319,86.05964666666667,5.5,28.817,1,33.66,1,1,D,2902264,104,1,A
2019-09-07T17:27:00Z,13.527381666666667,86.16906666666667,5.5,28.576,1,33.705,1,1,D,2902264,105,1,A
2019-09-12T17:30:00Z,13.539571666666667,86.27901166666666,5.6,28.657,1,33.387,1,1,D,2902264,106,1,A
2019-09-17T17:29:00Z,13.44592,86.43319,5.5,28.856,1,33.438,1,1,D,2902264,107,1,A
2019-09-22T17:24:00Z,13.353123333333333,86.62376666666667,5.5,29.114,1,33.451,1,1,D,2902264,108,1,A
2019-09-27T17:27:00Z,13.396825,86.778405,5.5,29.303,1,33.52,1,1,D,2902264,109,1,A
2019-10-02T17:27:00Z,13.539573333333333,86.853305,5.5,29.765,1,33.449,1,1,D,2902264,110,1,A
2019-10-07T17:24:00Z,13.631111666666667,86.93889333333334,5.6,30.092,1,29.065,1,1,D,2902264,111,1,A
2019-10-12T17:28:00Z,13.66109,87.09972833333333,5.6,30.576,1,30.661,1,1,D,2902264,112,1,A
2019-10-17T17:28:00Z,13.753853333333334,87.25754333333333,5.5,30.476,1,29.781,1,1,D,2902264,113,1,A
2019-10-22T17:28:00Z,13.884195,87.43619333333334,5.5,29.823,1,30.492,1,1,D,2902264,114,1,A
2019-10-27T17:24:00Z,13.943005,87.57029,5.5,30.009,1,31.216,1,1,D,2902264,115,1,A
2019-11-01T17:28:00Z,13.870915,87.62609666666667,5.6,29.914,1,33.472,1,1,D,2902264,116,1,A
2019-11-06T17:32:00Z,13.592671666666666,87.62382833333334,5.4,29.446,1,33.337,1,1,D,2902264,117,1,A
2019-11-11T17:31:00Z,13.203355,87.62474166666667,5.5,29.229,1,33.297,1,1,D,2902264,118,1,A
2019-11-16T17:38:00Z,12.811328333333334,87.55009333333334,5.6,29.248,1,33.119,1,1,D,2902264,119,1,A
2019-11-21T17:30:00Z,12.456631666666667,87.53549666666666,5.5,29.36,1,33.222,1,1,D,2902264,120,1,A
2019-11-26T17:26:00Z,12.144833333333333,87.54831333333334,5.5,28.925,1,33.451,1,1,D,2902264,121,1,A
2019-12-01T17:29:00Z,11.892351666666666,87.55399833333334,5.6,29.12,1,33.448,1,1,D,2902264,122,1,A
2019-12-06T17:25:00Z,11.83832,87.58296833333333,5.5,28.766,1,33.498,1,1,D,2902264,123,1,A
2019-12-11T17:28:00Z,11.963016666666666,87.66437,5.4,28.452,1,33.542,1,1,D,2902264,124,1,A
2019-12-16T17:28:00Z,12.199021666666667,87.80381,5.5,28.425,1,33.607,1,1,D,2902264,125,1,A
2019-12-21T17:30:00Z,12.494583333333333,88.02554,5.5,28.299,1,33.341,1,1,D,2902264,126,1,A
2019-12-26T17:29:00Z,12.79911,88.28289166666667,5.6,28.13,1,33.317,1,1,D,2902264,127,1,A
2019-12-31T17:32:00Z,13.013323333333334,88.48779666666667,5.5,28.057,1,33.48,1,1,D,2902264,128,1,A
2020-01-05T17:29:00Z,13.119488333333333,88.57512666666666,5.5,28.156,1,32.594,1,1,D,2902264,129,1,A
2020-01-10T17:33:00Z,13.097968333333334,88.63261333333334,5.5,27.638,1,32.159,1,1,D,2902264,130,1,A
2020-01-15T17:36:00Z,13.026943333333334,88.65871,5.5,27.536,1,32.582,1,1,D,2902264,131,1,A
2020-01-20T17:29:00Z,12.909761666666666,88.64418166666667,5.5,27.758,1,33.03,1,1,D,2902264,132,1,A
2020-01-25T17:31:00Z,12.800828333333333,88.62807666666667,5.5,27.523,1,32.718,1,1,D,2902264,133,1,A
2020-01-30T17:30:00Z,12.738838333333334,88.60552166666666,5.5,27.824,1,32.977,1,1,D,2902264,134,1,A
2020-02-04T17:21:00Z,12.688723333333334,88.57205166666667,5.5,27.454,1,33.107,1,1,D,2902264,135,1,A
2020-02-09T17:26:00Z,12.661986666666667,88.59735333333333,5.5,27.712,1,32.478,1,1,D,2902264,136,1,A
2020-02-14T17:27:00Z,12.704278333333333,88.677815,5.5,27.846,1,32.918,1,1,D,2902264,137,1,A
2020-02-19T17:32:00Z,12.784831666666667,88.77813666666667,5.5,27.625,1,32.738,1,1,D,2902264,138,1,A
2020-02-24T17:24:00Z,12.916988333333334,88.88459,5.4,27.413,1,32.791,1,1,D,2902264,139,1,A
2020-02-29T17:24:00Z,13.015188333333333,89.01308833333333,5.6,27.709,1,32.924,1,1,D,2902264,140,1,A
2020-03-05T17:31:00Z,13.141595,89.132355,5.5,28.182,1,32.694,1,1,D,2902264,141,1,A
2020-03-10T17:32:00Z,13.282775,89.22589,5.5,27.279,1,32.192,1,1,D,2902264,142,1,A
2020-03-15T17:30:00Z,13.351745,89.31379166666666,5.5,27.878,1,32.307,1,1,D,2902264,143,1,A
2020-03-20T17:22:00Z,13.399948333333333,89.42267333333334,5.4,28.216,1,32.058,1,1,D,2902264,144,1,A
2020-03-25T17:29:00Z,13.379756666666667,89.53959166666667,5.5,28.36,1,32.142,1,1,D,2902264,145,1,A
2020-03-30T17:28:00Z,13.385076666666667,89.659605,5.5,28.48,1,32.217,1,1,D,2902264,146,1,A
2020-04-04T17:28:00Z,13.359683333333333,89.75423666666667,5.5,29.343,1,32.253,1,1,D,2902264,147,1,A
2020-04-09T17:22:00Z,13.328065,89.83556666666667,5.4,29.922,1,32.654,1,1,D,2902264,148,1,A
2020-04-14T17:30:00Z,13.32767,89.96734166666667,5.5,30.075,1,32.743,1,1,D,2902264,149,1,A
2020-04-19T17:26:00Z,13.318715,90.12434,5.5,30.156,1,32.485,1,1,D,2902264,150,1,A
2020-04-24T17:29:00Z,13.324096666666666,90.29936833333333,5.6,30.609,1,32.678,1,1,D,2902264,151,1,A
2020-04-29T17:34:00Z,13.268646666666667,90.44453833333333,5.6,30.827,1,32.694,1,1,D,2902264,152,1,A
2020-05-04T17:25:00Z,13.157981666666666,90.48856833333333,5.5,31.232,1,32.71,1,1,D,2902264,153,1,A
2020-05-09T17:33:00Z,13.051558333333332,90.47658833333334,5.6,31.479,1,32.673,1,1,D,2902264,154,1,A
2020-05-14T17:26:00Z,12.951946666666666,90.41406166666667,5.5,30.887,1,32.661,1,1,D,2902264,155,1,A
2020-05-19T17:23:00Z,12.880738333333333,90.3019,5.5,29.804,1,32.923,1,1,D,2902264,156,1,A
2020-05-24T17:30:00Z,12.729368333333333,90.16437666666667,5.5,30.237,1,32.944,1,1,D,2902264,157,1,A
2020-05-29T17:28:00Z,12.64686,90.02397833333333,5.5,30.163,1,32.905,1,1,D,2902264,158,1,A
2020-06-03T17:31:00Z,12.585071666666666,89.90225166666667,5.5,30.085,1,32.896,1,1,D,2902264,159,1,A
2020-06-08T17:34:00Z,12.465053333333334,89.75969666666667,5.5,29.658,1,32.788,1,1,D,2902264,160,1,A
2020-06-13T17:30:00Z,12.348311666666667,89.626795,5.5,29.572,1,32.87,1,1,D,2902264,161,1,A
2020-06-18T17:21:00Z,12.248786666666666,89.49252166666666,5.6,29.549,1,32.974,1,1,D,2902264,162,1,A
2020-06-23T17:29:00Z,12.151895,89.44640333333334,5.6,29.776,1,32.885,1,1,D,2902264,163,1,A
2020-06-28T17:31:00Z,12.090556666666666,89.41867166666667,5.5,29.829,1,32.883,1,1,D,2902264,164,1,A
2020-07-03T17:34:00Z,12.024353333333334,89.38116333333333,5.5,29.56,1,32.94,1,1,D,2902264,165,1,A
2020-07-08T17:29:00Z,11.959178333333334,89.36958333333334,5.5,29.177,1,32.805,1,1,D,2902264,166,1,A
2020-07-13T17:29:00Z,11.89264,89.33401,5.5,29.288,1,32.889,1,1,D,2902264,167,1,A
2020-07-23T17:19:00Z,11.635335,89.16484833333334,5.5,29.461,1,32.98,1,1,D,2902264,168,1,A
2020-08-02T17:28:00Z,11.273468333333334,88.77876833333333,5.5,29.354,1,32.965,1,1,D,2902264,169,1,A
2020-08-12T17:23:00Z,10.911265,88.47944,5.6,29.182,1,33.192,1,1,D,2902264,170,1,A
2020-08-22T17:22:00Z,10.801451666666667,88.46837,5.6,29.189,1,33.787,1,1,D,2902264,171,1,A
2020-09-01T17:22:00Z,10.834761666666667,88.55809833333333,5.5,29.89,1,33.3,1,1,D,2902264,172,1,A
2020-09-11T17:30:00Z,11.05779,88.61809166666667,5.5,29.379,1,32.899,1,1,D,2902264,173,1,A
2020-09-21T17:16:00Z,11.336355,88.99742833333333,5.5,29.203,1,33.194,1,1,D,2902264,174,1,A
2020-10-01T17:37:00Z,11.746423333333333,89.59981166666667,5.6,28.756,1,34.747,1,1,D,2902264,175,1,A
2020-10-11T17:23:00Z,11.700195,89.98794,5.4,28.896,1,32.999,1,1,D,2902264,176,1,A
2020-10-21T17:33:00Z,11.296758333333333,90.05720833333334,5.6,28.666,1,32.609,1,1,D,2902264,177,1,A
2020-10-31T17:28:00Z,11.014436666666667,89.888675,5.4,28.954,1,34.963,4,1,D,2902264,178,1,A
2020-11-10T17:31:00Z,10.990016666666667,89.66771666666666,5.5,29.344,1,32.819,1,1,D,2902264,179,1,A
2020-11-20T17:31:00Z,10.993861666666668,89.43826333333334,5.5,29.318,1,33.304,1,1,D,2902264,180,1,A
2020-11-30T17:24:00Z,10.936323333333334,89.06521166666667,5.5,28.737,1,33.377,1,1,D,2902264,181,1,A
2020-12-10T17:23:00Z,10.727418333333333,88.48551666666667,5.5,28.671,1,33.517,1,1,D,2902264,182,1,A
2020-12-20T17:26:00Z,10.416283333333332,87.82514833333333,5.5,28.412,1,34.023,1,1,D,2902264,183,1,A
2020-12-30T17:32:00Z,10.078505,87.15951333333334,5.5,28.298,1,33.799,1,1,D,2902264,184,1,A
2021-01-09T17:25:00Z,9.73217,86.692025,5.6,28.524,1,33.956,1,1,D,2902264,185,1,A
2021-01-19T17:24:00Z,9.497306666666667,86.45582666666667,5.5,28.35,1,33.935,1,1,D,2902264,186,1,A
2021-01-29T17:28:00Z,9.321448333333333,86.428815,5.6,28.326,1,34.133,1,1,D,2902264,187,1,A
2021-02-08T17:30:00Z,9.546513333333333,86.56095666666667,5.5,28.268,1,33.641,1,1,D,2902264,188,1,A
2021-02-18T17:22:00Z,9.910851666666666,86.77243166666666,5.5,28.064,1,33.701,1,1,D,2902264,189,1,A
2021-02-28T17:32:00Z,10.026605,87.00859,5.6,28.348,1,33.735,1,1,D,2902264,190,1,A
2021-03-10T17:28:00Z,10.196656666666666,87.10299166666667,5.5,28.779,1,33.529,1,1,D,2902264,191,1,A
2021-03-20T17:26:00Z,10.250963333333333,87.22506166666666,5.5,29.31,1,33.757,1,1,D,2902264,192,1,A
2021-03-30T17:28:00Z,10.401785,87.27369166666666,5.5,29.613,1,33.145,1,1,D,2902264,193,1,A
2021-04-09T17:31:00Z,10.58569,87.49889166666667,5.5,30.331,1,33.359,1,1,D,2902264,194,1,A
2021-04-19T17:25:00Z,10.842861666666666,87.86151666666666,5.6,30.526,1,33.046,1,1,D,2902264,195,1,A
2021-04-29T17:18:00Z,11.230475,88.21450666666667,5.5,30.698,1,32.906,1,1,D,2902264,196,1,A
2021-05-09T17:30:00Z,11.63975,88.37826166666666,5.5,30.976,1,32.014,1,1,D,2902264,197,1,A
2021-05-19T17:33:00Z,11.727145,88.47611333333333,5.5,31.189,1,31.704,1,1,D,2902264,198,1,A
2021-05-29T17:27:00Z,11.53735,88.47385833333334,5.5,29.948,1,32.754,1,1,D,2902264,199,1,A
2021-06-08T17:38:00Z,11.35319,88.39048666666666,5.5,30.082,1,32.856,1,1,D,2902264,200,1,A
2021-06-18T17:24:00Z,11.137608333333333,88.45038833333334,5.5,29.637,1,33.029,1,1,D,2902264,201,1,A
2021-06-28T17:28:00Z,10.992895,88.58840166666667,5.4,29.608,1,33.032,1,1,D,2902264,202,1,A
2021-07-08T17:35:00Z,10.855558333333333,88.63972,5.4,29.575,1,32.936,1,1,D,2902264,203,1,A
2021-07-18T17:33:00Z,10.838778333333334,88.77458666666666,5.5,29.402,1,33.024,1,1,D,2902264,204,1,A
2021-07-28T17:29:00Z,10.642743333333334,88.97467333333333,5.4,29.208,1,33.154,1,1,D,2902264,205,1,A
2021-08-07T17:29:00Z,10.70628,89.01031166666667,5.5,29.126,1,33.461,1,1,D,2902264,206,1,A
2021-08-17T17:22:00Z,10.702886666666666,88.924575,5.4,28.862,1,33.509,1,1,D,2902264,207,1,A
2021-08-27T17:37:00Z,10.438983333333333,88.73922333333333,5.4,28.834,1,33.659,1,1,D,2902264,208,1,A
2021-09-06T17:24:00Z,10.268845,88.56763333333333,5.5,28.758,1,33.386,1,1,D,2902264,209,1,A
2021-09-16T17:22:00Z,10.418085,88.62731166666667,5.5,28.603,1,33.69,1,1,D,2902264,210,1,A
2021-09-26T17:26:00Z,10.540043333333333,88.860085,5.5,28.877,1,33.461,1,1,D,2902264,211,1,A
2021-10-06T17:24:00Z,10.64254,89.04122166666667,5.5,28.922,1,33.607,1,1,D,2902264,212,1,A
2021-10-16T17:17:00Z,10.571943333333333,89.22100333333333,5.5,28.752,1,33.191,1,1,D,2902264,213,1,A
2021-10-26T17:26:00Z,10.585835,89.198525,5.5,29.282,1,32.919,1,1,D,2902264,214,1,A
2021-11-05T17:27:00Z,10.869188333333334,89.02569833333334,5.5,29.413,1,32.917,1,1,D,2902264,215,1,A
2021-11-15T17:20:00Z,11.21576,88.99291166666667,5.5,29.181,1,32.809,1,1,D,2902264,216,1,A
2021-11-25T17:24:00Z,11.157908333333333,89.30388166666667,5.5,28.939,1,33.584,1,1,D,2902264,217,1,A
2021-12-05T17:35:00Z,10.566706666666667,89.57621333333333,5.5,28.791,1,33.36,1,1,D,2902264,218,1,A
2021-12-15T17:23:00Z,9.941386666666666,89.742695,5.4,28.641,1,33.601,1,1,D,2902264,219,1,A
2021-12-25T17:24:00Z,9.819298333333334,89.928,5.5,28.638,1,33.644,1,1,D,2902264,220,1,A
2022-01-04T17:35:00Z,9.90167,89.97777833333333,5.5,28.566,1,33.83,1,1,D,2902264,221,1,A
2022-01-14T17:25:00Z,9.92484,89.83259166666667,5.5,28.395,1,33.585,1,1,D,2902264,222,1,A
2022-01-24T17:31:00Z,10.071466666666666,89.56689666666666,5.5,28.548,1,33.408,1,1,D,2902264,223,1,A
2022-02-03T17:24:00Z,10.161311666666666,89.35940333333333,5.5,28.229,1,33.778,1,1,D,2902264,224,1,A
2022-02-13T17:35:00Z,10.172896666666666,89.25486166666667,5.5,28.262,1,32.904,1,1,D,2902264,225,1,A
2022-02-23T17:23:00Z,10.371286666666666,89.39523,5.5,28.398,1,32.756,1,1,D,2902264,226,1,A
2022-03-05T17:28:00Z,10.705061666666667,89.66906833333333,5.6,28.56,1,32.806,1,1,D,2902264,227,1,A
2022-03-15T17:28:00Z,10.974193333333334,90.025,5.5,28.071,1,32.342,1,1,D,2902264,228,1,A
2022-03-25T17:21:00Z,11.1088,90.39792666666666,5.6,29.159,1,32.15,1,1,D,2902264,229,1,A
2022-04-04T17:32:00Z,11.255575,90.63723833333333,5.6,29.926,1,32.507,1,1,D,2902264,230,1,A
2022-04-14T17:21:00Z,11.36193,90.65901333333333,5.5,30.564,1,32.367,1,1,D,2902264,231,1,A
2022-04-24T17:33:00Z,11.553123333333334,90.56783833333333,5.6,31.187,1,32.742,1,1,D,2902264,232,1,A
2022-05-04T17:30:00Z,11.7294,90.44985833333334,5.5,31.61,1,32.693,1,1,D,2902264,233,1,A
2022-05-14T17:27:00Z,11.694575,90.35152333333333,5.5,30.049,1,32.972,1,1,D,2902264,234,1,A
2022-05-24T17:27:00Z,11.515176666666667,90.33439333333334,5.4,29.354,1,32.892,1,1,D,2902264,235,1,A
2022-06-03T17:29:00Z,11.16992,90.10696333333334,5.6,29.266,1,32.924,1,1,D,2902264,236,1,A
2022-06-13T17:29:00Z,10.70808,89.79439833333333,5.5,29.461,1,33.245,1,1,D,2902264,237,1,A
2022-06-23T17:28:00Z,10.228293333333333,89.655095,5.5,29.193,1,33.715,1,1,D,2902264,238,1,A
2022-07-03T17:27:00Z,9.956851666666667,89.57755,5.5,29.293,1,33.593,1,1,D,2902264,239,1,A
2022-07-13T17:31:00Z,9.898231666666666,89.62055166666667,5.5,29.114,1,33.096,1,1,D,2902264,240,1,A
2022-07-23T17:35:00Z,9.911323333333334,89.76902166666666,5.5,28.822,1,33.009,1,1,D,2902264,241,1,A
2022-08-02T17:31:00Z,10.06805,89.91214666666667,5.5,29.031,1,33.085,1,1,D,2902264,242,1,A
2022-08-12T17:27:00Z,10.147798333333334,90.06872666666666,5.4,28.733,1,33.208,1,1,D,2902264,243,1,A
2022-08-22T17:25:00Z,10.148311666666666,90.09805666666666,5.5,28.831,1,33.236,1,1,D,2902264,244,1,A
2022-09-01T17:25:00Z,10.22174,89.93493666666667,5.6,29.173,1,33.477,1,1,D,2902264,245,1,A
2022-09-11T17:16:00Z,10.421995,89.66788833333334,5.5,28.691,1,33.394,1,1,D,2902264,246,1,A
2022-09-21T17:30:00Z,10.565093333333333,89.52058333333333,5.5,28.845,1,33.426,1,1,D,2902264,247,1,A
2022-10-01T17:20:00Z,10.604531666666666,89.39216166666667,5.5,28.869,1,33.491,1,1,D,2902264,248,1,A
2022-10-11T17:34:00Z,10.527393333333332,89.21806,5.5,28.718,1,33.318,1,1,D,2902264,249,1,A
2022-10-21T17:27:00Z,10.450578333333333,88.98163666666667,5.6,28.889,1,32.743,1,1,D,2902264,250,1,A
2022-10-31T17:23:00Z,10.46637,88.71739333333333,5.5,29.092,1,32.788,1,1,D,2902264,251,1,A
2022-11-10T17:35:00Z,10.567841666666666,88.55182166666667,5.6,29.019,1,32.923,1,1,D,2902264,252,1,A
2022-11-20T17:27:00Z,10.693606666666666,88.57745333333334,5.5,28.934,1,33.276,1,1,D,2902264,253,1,A
2022-11-30T17:20:00Z,10.80223,88.69274833333333,5.5,29.24,1,33.018,1,1,D,2902264,254,1,A
2022-12-10T17:44:00Z,10.849815,88.721835,5.5,28.465,1,34.141,1,1,D,2902264,255,1,A
2022-12-20T17:29:00Z,10.838215,88.58638333333333,5.5,28.027,1,33.612,1,1,D,2902264,256,1,A
2022-12-30T17:24:00Z,10.675605,88.34302666666666,5.5,27.97,1,33.478,1,1,D,2902264,257,1,A
2023-01-09T17:26:00Z,10.440458333333334,87.97748666666666,5.5,28.014,1,33.584,1,1,D,2902264,258,1,A
2023-01-19T17:26:00Z,10.183761666666667,87.58418666666667,5.5,27.873,1,33.71,1,1,D,2902264,259,1,A
2023-01-29T17:27:00Z,10.0011,87.18756833333333,5.5,27.625,1,33.772,1,1,D,2902264,260,1,A
2023-02-08T17:32:00Z,9.90383,86.89920666666667,5.5,27.723,1,33.832,1,1,D,2902264,261,1,A
2023-02-18T17:29:00Z,9.893385,86.76967833333333,5.5,27.839,1,33.994,1,1,D,2902264,262,1,A
2023-02-28T17:29:00Z,9.91488,86.72757333333334,5.5,28.48,1,33.803,1,1,D,2902264,263,1,A
2023-03-10T17:32:00Z,10.001126666666666,86.69313166666667,5.4,28.576,1,33.166,1,1,D,2902264,264,1,A
2023-03-20T17:34:00Z,9.969291666666667,86.69173666666667,5.4,28.882,1,33.406,1,1,D,2902264,265,1,A
2023-03-30T17:33:00Z,9.834691666666666,86.77808333333333,5.5,29.796,1,33.317,1,1,D,2902264,266,1,A
2023-04-09T17:44:00Z,9.473201666666666,86.90103833333333,5.4,30.214,1,33.044,1,1,D,2902264,267,1,A
2023-04-19T17:45:00Z,9.329341666666666,87.05589333333333,5.5,30.927,1,33.41,1,1,D,2902264,268,1,A
2019-05-25T14:03:00Z,18.025,89.763,1.0,30.052,4,33.365,4,4,D,2902278,0,1,A
2019-05-30T14:04:36Z,18.278,89.924,1.0,30.786,4,33.46,4,4,D,2902278,1,1,A
2019-06-09T14:07:00Z,18.741,90.218,1.0,30.804,4,33.456,4,4,D,2902278,2,1,A
2019-06-14T14:07:00Z,19.021,90.305,1.0,30.342,4,33.224,4,4,D,2902278,4,1,A
2019-06-19T14:13:00Z,19.166,90.434,1.0,29.722,4,32.414,4,4,D,2902278,5,1,A
2019-06-24T14:12:00Z,19.278,90.573,1.0,30.596,4,32.775,4,4,D,2902278,6,1,A
2019-06-29T14:05:00Z,19.33,90.8,1.0,30.484,4,32.839,4,4,D,2902278,7,1,A
2019-07-04T14:11:00Z,19.278,90.891,1.0,29.17,4,32.503,4,4,D,2902278,8,1,A
2019-07-09T14:07:00Z,19.182,90.976,1.0,28.585,4,32.804,4,4,D,2902278,9,1,A
2019-07-14T14:10:00Z,19.028,91.025,1.0,29.093,4,32.423,4,4,D,2902278,10,1,A
2019-07-19T14:15:00Z,18.951,90.949,1.0,29.515,4,32.541,4,4,D,2902278,11,1,A
2019-07-24T14:04:00Z,18.88,90.875,1.0,29.361,4,32.399,4,4,D,2902278,12,1,A
2019-07-29T14:17:00Z,18.884,90.86,1.0,28.811,4,32.507,4,4,D,2902278,13,1,A
2019-08-03T14:11:00Z,18.944,90.872,1.0,28.617,4,32.49,4,4,D,2902278,14,1,A
2019-08-08T14:55:56Z,18.926,90.97,1.0,28.414,4,32.664,4,4,D,2902278,15,1,A
2019-08-13T14:51:52Z,18.913,90.979,1.0,28.468,4,32.358,4,4,D,2902278,16,1,A
2019-08-18T14:07:00Z,18.908,91.064,1.0,29.209,4,32.435,4,4,D,2902278,17,1,A
2019-08-23T14:45:23Z,18.818,91.14,1.0,29.275,4,32.207,4,4,D,2902278,18,1,A
2019-08-28T14:12:00Z,18.795,91.095,1.0,28.964,4,31.895,4,4,D,2902278,19,1,A
2019-09-02T14:28:16Z,18.747,91.09,10.0,29.223,1,31.072,1,1,D,2902278,20,1,A
2019-09-07T14:10:00Z,18.726,91.18,1.0,28.731,4,31.35,4,4,D,2902278,21,1,A
2019-09-12T14:31:34Z,18.679,91.271,1.0,28.521,4,31.992,4,4,D,2902278,22,1,A
2019-09-17T13:53:00Z,18.671,91.348,1.0,29.241,4,31.933,4,4,D,2902278,23,1,A
2019-09-22T14:14:33Z,18.766,91.459,1.0,29.291,4,31.814,4,4,D,2902278,24,1,A
2019-09-27T14:21:01Z,18.847,91.508,1.0,29.201,4,31.493,4,4,D,2902278,25,1,A
2019-10-02T14:16:54Z,18.853,91.603,1.0,29.201,4,31.493,4,4,D,2902278,26,1,A
2019-10-07T14:34:07Z,18.754,91.79,1.0,29.716,4,31.546,4,4,D,2902278,27,1,A
2019-10-12T13:55:00Z,18.665,91.93,1.0,29.891,4,31.102,4,4,D,2902278,28,1,A
2019-10-17T14:02:00Z,18.484,91.97,1.0,29.962,4,31.451,4,4,D,2902278,29,1,A
2019-10-22T14:14:48Z,18.361,91.963,0.0,30.565,4,31.783,4,4,D,2902278,30,1,A
2019-10-27T14:02:00Z,18.244,92.062,3.0,30.507,4,30.491,4,4,D,2902278,31,1,A
2019-11-01T14:19:25Z,18.112,91.92,7.0,30.226,1,27.156,1,1,D,2902278,32,1,A
2019-11-06T14:25:32Z,17.509,91.579,6.0,29.672,4,27.675,4,4,D,2902278,33,1,A
2019-11-11T14:56:50Z,17.785,91.448,1.0,29.793,4,31.69,4,4,D,2902278,34,1,A
2019-11-16T14:24:50Z,17.751,91.404,1.0,29.297,4,31.197,4,4,D,2902278,35,1,A
2019-11-21T14:50:04Z,17.69,91.403,1.0,29.048,4,31.161,4,4,D,2902278,36,1,A
2019-11-26T14:03:00Z,17.671,91.37,0.0,28.468,4,30.898,4,4,D,2902278,37,1,A
2019-12-01T14:01:00Z,17.693,91.295,1.0,28.319,4,29.977,4,4,D,2902278,38,1,A
2019-12-06T14:39:02Z,17.65,91.194,0.0,28.139,4,32.187,4,4,D,2902278,39,1,A
2019-12-11T13:59:00Z,17.735,91.187,6.0,27.374,1,30.356,1,1,D,2902278,40,1,A
2019-12-16T14:18:17Z,17.664,91.164,1.0,27.198,4,29.51,4,4,D,2902278,41,1,A
2019-12-21T14:13:54Z,17.581,91.247,1.0,26.429,4,30.341,4,4,D,2902278,42,1,A
2019-12-26T14:03:00Z,17.577,91.393,1.0,26.911,4,29.809,4,4,D,2902278,43,1,A
2019-12-31T14:09:00Z,17.5,91.486,10.0,24.968,1,30.262,1,1,D,2902278,44,1,A
2020-01-05T14:34:26Z,17.441,91.609,1.0,25.299,4,29.818,4,4,D,2902278,45,1,A
2020-01-10T14:49:38Z,17.266,91.711,1.0,25.445,4,31.096,4,4,D,2902278,46,1,A
2020-01-15T14:22:40Z,17.153,91.818,1.0,24.473,4,30.791,4,4,D,2902278,47,1,A
2020-01-20T13:53:00Z,17.063,91.956,1.0,24.76,4,30.861,4,4,D,2902278,48,1,A
2020-01-25T14:39:02Z,17.016,92.003,1.0,25.11,4,31.524,4,4,D,2902278,49,1,A
2020-01-30T14:35:48Z,16.994,91.999,1.0,25.133,4,31.61,4,4,D,2902278,50,1,A
2020-02-04T14:05:00Z,16.805,91.938,1.0,25.536,4,32.337,4,4,D,2902278,51,1,A
2020-02-09T14:03:00Z,16.715,91.85,1.0,24.928,4,31.766,4,4,D,2902278,52,1,A
2020-02-14T14:22:37Z,16.519,91.705,1.0,25.407,4,32.501,4,4,D,2902278,53,1,A
2020-02-19T13:49:00Z,16.381,91.665,1.0,25.83,4,32.31,4,4,D,2902278,54,1,A
2020-02-24T13:56:00Z,16.344,91.631,1.0,25.963,4,32.222,4,4,D,2902278,55,1,A
2020-02-29T13:50:00Z,16.33,91.651,1.0,26.135,4,32.375,4,4,D,2902278,56,1,A
2020-03-05T13:56:00Z,16.343,91.698,0.0,26.49,4,31.855,4,4,D,2902278,57,1,A
2020-03-10T15:00:52Z,16.335,91.821,1.0,26.555,4,32.617,4,4,D,2902278,58,1,A
2020-03-15T14:04:00Z,16.342,91.873,1.0,27.846,4,32.085,4,4,D,2902278,59,1,A
2020-03-20T14:07:00Z,16.401,91.861,1.0,27.363,4,32.148,4,4,D,2902278,60,1,A
2020-03-25T14:18:58Z,16.507,91.786,1.0,27.723,4,32.378,4,4,D,2902278,61,1,A
2020-03-30T13:58:00Z,16.548,91.697,1.0,28.205,4,32.414,4,4,D,2902278,62,1,A
2020-04-04T13:00:00Z,16.652,91.609,1.0,28.645,4,32.438,4,4,D,2902278,63,1,A
2020-04-09T14:01:00Z,16.73,91.495,1.0,29.183,4,32.387,4,4,D,2902278,64,1,A
2020-04-14T14:37:04Z,16.838,91.399,1.0,29.768,4,32.144,4,4,D,2902278,65,1,A
2020-04-19T15:39:36Z,17.005,91.273,1.0,30.051,4,32.393,4,4,D,2902278,66,1,A
2020-04-24T14:27:06Z,17.116,91.202,1.0,30.671,4,32.978,4,4,D,2902278,67,1,A
2020-04-29T14:23:48Z,17.208,91.199,0.0,30.707,4,32.954,4,4,D,2902278,68,1,A
2020-05-04T13:56:00Z,17.3,91.224,2.0,31.086,4,32.474,4,4,D,2902278,69,1,A
2020-05-09T14:02:00Z,17.322,91.236,1.0,31.092,4,32.693,4,4,D,2902278,70,1,A
2020-05-14T14:01:00Z,17.305,91.22,3.0,-1.501,4,32.925,4,4,D,2902278,71,1,A
2020-05-19T14:24:39Z,17.313,91.301,35.0,30.153,1,33.021,1,1,D,2902278,72,1,A
2020-05-24T14:56:30Z,17.408,91.545,2.0,30.428,4,32.633,4,4,D,2902278,73,1,A
2020-05-29T14:36:18Z,17.427,91.649,1.0,30.653,4,32.642,4,4,D,2902278,74,1,A
2020-06-03T14:02:00Z,17.406,91.649,2.0,31.362,4,32.713,4,4,D,2902278,75,1,A
2020-06-08T14:23:57Z,17.306,91.67,1.0,30.859,4,32.677,4,4,D,2902278,76,1,A
2020-06-13T14:10:00Z,17.123,91.741,1.0,29.709,4,32.98,4,4,D,2902278,77,1,A
2020-06-18T14:39:54Z,16.924,91.897,1.0,29.782,4,33.196,4,4,D,2902278,78,1,A
2020-06-23T14:25:59Z,16.764,92.054,1.0,29.991,4,32.853,4,4,D,2902278,79,1,A
2020-06-28T14:18:47Z,16.533,92.225,1.0,29.877,4,32.792,4,4,D,2902278,80,1,A
2020-07-03T14:47:20Z,16.279,92.378,1.0,29.861,4,32.668,4,4,D,2902278,81,1,A
2020-07-08T13:59:00Z,16.186,92.408,1.0,29.676,4,32.411,4,4,D,2902278,82,1,A
2020-07-13T14:36:31Z,16.053,92.36,1.0,29.721,4,32.311,4,4,D,2902278,83,1,A
2020-07-18T14:38:01Z,15.952,92.307,0.0,29.398,4,32.494,4,4,D,2902278,84,1,A
2020-07-23T14:34:08Z,15.867,92.236,1.0,29.393,4,32.516,4,4,D,2902278,85,1,A
2020-07-28T14:30:15Z,15.753,92.137,1.0,29.848,4,32.421,4,4,D,2902278,86,1,A
2020-08-02T14:27:46Z,15.869,92.184,1.0,29.731,4,32.318,4,4,D,2902278,87,1,A
2020-08-07T14:44:15Z,15.992,92.311,1.0,29.357,4,32.893,4,4,D,2902278,88,1,A
2020-08-12T13:54:00Z,16.195,92.382,1.0,29.497,4,32.946,4,4,D,2902278,89,1,A
2020-08-17T14:50:05Z,16.458,92.358,1.0,29.301,4,32.878,4,4,D,2902278,90,1,A
2020-08-22T14:00:00Z,16.624,92.343,1.0,29.145,4,32.912,4,4,D,2902278,91,1,A
2020-08-27T14:43:22Z,16.717,92.378,1.0,28.894,4,32.627,4,4,D,2902278,92,1,A
2020-09-01T14:40:11Z,16.778,92.446,1.0,29.691,4,32.575,4,4,D,2902278,93,1,A
2020-09-06T14:02:00Z,16.834,92.519,1.0,30.895,4,32.85,4,4,D,2902278,94,1,A
2020-09-11T13:57:00Z,16.879,92.594,1.0,30.022,4,31.276,4,4,D,2902278,95,1,A
2020-09-16T14:49:49Z,16.917,92.498,1.0,30.021,4,32.255,4,4,D,2902278,96,1,A
2020-09-21T15:12:43Z,16.855,92.625,1.0,29.725,4,32.534,4,4,D,2902278,97,1,A
2020-09-26T15:09:13Z,16.871,92.773,1.0,29.401,4,31.392,4,4,D,2902278,98,1,A
2020-10-01T15:06:11Z,16.949,92.9,1.0,29.573,4,31.544,4,4,D,2902278,99,1,A
2020-10-06T14:04:00Z,17.081,92.97,5.0,29.422,1,29.483,1,1,D,2902278,100,1,A
2020-10-11T14:03:00Z,17.245,92.998,1.0,29.524,4,30.24,4,4,D,2902278,101,1,A
2020-10-16T14:08:00Z,17.337,92.838,0.0,29.64,4,29.891,4,4,D,2902278,102,1,A
2020-10-21T14:42:26Z,17.428,92.756,1.0,28.812,4,28.261,4,4,D,2902278,103,1,A
2020-10-26T13:58:00Z,17.494,92.8,1.0,29.051,4,30.163,4,4,D,2902278,104,1,A
2020-10-31T14:02:00Z,17.583,92.783,9.0,29.374,1,28.886,1,1,D,2902278,105,1,A
2020-11-05T14:02:00Z,17.81,92.709,4.0,29.839,1,30.054,1,1,D,2902278,106,1,A
2020-11-10T14:04:00Z,17.95,92.605,3.0,30.183,4,29.533,4,4,D,2902278,107,1,A
2020-11-15T14:04:00Z,18.085,92.5,5.0,29.351,1,29.141,1,1,D,2902278,108,1,A
2020-11-20T14:09:00Z,18.141,92.444,7.0,29.719,1,29.218,1,1,D,2902278,109,1,A
2020-11-25T07:36:00Z,18.064,92.439,7.0,28.856,1,28.631,1,1,D,2902278,110,1,A
2020-11-30T14:04:00Z,18.217,92.378,8.0,28.875,1,28.385,1,1,D,2902278,111,1,A
2020-12-05T15:09:45Z,18.314,92.274,8.0,27.903,1,28.203,1,1,D,2902278,112,1,A
2020-12-10T14:07:00Z,18.356,92.129,1.0,27.255,4,28.266,4,4,D,2902278,113,1,A
2020-12-15T13:59:00Z,18.389,92.079,6.0,27.301,1,27.084,1,1,D,2902278,114,1,A
2020-12-20T14:08:00Z,18.279,91.981,1.0,27.139,4,28.598,4,4,D,2902278,115,1,A
2020-12-25T15:01:31Z,18.317,91.992,5.0,26.141,1,27.806,1,1,D,2902278,116,1,A
2020-12-30T14:52:34Z,18.397,92.006,9.0,26.444,1,27.576,1,1,D,2902278,117,1,A
2021-01-04T13:56:00Z,18.501,91.939,1.0,27.19,4,28.527,4,4,D,2902278,118,1,A
2021-01-09T14:04:00Z,18.667,91.893,1.0,27.254,4,28.992,4,4,D,2902278,119,1,A
2021-01-14T14:10:00Z,18.849,91.818,1.0,27.009,4,29.387,4,4,D,2902278,120,1,A
2021-01-19T14:44:51Z,18.994,91.825,1.0,26.923,4,29.62,4,4,D,2902278,121,1,A
2021-01-24T15:21:29Z,19.107,91.852,1.0,25.684,4,29.866,4,4,D,2902278,122,1,A
2021-01-29T14:20:00Z,19.155,91.872,1.0,26.511,4,30.925,4,4,D,2902278,123,1,A
2021-02-03T14:12:00Z,19.194,91.837,1.0,26.137,4,31.056,4,4,D,2902278,124,1,A
2021-02-08T14:11:00Z,19.302,91.758,1.0,25.513,4,30.922,4,4,D,2902278,125,1,A
2021-02-13T15:19:21Z,19.335,91.796,1.0,25.21,4,30.822,4,4,D,2902278,126,1,A
2021-02-18T14:09:00Z,19.294,91.904,1.0,25.618,4,31.104,4,4,D,2902278,127,1,A
2021-02-23T14:06:00Z,19.233,92.063,1.0,25.408,4,31.433,4,4,D,2902278,128,1,A
2021-02-28T14:08:00Z,19.263,92.051,0.0,26.033,4,31.66,4,4,D,2902278,129,1,A
2021-03-05T14:16:00Z,19.307,91.976,1.0,26.859,4,30.253,4,4,D,2902278,130,1,A
2021-03-10T14:16:00Z,19.358,91.763,2.0,27.13,4,31.374,4,4,D,2902278,131,1,A
2021-03-15T15:11:22Z,19.408,91.671,1.0,27.189,4,31.897,4,4,D,2902278,132,1,A
2021-03-20T14:17:00Z,19.566,91.484,0.0,27.337,4,31.349,4,4,D,2902278,133,1,A
2021-03-25T15:04:51Z,19.601,91.222,1.0,28.404,4,31.078,4,4,D,2902278,134,1,A
2021-03-30T14:50:00Z,19.643,91.118,1.0,28.635,4,31.399,4,4,D,2902278,135,1,A
2021-04-04T14:18:00Z,19.647,90.908,1.0,29.174,4,32.048,4,4,D,2902278,136,1,A
2021-04-09T14:18:00Z,19.689,90.631,1.0,29.052,4,31.339,4,4,D,2902278,137,1,A
2021-04-14T15:14:00Z,19.764,90.357,1.0,29.658,4,32.159,4,4,D,2902278,138,1,A
2021-04-19T15:54:35Z,19.801,90.143,1.0,29.536,4,32.305,4,4,D,2902278,139,1,A
2021-04-24T14:14:00Z,19.81,89.981,1.0,29.868,4,31.882,4,4,D,2902278,140,1,A
2021-04-29T13:09:00Z,19.784,89.802,1.0,29.912,4,32.103,4,4,D,2902278,141,1,A
2021-05-04T15:11:36Z,19.827,89.728,1.0,30.105,4,32.145,4,4,D,2902278,142,1,A
2021-05-09T14:12:00Z,19.903,89.735,2.0,30.615,4,32.358,4,4,D,2902278,143,1,A
2021-05-14T14:53:37Z,19.889,89.84,1.0,30.231,4,32.625,4,4,D,2902278,144,1,A
2021-05-19T14:15:00Z,19.909,89.972,3.0,30.948,4,32.595,4,4,D,2902278,145,1,A
2021-05-24T13:09:00Z,19.792,90.283,1.0,30.57,4,32.794,4,4,D,2902278,146,1,A
2021-05-29T14:29:00Z,19.835,90.393,1.0,29.981,4,32.955,4,4,D,2902278,147,1,A
2021-06-03T15:20:07Z,19.91,90.431,0.0,30.082,4,33.239,4,4,D,2902278,148,1,A
2021-06-08T15:26:19Z,19.801,90.665,1.0,30.15,4,32.866,4,4,D,2902278,149,1,A
2021-06-13T13:29:00Z,19.862,90.779,1.0,29.754,4,32.799,4,4,D,2902278,150,1,A
2021-06-18T15:28:02Z,19.928,90.8,1.0,29.311,4,32.269,4,4,D,2902278,151,1,A
2021-06-23T14:22:00Z,19.985,90.826,1.0,29.057,4,31.481,4,4,D,2902278,152,1,A
2021-07-13T14:59:26Z,19.962,90.677,1.0,29.701,4,32.249,4,4,D,2902278,156,1,A
2021-07-18T14:56:52Z,19.978,90.523,1.0,30.328,4,32.473,4,4,D,2902278,157,1,A
2021-07-23T14:17:00Z,19.999,90.645,1.0,29.891,4,32.307,4,4,D,2902278,158,1,A
2021-08-02T14:34:00Z,19.985,90.971,9.0,28.656,1,27.615,1,1,D,2902278,160,1,A
2021-08-07T15:12:20Z,19.94,91.275,7.0,29.192,1,27.431,1,1,D,2902278,161,1,A
2021-08-12T14:15:00Z,19.651,91.911,9.0,29.351,1,29.343,1,1,D,2902278,162,1,A
2021-08-17T14:39:00Z,19.807,91.858,6.0,29.897,1,26.239,1,1,D,2902278,163,1,A
2021-08-22T15:35:06Z,19.726,91.779,10.0,29.786,1,29.357,1,1,D,2902278,164,1,A
2021-08-28T14:22:00Z,19.724,91.843,4.0,29.772,4,26.635,4,4,D,2902278,256,1,A
2019-05-25T14:27:07Z,17.316,89.212,1.0,30.389,4,33.02,4,4,D,2902279,0,1,A
2019-05-30T13:58:00Z,17.29,89.444,1.0,30.859,4,33.162,4,4,D,2902279,1,1,A
2019-06-04T13:58:00Z,17.278,89.577,1.0,30.782,4,33.009,4,4,D,2902279,2,1,A
2019-06-09T14:04:00Z,17.202,89.69,1.0,30.259,4,33.22,4,4,D,2902279,3,1,A
2019-06-14T14:13:45Z,17.228,89.824,1.0,30.048,4,33.454,4,4,D,2902279,4,1,A
2019-06-19T14:11:45Z,17.14,90.029,1.0,28.948,4,33.362,4,4,D,2902279,5,1,A
2019-06-24T13:58:00Z,17.059,90.133,1.0,30.219,4,33.174,4,4,D,2902279,6,1,A
2019-06-29T14:00:00Z,17.176,90.187,1.0,29.661,4,33.46,4,4,D,2902279,7,1,A
2019-07-04T13:58:00Z,17.235,90.256,1.0,28.745,4,33.417,4,4,D,2902279,8,1,A
2019-07-09T14:11:00Z,17.17,90.412,1.0,28.701,4,33.162,4,4,D,2902279,9,1,A
2019-07-14T14:12:43Z,17.058,90.526,1.0,29.393,4,32.701,4,4,D,2902279,10,1,A
2019-07-19T14:01:00Z,16.939,90.617,1.0,29.275,4,32.556,4,4,D,2902279,11,1,A
2019-07-24T13:54:00Z,16.904,90.635,1.0,29.362,4,32.664,4,4,D,2902279,12,1,A
2019-07-29T14:06:22Z,16.851,90.609,1.0,28.941,4,32.927,4,4,D,2902279,13,1,A
2019-08-03T14:11:28Z,16.843,90.555,1.0,28.587,4,32.706,4,4,D,2902279,14,1,A
2019-08-08T14:12:49Z,16.972,90.661,1.0,28.257,4,32.894,4,4,D,2902279,15,1,A
2019-08-13T14:11:21Z,17.162,90.904,1.0,28.62,4,32.766,4,4,D,2902279,16,1,A
2019-08-18T14:00:00Z,17.355,91.232,1.0,29.04,4,32.793,4,4,D,2902279,17,1,A
2019-08-23T14:03:00Z,17.188,91.533,1.0,28.806,4,32.668,4,4,D,2902279,18,1,A
2019-08-28T14:06:13Z,16.795,91.789,1.0,28.513,4,32.38,4,4,D,2902279,19,1,A
2019-09-02T14:04:00Z,16.417,91.813,1.0,28.589,4,32.819,4,4,D,2902279,20,1,A
2019-09-07T14:31:52Z,16.181,91.827,1.0,28.379,4,32.751,4,4,D,2902279,21,1,A
2019-09-12T14:05:27Z,16.007,91.764,1.0,28.334,4,32.664,4,4,D,2902279,22,1,A
2019-09-17T14:02:00Z,15.94,91.682,1.0,28.915,4,32.232,4,4,D,2902279,23,1,A
2019-09-22T14:23:56Z,16.005,91.644,1.0,29.197,4,32.168,4,4,D,2902279,24,1,A
2019-09-27T14:02:00Z,16.082,91.616,1.0,29.459,4,32.143,4,4,D,2902279,25,1,A
2019-10-02T14:00:00Z,16.077,91.507,1.0,29.596,4,32.432,4,4,D,2902279,26,1,A
2019-10-07T14:13:52Z,16.099,91.538,0.0,29.345,4,31.031,4,4,D,2902279,27,1,A
2019-10-12T14:06:00Z,16.337,91.545,1.0,29.867,4,31.845,4,4,D,2902279,28,1,A
2019-10-17T14:07:00Z,16.492,91.51,1.0,30.076,4,32.098,4,4,D,2902279,29,1,A
2019-10-22T14:02:00Z,16.743,91.445,1.0,30.743,4,31.892,4,4,D,2902279,30,1,A
2019-10-27T14:20:10Z,16.942,91.344,1.0,30.554,4,32.052,4,4,D,2902279,31,1,A
2019-11-01T14:17:08Z,17.167,91.255,1.0,30.229,4,32.081,4,4,D,2902279,32,1,A
2019-11-06T14:02:00Z,17.38,91.132,1.0,29.608,4,30.709,4,4,D,2902279,33,1,A
2019-11-11T14:09:34Z,17.732,90.93,1.0,29.635,4,32.404,4,4,D,2902279,34,1,A
2019-11-16T14:06:28Z,17.961,90.786,1.0,29.595,4,31.391,4,4,D,2902279,35,1,A
2019-11-21T14:04:50Z,18.285,90.522,1.0,28.907,4,32.275,4,4,D,2902279,36,1,A
2019-11-26T14:02:00Z,18.44,90.433,1.0,28.902,4,32.182,4,4,D,2902279,37,1,A
2019-12-01T14:03:00Z,18.547,90.501,1.0,28.559,4,32.451,4,4,D,2902279,38,1,A
2019-12-06T14:39:14Z,18.623,90.571,7.0,27.388,1,29.215,1,1,D,2902279,39,1,A
2019-12-11T14:03:00Z,18.591,90.686,1.0,26.425,4,28.34,4,4,D,2902279,40,1,A
2019-12-16T14:01:00Z,18.491,90.845,6.0,26.261,1,29.892,1,1,D,2902279,41,1,A
2019-12-21T14:11:23Z,18.476,90.869,9.0,26.233,1,28.903,1,1,D,2902279,42,1,A
2019-12-26T14:21:10Z,18.442,90.956,1.0,24.272,4,28.394,4,4,D,2902279,43,1,A
2019-12-31T14:17:00Z,18.325,91.104,0.0,24.1,4,28.963,4,4,D,2902279,44,1,A
2020-01-05T14:12:01Z,18.183,91.177,1.0,24.341,4,28.631,4,4,D,2902279,45,1,A
2020-01-10T14:00:00Z,18.057,91.217,1.0,24.435,4,30.124,4,4,D,2902279,46,1,A
2020-01-15T14:01:51Z,17.926,91.262,1.0,24.375,4,29.807,4,4,D,2902279,47,1,A
2020-01-20T14:03:00Z,17.833,91.304,7.0,24.418,1,30.342,1,1,D,2902279,48,1,A
2020-01-25T13:55:00Z,17.87,91.397,1.0,24.248,4,30.666,4,4,D,2902279,49,1,A
2020-01-30T14:36:07Z,17.851,91.462,1.0,24.479,4,30.551,4,4,D,2902279,50,1,A
2020-02-04T14:32:06Z,17.786,91.536,1.0,24.29,4,31.063,4,4,D,2902279,51,1,A
2020-02-09T14:04:00Z,17.713,91.513,1.0,24.778,4,31.567,4,4,D,2902279,52,1,A
2020-02-14T14:09:27Z,17.693,91.476,1.0,25.22,4,32.607,4,4,D,2902279,53,1,A
2020-02-19T14:07:53Z,17.529,91.544,1.0,25.378,4,32.516,4,4,D,2902279,54,1,A
2020-02-24T14:00:00Z,17.483,91.583,1.0,25.563,4,32.094,4,4,D,2902279,55,1,A
2020-02-29T14:02:00Z,17.367,91.64,1.0,25.552,4,32.295,4,4,D,2902279,56,1,A
2020-03-05T14:06:54Z,17.225,91.677,1.0,26.358,4,32.077,4,4,D,2902279,57,1,A
2020-03-10T14:00:00Z,17.161,91.824,1.0,26.129,4,32.438,4,4,D,2902279,58,1,A
2020-03-15T13:48:00Z,17.206,91.83,1.0,26.955,4,32.287,4,4,D,2902279,59,1,A
2020-03-20T14:06:00Z,17.295,91.806,1.0,27.228,4,32.398,4,4,D,2902279,60,1,A
2020-03-25T13:57:00Z,17.409,91.836,1.0,27.629,4,32.312,4,4,D,2902279,61,1,A
2020-03-30T13:56:00Z,17.477,91.833,1.0,28.174,4,32.262,4,4,D,2902279,62,1,A
2020-04-04T14:10:46Z,17.485,91.888,0.0,28.922,4,32.482,4,4,D,2902279,63,1,A
2020-04-09T14:01:00Z,17.439,91.886,1.0,29.09,4,32.425,4,4,D,2902279,64,1,A
2020-04-14T14:08:04Z,17.414,92.003,1.0,29.725,4,32.162,4,4,D,2902279,65,1,A
2020-04-19T14:03:00Z,17.385,92.133,1.0,29.8,4,32.469,4,4,D,2902279,66,1,A
2020-04-24T14:24:15Z,17.264,92.209,1.0,29.99,4,32.563,4,4,D,2902279,67,1,A
2020-04-29T14:02:00Z,17.139,92.352,1.0,30.569,4,32.591,4,4,D,2902279,68,1,A
2020-05-04T14:12:34Z,17.06,92.496,1.0,31.383,4,32.292,4,4,D,2902279,69,1,A
2020-05-09T14:19:50Z,16.984,92.543,1.0,30.805,4,32.487,4,4,D,2902279,70,1,A
2020-05-14T13:55:00Z,16.912,92.532,2.0,-1.634,4,32.409,4,4,D,2902279,71,1,A
2020-05-19T14:01:00Z,16.86,92.458,1.0,-1.988,4,32.68,4,4,D,2902279,72,1,A
2020-05-24T14:08:14Z,17.095,92.634,1.0,30.83,4,32.536,4,4,D,2902279,73,1,A
2020-05-29T14:01:00Z,17.379,92.733,1.0,30.854,4,32.573,4,4,D,2902279,74,1,A
2020-06-03T14:40:23Z,17.545,92.525,25.0,-2.0,4,32.738,4,1,D,2902279,75,1,A
2020-06-08T14:01:00Z,17.529,92.289,1.0,30.656,4,32.838,4,4,D,2902279,76,1,A
2020-06-13T14:03:00Z,17.427,92.298,1.0,30.444,4,32.709,4,4,D,2902279,77,1,A
2020-06-18T14:02:20Z,17.291,92.435,1.0,30.1,4,32.571,4,4,D,2902279,78,1,A
2020-06-23T13:58:00Z,17.052,92.444,1.0,30.133,4,33.348,4,4,D,2902279,79,1,A
2020-06-28T14:03:00Z,16.784,92.475,1.0,29.752,4,32.468,4,4,D,2902279,80,1,A
2020-07-03T14:21:46Z,16.645,92.382,1.0,30.028,4,32.383,4,4,D,2902279,81,1,A
2020-07-08T14:09:00Z,16.493,92.285,1.0,29.659,4,32.256,4,4,D,2902279,82,1,A
2020-07-13T14:02:00Z,16.287,92.163,1.0,29.788,4,32.452,4,4,D,2902279,83,1,A
2020-07-18T14:04:00Z,16.058,92.087,1.0,29.632,4,32.375,4,4,D,2902279,84,1,A
2020-07-23T14:14:21Z,15.955,92.014,1.0,29.721,4,32.866,4,4,D,2902279,85,1,A
2020-07-28T13:57:00Z,15.809,91.944,1.0,29.893,4,32.531,4,4,D,2902279,86,1,A
2020-08-02T14:06:54Z,15.892,92.096,1.0,29.732,4,32.305,4,4,D,2902279,87,1,A
2020-08-07T14:04:00Z,15.944,92.08,1.0,29.3,4,32.84,4,4,D,2902279,88,1,A
2020-08-12T13:58:00Z,16.105,92.176,1.0,29.347,4,32.863,4,4,D,2902279,89,1,A
2020-08-17T14:50:20Z,16.343,92.216,1.0,29.331,4,32.897,4,4,D,2902279,90,1,A
2020-08-22T11:38:00Z,16.594,92.155,1.0,29.122,4,32.952,4,4,D,2902279,91,1,A
2020-08-27T13:58:00Z,16.736,92.16,1.0,28.972,4,32.666,4,4,D,2902279,92,1,A
2020-09-01T14:07:10Z,16.832,92.195,1.0,29.72,4,32.518,4,4,D,2902279,93,1,A
2020-09-06T14:04:00Z,16.898,92.119,1.0,30.395,4,32.637,4,4,D,2902279,94,1,A
2020-09-11T14:00:00Z,16.977,92.023,0.0,30.564,4,32.489,4,4,D,2902279,95,1,A
2020-09-16T13:53:00Z,17.184,91.805,1.0,30.105,4,32.305,4,4,D,2902279,96,1,A
2020-09-21T14:25:26Z,17.308,91.677,1.0,29.975,4,30.795,4,4,D,2902279,97,1,A
2020-09-26T14:22:38Z,17.334,91.591,9.0,29.437,1,29.003,4,1,D,2902279,98,1,A
2020-10-01T14:09:00Z,17.453,91.657,1.0,29.607,4,29.376,4,4,D,2902279,99,1,A
2020-10-06T14:05:00Z,17.61,91.711,1.0,29.586,4,29.633,4,4,D,2902279,100,1,A
2020-10-11T14:05:00Z,17.688,91.814,1.0,29.649,4,30.225,4,4,D,2902279,101,1,A
2020-10-16T13:58:00Z,17.775,91.93,1.0,29.767,4,30.105,4,4,D,2902279,102,1,A
2020-10-21T14:19:08Z,17.847,92.098,1.0,29.326,4,29.948,4,4,D,2902279,103,1,A
2020-10-26T14:01:00Z,17.915,92.238,1.0,29.28,4,30.445,4,4,D,2902279,104,1,A
2020-10-31T14:17:15Z,17.992,92.24,3.0,5.309,4,10.709,4,4,D,2902279,105,1,A
2020-11-05T14:00:00Z,18.229,92.241,7.0,28.963,1,28.402,4,1,D,2902279,106,1,A
2020-11-10T13:59:00Z,18.393,92.189,9.0,29.239,1,27.898,1,1,D,2902279,107,1,A
2020-11-15T14:35:29Z,18.532,92.052,3.0,29.085,4,27.638,4,4,D,2902279,108,1,A
2020-11-20T14:05:00Z,18.595,92.0,9.0,29.984,1,28.073,4,1,D,2902279,109,1,A
2020-11-25T14:08:00Z,18.563,92.059,1.0,28.689,4,25.006,4,4,D,2902279,110,1,A
2020-11-30T14:18:00Z,17.843,92.025,11.0,29.515,4,28.615,4,4,D,2902279,111,1,A
2020-12-05T14:08:00Z,17.857,92.152,9.0,28.571,4,28.864,4,1,D,2902279,112,1,A
2020-12-10T14:10:40Z,17.858,92.175,8.0,28.458,4,29.079,4,1,D,2902279,113,1,A
2020-12-15T13:59:00Z,17.741,92.149,7.0,27.35,4,27.928,4,1,D,2902279,114,1,A
2020-12-20T14:06:00Z,17.608,92.129,1.0,26.839,4,27.709,4,4,D,2902279,115,1,A
2020-12-25T14:27:09Z,17.52,92.081,1.0,27.415,4,27.991,4,4,D,2902279,116,1,A
2020-12-30T14:02:54Z,17.425,92.004,1.0,26.771,4,28.993,4,4,D,2902279,117,1,A
2021-01-04T14:07:00Z,17.383,91.924,1.0,27.288,4,28.931,4,4,D,2902279,118,1,A
2021-01-09T14:11:00Z,17.396,91.91,1.0,27.419,4,29.05,4,4,D,2902279,119,1,A
2021-01-14T14:13:29Z,17.425,91.917,1.0,27.202,4,28.994,4,4,D,2902279,120,1,A
2021-01-19T14:10:21Z,17.511,91.878,1.0,26.984,4,29.27,4,4,D,2902279,121,1,A
2021-01-24T14:14:24Z,17.635,91.848,0.0,26.298,4,29.63,4,4,D,2902279,122,1,A
2021-01-29T14:15:00Z,17.718,91.755,1.0,26.453,4,30.382,4,4,D,2902279,123,1,A
2021-02-03T14:02:00Z,17.827,91.571,1.0,26.332,4,29.914,4,4,D,2902279,124,1,A
2021-02-08T13:59:08Z,17.882,91.475,1.0,26.49,4,31.022,4,4,D,2902279,125,1,A
2021-02-13T13:55:00Z,17.96,91.461,1.0,26.431,4,30.98,4,4,D,2902279,126,1,A
2021-02-18T14:04:00Z,17.976,91.411,1.0,27.773,4,31.257,4,4,D,2902279,127,1,A
2021-02-23T14:02:00Z,18.001,91.424,1.0,27.287,4,31.8,4,4,D,2902279,128,1,A
2021-02-28T13:54:00Z,18.037,91.492,1.0,27.847,4,31.584,4,4,D,2902279,129,1,A
2021-03-05T14:12:24Z,18.06,91.512,0.0,28.442,4,31.359,4,4,D,2902279,130,1,A
2021-03-10T14:03:00Z,18.073,91.571,1.0,28.054,4,31.623,4,4,D,2902279,131,1,A
2021-03-15T13:58:00Z,18.067,91.595,1.0,27.591,4,31.986,4,4,D,2902279,132,1,A
2021-03-20T14:07:00Z,17.9,91.628,0.0,27.679,4,32.038,4,4,D,2902279,133,1,A
2021-03-25T14:07:04Z,17.763,91.675,5.0,28.327,4,31.788,4,1,D,2902279,134,1,A
2021-03-30T14:02:00Z,17.416,91.761,1.0,28.629,4,31.749,4,4,D,2902279,135,1,A
2021-04-04T14:38:38Z,17.239,91.942,1.0,28.788,4,32.656,4,4,D,2902279,136,1,A
2021-04-09T14:06:00Z,17.149,91.932,0.0,29.815,4,32.696,4,4,D,2902279,137,1,A
2021-04-14T14:06:13Z,17.046,92.068,1.0,30.123,4,32.565,4,4,D,2902279,138,1,A
2021-04-19T14:07:00Z,17.107,92.19,1.0,29.642,4,32.731,4,4,D,2902279,139,1,A
2021-04-24T14:24:06Z,17.283,92.3,1.0,29.562,4,32.406,4,4,D,2902279,140,1,A
2021-04-29T14:00:00Z,17.35,92.348,1.0,30.038,4,32.011,4,4,D,2902279,141,1,A
2021-05-04T14:00:00Z,17.455,92.49,0.0,30.504,4,32.851,4,4,D,2902279,142,1,A
2021-05-09T14:09:08Z,17.654,92.565,2.0,30.838,4,32.475,4,4,D,2902279,143,1,A
2021-05-14T14:01:00Z,17.777,92.585,2.0,-1.797,4,32.404,4,4,D,2902279,144,1,A
2021-05-19T14:07:15Z,17.996,92.504,16.0,-2.0,4,32.435,4,1,D,2902279,145,1,A
2021-05-24T14:04:00Z,18.167,92.504,1.0,30.574,4,32.667,4,4,D,2902279,146,1,A
2021-05-29T14:23:05Z,18.297,92.717,1.0,30.801,4,32.459,4,4,D,2902279,147,1,A
2021-06-03T14:03:00Z,18.235,92.915,1.0,30.529,4,32.75,4,4,D,2902279,148,1,A
2021-06-08T14:02:00Z,18.079,93.019,1.0,30.368,4,32.738,4,4,D,2902279,149,1,A
2021-06-13T14:07:00Z,18.106,93.102,1.0,29.662,4,32.411,4,4,D,2902279,150,1,A
2021-06-18T14:06:00Z,18.118,93.247,1.0,29.173,4,32.112,4,4,D,2902279,151,1,A
2021-06-23T14:01:00Z,18.151,93.074,1.0,29.083,4,32.368,4,4,D,2902279,152,1,A
2021-06-28T14:02:35Z,17.809,93.007,1.0,29.478,4,32.543,4,4,D,2902279,153,1,A
2021-07-03T14:09:00Z,17.526,92.965,0.0,28.999,4,32.121,4,4,D,2902279,154,1,A
2021-07-08T14:11:15Z,17.251,92.878,0.0,29.045,4,31.935,4,4,D,2902279,155,1,A
2021-07-13T14:06:42Z,17.17,92.687,1.0,29.361,4,32.338,4,4,D,2902279,156,1,A
2021-07-18T14:11:52Z,17.129,92.465,1.0,29.4,4,32.161,4,4,D,2902279,157,1,A
2021-07-23T14:04:00Z,16.95,92.246,1.0,28.964,4,32.38,4,4,D,2902279,158,1,A
2021-07-28T14:12:28Z,16.848,92.195,1.0,29.098,4,32.471,4,4,D,2902279,159,1,A
2021-08-02T14:19:00Z,16.858,92.149,1.0,29.048,4,32.376,4,4,D,2902279,160,1,A
2019-05-26T14:02:00Z,16.726,88.328,5.0,30.718,4,33.656,4,4,D,2902280,0,1,A
2019-05-31T14:06:34Z,16.75,88.699,1.0,30.738,4,33.384,4,4,D,2902280,1,1,A
2019-06-05T14:03:00Z,16.509,89.021,1.0,30.121,4,33.107,4,4,D,2902280,2,1,A
2019-06-10T14:03:00Z,16.342,89.214,1.0,30.19,4,33.256,4,4,D,2902280,3,1,A
2019-06-15T14:15:46Z,16.145,89.365,1.0,30.19,4,33.256,4,4,D,2902280,4,1,A
2019-06-20T13:56:00Z,15.959,89.39,1.0,29.664,4,33.653,4,4,D,2902280,5,1,A
2019-06-25T14:26:25Z,15.863,89.427,1.0,30.239,4,33.777,4,4,D,2902280,6,1,A
2019-06-30T13:54:00Z,15.669,89.502,1.0,29.944,4,33.304,4,4,D,2902280,7,1,A
2019-07-05T14:20:07Z,15.495,89.67,1.0,28.976,4,33.432,4,4,D,2902280,8,1,A
2019-07-10T14:13:26Z,15.331,89.846,1.0,29.058,4,33.302,4,4,D,2902280,9,1,A
2019-07-15T14:05:00Z,15.253,90.063,1.0,29.132,4,33.229,4,4,D,2902280,10,1,A
2019-07-20T13:57:00Z,15.137,90.203,1.0,29.58,4,33.059,4,4,D,2902280,11,1,A
2019-07-25T14:06:23Z,15.077,90.323,1.0,29.277,4,33.08,4,4,D,2902280,12,1,A
2019-07-30T14:06:23Z,14.963,90.415,1.0,28.922,4,33.28,4,4,D,2902280,13,1,A
2019-08-04T14:00:00Z,14.888,90.444,1.0,28.606,4,32.991,4,4,D,2902280,14,1,A
2019-08-09T13:57:35Z,14.734,90.637,1.0,28.533,4,32.996,4,4,D,2902280,15,1,A
2019-08-14T13:56:00Z,14.67,90.883,1.0,28.859,4,33.18,4,4,D,2902280,16,1,A
2019-08-19T14:11:48Z,14.603,90.992,1.0,29.212,4,33.254,4,4,D,2902280,17,1,A
2019-08-24T14:23:55Z,14.59,91.233,1.0,28.885,4,33.206,4,4,D,2902280,18,1,A
2019-08-29T13:57:00Z,14.647,91.429,1.0,28.509,4,32.843,4,4,D,2902280,19,1,A
2019-09-03T14:00:00Z,14.747,91.575,1.0,28.4,4,32.673,4,4,D,2902280,20,1,A
2019-09-08T13:59:00Z,14.843,91.702,1.0,28.471,4,32.752,4,4,D,2902280,21,1,A
2019-09-13T14:09:00Z,14.935,91.875,1.0,28.415,4,32.597,4,4,D,2902280,22,1,A
2019-09-18T14:04:54Z,15.041,92.143,1.0,28.817,4,32.551,4,4,D,2902280,23,1,A
2019-09-23T14:22:46Z,15.234,92.289,1.0,28.664,4,32.421,4,4,D,2902280,24,1,A
2019-09-28T13:58:00Z,15.472,92.348,1.0,29.251,4,32.248,4,4,D,2902280,25,1,A
2019-10-03T14:16:40Z,15.766,92.435,8.0,29.682,1,30.518,1,1,D,2902280,26,1,A
2019-10-08T14:13:47Z,15.962,92.418,1.0,29.528,4,31.924,4,4,D,2902280,27,1,A
2019-10-13T14:11:30Z,16.133,92.45,1.0,30.162,4,31.562,4,4,D,2902280,28,1,A
2019-10-18T14:53:20Z,16.275,92.411,1.0,30.012,4,31.919,4,4,D,2902280,29,1,A
2019-10-23T13:56:00Z,16.357,92.393,1.0,30.708,4,30.347,4,4,D,2902280,30,1,A
2019-10-28T14:08:00Z,16.467,92.342,7.0,30.549,1,30.333,1,1,D,2902280,31,1,A
2019-11-02T14:10:00Z,16.457,92.211,4.0,30.281,1,28.338,1,1,D,2902280,32,1,A
2019-11-07T14:00:00Z,16.444,92.146,1.0,30.075,4,30.748,4,4,D,2902280,33,1,A
2019-11-12T13:58:00Z,16.527,92.305,1.0,29.43,4,30.883,4,4,D,2902280,34,1,A
2019-11-17T14:32:21Z,16.571,92.309,1.0,29.722,4,31.168,4,4,D,2902280,35,1,A
2019-11-22T14:04:00Z,16.561,92.265,1.0,29.137,4,30.17,4,4,D,2902280,36,1,A
2019-11-27T14:10:00Z,16.593,92.271,1.0,29.146,4,26.377,4,4,D,2902280,37,1,A
2019-12-02T14:22:08Z,16.643,92.193,5.0,28.866,1,26.889,1,1,D,2902280,38,1,A
2019-12-07T14:03:00Z,16.513,92.158,1.0,27.977,4,28.437,4,4,D,2902280,39,1,A
2019-12-12T14:13:05Z,16.433,92.268,4.0,26.076,1,30.217,4,1,D,2902280,40,1,A
2019-12-17T14:45:09Z,16.286,92.333,1.0,26.615,4,28.536,4,4,D,2902280,41,1,A
2019-12-22T14:01:00Z,16.131,92.275,1.0,27.015,4,28.23,4,4,D,2902280,42,1,A
2019-12-27T14:03:00Z,15.999,92.274,5.0,26.162,1,29.108,1,1,D,2902280,43,1,A
2020-01-01T13:50:00Z,15.869,92.396,1.0,27.252,4,31.596,4,4,D,2902280,44,1,A
2020-01-06T13:54:00Z,15.707,92.544,1.0,26.864,4,30.358,4,4,D,2902280,45,1,A
2020-01-11T14:28:23Z,15.591,92.577,1.0,26.692,4,30.632,4,4,D,2902280,46,1,A
2020-01-16T14:13:55Z,15.485,92.591,1.0,26.552,4,29.913,4,4,D,2902280,47,1,A
2020-01-21T14:02:00Z,15.518,92.667,1.0,26.848,4,30.049,4,4,D,2902280,48,1,A
2020-01-26T15:13:24Z,15.492,92.608,1.0,26.66,4,30.077,4,4,D,2902280,49,1,A
2020-01-31T14:02:00Z,15.486,92.531,1.0,26.469,4,30.982,4,4,D,2902280,50,1,A
2020-02-05T13:59:00Z,15.352,92.249,1.0,26.878,4,31.936,4,4,D,2902280,51,1,A
2020-02-10T14:00:00Z,15.291,92.114,1.0,26.543,4,32.064,4,4,D,2902280,52,1,A
2020-02-15T14:03:00Z,15.282,92.092,1.0,26.452,4,31.812,4,4,D,2902280,53,1,A
2020-02-20T14:04:00Z,15.274,92.194,1.0,26.467,4,31.956,4,4,D,2902280,54,1,A
2020-02-25T14:31:00Z,15.287,92.14,1.0,25.541,4,31.894,4,4,D,2902280,55,1,A
2020-03-01T14:46:38Z,15.285,92.081,1.0,25.871,4,32.154,4,4,D,2902280,56,1,A
2020-03-06T14:25:22Z,15.352,91.984,1.0,26.319,4,31.861,4,4,D,2902280,57,1,A
2020-03-11T14:40:22Z,15.422,91.9,1.0,26.811,4,32.292,4,4,D,2902280,58,1,A
2020-03-16T14:29:51Z,15.427,91.981,1.0,27.363,4,32.243,4,4,D,2902280,59,1,A
2020-03-21T14:33:01Z,15.31,92.022,1.0,27.737,4,32.25,4,4,D,2902280,60,1,A
2020-03-26T14:29:25Z,15.273,92.086,1.0,27.984,4,32.384,4,4,D,2902280,61,1,A
2020-03-31T13:58:00Z,15.392,92.154,1.0,28.35,4,32.393,4,4,D,2902280,62,1,A
2020-04-05T13:59:00Z,15.399,92.205,1.0,28.954,4,32.448,4,4,D,2902280,63,1,A
2020-04-10T14:10:00Z,15.413,92.202,1.0,29.246,4,32.519,4,4,D,2902280,64,1,A
2020-04-15T14:08:00Z,15.41,92.093,0.0,29.506,4,32.547,4,4,D,2902280,65,1,A
2020-04-20T14:06:00Z,15.431,91.963,1.0,30.256,4,32.7,4,4,D,2902280,66,1,A
2020-04-25T14:06:00Z,15.591,91.753,1.0,30.998,4,32.685,4,4,D,2902280,67,1,A
2020-04-30T14:02:00Z,15.864,91.577,1.0,30.597,4,32.65,4,4,D,2902280,68,1,A
2020-05-05T14:00:00Z,15.989,91.631,1.0,31.512,4,32.138,4,4,D,2902280,69,1,A
2020-05-10T14:01:00Z,15.962,91.699,1.0,31.24,4,32.518,4,4,D,2902280,70,1,A
2020-05-15T14:04:00Z,15.641,91.671,1.0,31.251,4,32.473,4,4,D,2902280,71,1,A
2020-05-20T14:04:00Z,15.416,91.38,1.0,29.873,4,32.875,4,4,D,2902280,72,1,A
2020-05-25T13:59:00Z,15.186,91.097,1.0,30.54,4,33.019,4,4,D,2902280,73,1,A
2020-05-30T14:03:00Z,14.988,90.846,1.0,30.782,4,32.758,4,4,D,2902280,74,1,A
2020-06-04T14:47:07Z,14.779,90.924,2.0,30.906,4,32.603,4,4,D,2902280,75,1,A
2020-06-09T14:13:38Z,14.663,91.181,1.0,30.293,4,32.615,4,4,D,2902280,76,1,A
2020-06-14T13:58:00Z,14.789,91.343,1.0,29.866,4,32.772,4,4,D,2902280,77,1,A
2020-06-19T14:06:00Z,14.856,91.302,1.0,29.636,4,32.856,4,4,D,2902280,78,1,A
2020-06-24T14:03:00Z,14.959,91.247,0.0,30.446,4,32.81,4,4,D,2902280,79,1,A
2020-06-29T15:04:27Z,15.118,91.073,1.0,29.814,4,32.609,4,4,D,2902280,80,1,A
2020-07-04T14:54:24Z,15.304,90.978,1.0,29.565,4,32.787,4,4,D,2902280,81,1,A
2020-07-09T14:00:00Z,15.439,90.978,1.0,29.561,4,32.891,4,4,D,2902280,82,1,A
2020-07-14T14:01:00Z,15.366,91.122,1.0,29.482,4,32.82,4,4,D,2902280,83,1,A
2020-07-19T13:58:00Z,15.225,91.237,1.0,29.534,4,32.89,4,4,D,2902280,84,1,A
2020-07-24T14:47:15Z,14.893,91.271,0.0,29.933,4,32.788,4,4,D,2902280,85,1,A
2020-07-29T13:00:00Z,14.583,91.179,1.0,29.905,4,32.82,4,4,D,2902280,86,1,A
2020-08-03T14:39:52Z,14.37,91.17,1.0,29.372,4,32.774,4,4,D,2902280,87,1,A
2020-08-08T13:58:00Z,14.174,91.17,1.0,29.019,4,32.68,4,4,D,2902280,88,1,A
2020-08-13T14:25:42Z,14.175,91.293,1.0,29.196,4,32.653,4,4,D,2902280,89,1,A
2020-08-18T14:29:24Z,14.259,91.434,1.0,29.022,4,32.903,4,4,D,2902280,90,1,A
2020-08-23T13:53:00Z,14.415,91.563,1.0,29.049,4,32.889,4,4,D,2902280,91,1,A
2020-08-28T13:58:00Z,14.524,91.662,1.0,29.265,4,32.959,4,4,D,2902280,92,1,A
2020-09-02T15:06:06Z,14.604,91.772,1.0,29.883,4,32.829,4,4,D,2902280,93,1,A
2020-09-07T13:55:00Z,14.697,91.806,1.0,30.664,4,32.723,4,4,D,2902280,94,1,A
2020-09-12T14:07:00Z,14.719,91.906,1.0,30.009,4,32.544,4,4,D,2902280,95,1,A
2020-09-17T14:31:28Z,14.657,91.951,1.0,29.912,4,32.881,4,4,D,2902280,96,1,A
2020-09-22T13:51:00Z,14.431,91.982,1.0,29.38,4,32.925,4,4,D,2902280,97,1,A
2020-09-27T14:24:16Z,14.283,92.003,1.0,29.32,4,32.858,4,4,D,2902280,98,1,A
2020-10-02T13:54:00Z,14.011,92.058,1.0,29.171,4,32.793,4,4,D,2902280,99,1,A
2020-10-07T14:35:55Z,13.872,92.142,1.0,29.429,4,32.789,4,4,D,2902280,100,1,A
2020-10-12T14:00:00Z,13.961,92.226,1.0,29.186,4,32.746,4,4,D,2902280,101,1,A
2020-10-17T14:03:00Z,14.217,92.441,0.0,29.109,4,31.692,4,4,D,2902280,102,1,A
2020-10-22T13:56:00Z,14.439,92.454,1.0,29.253,4,32.597,4,4,D,2902280,103,1,A
2020-10-27T14:05:00Z,14.925,92.604,1.0,29.668,4,32.072,4,4,D,2902280,104,1,A
2020-11-01T14:41:37Z,15.191,92.528,1.0,29.375,4,32.067,4,4,D,2902280,105,1,A
2020-11-06T14:04:00Z,15.4,92.42,1.0,29.793,4,31.839,4,4,D,2902280,106,1,A
2020-11-11T14:41:10Z,15.55,92.16,1.0,29.319,4,31.279,4,4,D,2902280,107,1,A
2020-11-16T14:04:00Z,15.747,91.984,1.0,29.468,4,31.044,4,4,D,2902280,108,1,A
2020-11-21T14:06:00Z,15.832,91.776,1.0,28.795,4,32.124,4,4,D,2902280,109,1,A
2020-11-26T13:58:00Z,15.951,91.596,5.0,29.403,1,28.734,1,1,D,2902280,110,1,A
2020-12-01T14:01:00Z,16.189,91.573,10.0,28.854,1,26.218,1,1,D,2902280,111,1,A
2020-12-06T14:05:00Z,16.268,91.644,9.0,29.921,1,28.975,1,1,D,2902280,112,1,A
2020-12-11T14:35:54Z,16.283,91.773,8.0,27.46,1,27.463,1,1,D,2902280,113,1,A
2020-12-16T14:08:00Z,16.152,91.93,1.0,27.471,4,29.001,4,4,D,2902280,114,1,A
2020-12-21T14:17:25Z,15.932,91.953,1.0,26.617,4,28.015,4,4,D,2902280,115,1,A
2020-12-26T14:28:51Z,15.745,91.968,1.0,26.792,4,28.797,4,4,D,2902280,116,1,A
2020-12-31T14:03:00Z,15.459,91.877,5.0,26.594,1,29.122,1,1,D,2902280,117,1,A
2021-01-05T14:33:27Z,15.288,91.895,1.0,26.885,4,28.546,4,4,D,2902280,118,1,A
2021-01-10T14:12:00Z,15.101,91.876,1.0,27.044,4,28.188,4,4,D,2902280,119,1,A
2021-01-15T13:59:00Z,14.988,91.973,1.0,27.513,4,29.653,4,4,D,2902280,120,1,A
2021-01-20T14:03:00Z,14.874,92.088,1.0,27.148,4,29.792,4,4,D,2902280,121,1,A
2021-01-25T14:56:26Z,14.925,92.183,1.0,27.561,4,30.881,4,4,D,2902280,122,1,A
2021-01-30T13:58:00Z,14.989,92.243,1.0,27.03,4,30.771,4,4,D,2902280,123,1,A
2021-02-04T14:06:00Z,15.006,92.172,1.0,26.55,4,31.66,4,4,D,2902280,124,1,A
2021-02-09T14:55:52Z,15.136,92.106,1.0,27.445,4,32.532,4,4,D,2902280,125,1,A
2021-02-14T14:52:08Z,15.138,92.07,1.0,26.779,4,32.149,4,4,D,2902280,126,1,A
2021-02-19T14:49:23Z,15.197,91.986,1.0,26.76,4,31.875,4,4,D,2902280,127,1,A
2021-02-24T14:07:00Z,15.189,91.93,1.0,27.642,4,32.633,4,4,D,2902280,128,1,A
2021-03-01T13:51:00Z,15.093,92.039,0.0,27.697,4,32.264,4,4,D,2902280,129,1,A
2021-03-06T13:53:00Z,15.07,92.145,0.0,27.951,4,30.827,4,4,D,2902280,130,1,A
2021-03-11T14:35:19Z,15.043,92.278,1.0,27.836,4,31.692,4,4,D,2902280,131,1,A
2021-03-16T14:28:24Z,15.035,92.32,1.0,27.69,4,31.466,4,4,D,2902280,132,1,A
2021-03-21T14:02:00Z,15.023,92.394,1.0,28.487,4,31.789,4,4,D,2902280,133,1,A
2021-03-26T14:45:31Z,15.135,92.272,1.0,28.987,4,31.386,4,4,D,2902280,134,1,A
2021-03-31T14:11:00Z,15.179,92.135,1.0,28.988,4,31.749,4,4,D,2902280,135,1,A
2021-04-05T14:01:00Z,15.161,92.096,1.0,28.652,4,31.662,4,4,D,2902280,136,1,A
2021-04-10T14:35:38Z,15.231,92.009,1.0,29.781,4,32.081,4,4,D,2902280,137,1,A
2021-04-15T14:01:00Z,15.285,92.03,1.0,29.842,4,31.518,4,4,D,2902280,138,1,A
2021-04-20T14:02:00Z,15.446,92.084,1.0,30.124,4,31.709,4,4,D,2902280,139,1,A
2021-04-25T14:34:07Z,15.645,92.055,1.0,30.137,4,32.19,4,4,D,2902280,140,1,A
2021-04-30T14:54:33Z,15.948,92.08,0.0,30.684,4,31.713,4,4,D,2902280,141,1,A
2021-05-05T14:01:00Z,16.22,92.254,16.0,-2.0,1,32.073,4,1,D,2902280,142,1,A
2021-05-10T14:39:34Z,16.308,92.454,25.0,30.475,1,32.368,1,1,D,2902280,143,1,A
2021-05-15T14:31:39Z,16.285,92.629,8.0,-1.877,4,32.431,4,1,D,2902280,144,1,A
2021-05-20T14:40:31Z,16.112,92.661,1.0,31.874,4,32.357,4,4,D,2902280,145,1,A
2021-05-25T14:36:50Z,15.909,92.69,1.0,29.976,4,32.739,4,4,D,2902280,146,1,A
2021-05-30T14:02:00Z,15.675,92.517,1.0,30.158,4,32.793,4,4,D,2902280,147,1,A
2021-06-04T14:07:00Z,15.442,92.362,1.0,30.697,4,32.495,4,4,D,2902280,148,1,A
2021-06-09T14:08:00Z,15.322,92.247,1.0,30.139,4,32.51,4,4,D,2902280,149,1,A
2021-06-14T14:48:04Z,15.141,92.14,1.0,29.692,4,32.597,4,4,D,2902280,150,1,A
2021-06-19T14:43:58Z,15.165,92.009,1.0,29.177,4,32.805,4,4,D,2902280,151,1,A
2021-06-24T15:02:57Z,15.084,91.856,1.0,29.261,4,32.663,4,4,D,2902280,152,1,A
2021-06-29T14:06:00Z,14.992,91.583,1.0,29.476,4,32.553,4,4,D,2902280,153,1,A
2021-07-04T14:06:00Z,14.965,91.435,1.0,29.554,4,33.566,4,4,D,2902280,154,1,A
2021-07-09T14:04:00Z,14.886,91.193,0.0,29.49,4,34.421,4,4,D,2902280,155,1,A
2021-07-14T14:10:00Z,14.865,90.95,1.0,29.69,4,35.771,4,4,D,2902280,156,1,A
2021-07-19T14:15:00Z,14.815,90.636,1.0,29.319,4,36.525,4,4,D,2902280,157,1,A
2021-07-24T14:14:00Z,14.86,90.326,1.0,28.941,4,37.782,4,4,D,2902280,158,1,A
2019-05-26T14:43:22Z,16.101,87.497,1.0,30.414,1,33.414,1,1,D,2902281,0,1,A
2019-05-31T14:08:00Z,16.06,87.73,1.0,30.851,3,33.319,3,1,D,2902281,1,1,A
2019-06-05T14:01:00Z,16.087,87.975,2.0,30.845,3,33.488,3,1,D,2902281,2,1,A
2019-06-10T14:03:00Z,16.155,88.232,1.0,30.426,3,33.269,3,1,D,2902281,3,1,A
2019-06-15T14:15:12Z,16.207,88.347,1.0,30.215,4,33.296,4,1,D,2902281,4,1,A
2019-05-26T14:11:00Z,15.443,86.596,1.0,30.422,4,33.388,4,4,D,2902282,0,1,A
2019-05-31T14:03:13Z,15.567,86.61,1.0,30.871,4,33.211,4,4,D,2902282,1,1,A
2019-06-05T14:02:20Z,15.769,86.612,1.0,30.756,4,33.356,4,4,D,2902282,2,1,A
2019-06-10T14:37:41Z,15.977,86.781,1.0,30.35,4,33.328,4,4,D,2902282,3,1,A
2019-06-15T14:15:59Z,16.085,87.076,1.0,30.347,4,33.557,4,4,D,2902282,4,1,A
2019-06-20T14:02:00Z,16.176,87.416,1.0,30.062,4,33.686,4,4,D,2902282,5,1,A
2019-06-25T14:00:00Z,16.21,87.673,1.0,30.582,4,33.429,4,4,D,2902282,6,1,A
2019-06-30T14:23:41Z,16.364,87.938,1.0,29.994,4,33.596,4,4,D,2902282,7,1,A
2019-07-05T14:01:00Z,16.426,88.272,1.0,29.573,4,33.576,4,4,D,2902282,8,1,A
2019-07-10T13:58:00Z,15.957,88.55,1.0,29.029,4,33.613,4,4,D,2902282,9,1,A
2019-07-15T14:11:07Z,15.623,88.776,1.0,28.985,4,33.684,4,4,D,2902282,10,1,A
2019-07-20T13:59:00Z,15.43,88.905,1.0,29.476,4,33.357,4,4,D,2902282,11,1,A
2019-07-25T14:03:00Z,15.488,88.925,1.0,29.363,4,33.419,4,4,D,2902282,12,1,A
2019-07-30T13:59:28Z,15.369,88.961,1.0,28.885,4,33.141,4,4,D,2902282,13,1,A
2019-08-04T13:54:00Z,15.219,88.864,1.0,28.628,4,33.072,4,4,D,2902282,14,1,A
2019-08-09T14:24:47Z,15.165,88.882,1.0,28.432,4,33.325,4,4,D,2902282,15,1,A
2019-08-14T14:15:45Z,15.165,88.941,1.0,28.686,4,33.05,4,4,D,2902282,16,1,A
2019-08-19T14:12:33Z,15.235,88.911,1.0,29.012,4,33.121,4,4,D,2902282,17,1,A
2019-08-24T13:56:00Z,15.267,88.959,1.0,28.567,4,33.077,4,4,D,2902282,18,1,A
2019-08-29T13:57:00Z,15.277,89.047,1.0,28.652,4,32.985,4,4,D,2902282,19,1,A
2019-09-03T13:46:00Z,15.252,89.191,1.0,28.305,4,32.992,4,4,D,2902282,20,1,A
2019-09-08T13:59:00Z,15.316,89.335,1.0,28.013,4,32.244,4,4,D,2902282,21,1,A
2019-09-13T14:08:00Z,15.341,89.363,1.0,28.35,4,31.643,4,4,D,2902282,22,1,A
2019-09-18T14:00:00Z,15.319,89.409,1.0,28.857,4,31.459,4,4,D,2902282,23,1,A
2019-09-23T14:01:00Z,15.455,89.229,1.0,28.988,4,31.854,4,4,D,2902282,24,1,A
2019-09-28T14:01:00Z,15.62,89.104,1.0,29.522,4,32.295,4,4,D,2902282,25,1,A
2019-10-03T14:00:00Z,15.769,88.929,1.0,29.537,4,32.574,4,4,D,2902282,26,1,A
2019-10-08T14:13:46Z,15.91,88.82,1.0,29.932,4,32.401,4,4,D,2902282,27,1,A
2019-10-13T13:58:00Z,16.088,88.721,1.0,30.039,4,32.279,4,4,D,2902282,28,1,A
2019-10-18T14:53:18Z,16.201,88.737,1.0,29.878,4,32.531,4,4,D,2902282,29,1,A
2019-10-23T14:05:00Z,16.187,88.819,1.0,29.994,4,32.865,4,4,D,2902282,30,1,A
2019-10-28T14:12:00Z,16.256,89.05,1.0,29.983,4,32.167,4,4,D,2902282,31,1,A
2019-11-02T14:24:56Z,16.116,89.077,1.0,29.988,4,32.287,4,4,D,2902282,32,1,A
2019-11-07T13:58:00Z,15.974,88.989,1.0,29.458,4,32.828,4,4,D,2902282,33,1,A
2019-11-12T14:01:00Z,16.358,89.218,1.0,28.762,4,33.567,4,4,D,2902282,34,1,A
2019-11-17T14:12:52Z,16.46,89.26,1.0,29.247,4,32.973,4,4,D,2902282,35,1,A
2019-11-22T14:07:00Z,16.509,89.307,1.0,29.259,4,31.456,4,4,D,2902282,36,1,A
2019-11-27T14:25:15Z,16.745,89.363,1.0,29.002,4,31.74,4,4,D,2902282,37,1,A
2019-12-02T14:21:58Z,16.854,89.379,1.0,28.786,4,31.913,4,4,D,2902282,38,1,A
2019-12-07T14:06:00Z,16.909,89.424,1.0,28.492,4,32.099,4,4,D,2902282,39,1,A
2019-12-12T14:10:06Z,16.93,89.436,1.0,28.252,4,32.261,4,4,D,2902282,40,1,A
2019-12-17T14:45:51Z,16.891,89.397,1.0,27.898,4,32.252,4,4,D,2902282,41,1,A
2019-12-22T14:05:00Z,16.876,89.416,1.0,27.02,4,31.32,4,4,D,2902282,42,1,A
2019-12-27T13:58:00Z,16.882,89.398,1.0,27.42,4,32.11,4,4,D,2902282,43,1,A
2020-01-01T14:03:00Z,16.832,89.402,0.0,25.641,4,30.165,4,4,D,2902282,44,1,A
2020-01-06T14:08:00Z,16.842,89.407,1.0,26.242,4,31.124,4,4,D,2902282,45,1,A
2020-01-11T14:28:15Z,16.89,89.357,1.0,26.162,4,31.841,4,4,D,2902282,46,1,A
2020-01-16T14:24:41Z,16.937,89.285,1.0,26.288,4,31.987,4,4,D,2902282,47,1,A
2020-01-21T14:14:06Z,17.006,89.262,0.0,24.774,4,31.146,4,4,D,2902282,48,1,A
2020-01-26T14:18:06Z,17.021,89.201,1.0,26.504,4,32.691,4,4,D,2902282,49,1,A
2020-01-31T14:28:58Z,17.148,89.165,0.0,26.473,4,32.013,4,4,D,2902282,50,1,A
2020-02-05T14:11:00Z,17.142,89.153,1.0,25.343,4,32.212,4,4,D,2902282,51,1,A
2020-02-10T13:59:00Z,17.223,89.163,1.0,25.458,4,32.236,4,4,D,2902282,52,1,A
2020-02-15T14:00:00Z,17.395,89.108,1.0,26.601,4,33.094,4,4,D,2902282,53,1,A
2020-02-20T14:00:00Z,17.438,89.161,1.0,26.958,4,33.187,4,4,D,2902282,54,1,A
2020-02-25T13:59:00Z,17.475,89.245,1.0,26.71,4,32.851,4,4,D,2902282,55,1,A
2020-03-01T14:01:00Z,17.593,89.282,1.0,26.906,4,32.841,4,4,D,2902282,56,1,A
2020-03-06T14:08:00Z,17.687,89.367,1.0,27.454,4,33.068,4,4,D,2902282,57,1,A
2020-03-11T14:40:20Z,17.787,89.611,1.0,27.533,4,32.656,4,4,D,2902282,58,1,A
2020-03-16T13:58:00Z,17.914,89.754,1.0,26.921,4,31.719,4,4,D,2902282,59,1,A
2020-03-21T14:33:36Z,17.987,89.81,1.0,28.807,4,32.917,4,4,D,2902282,60,1,A
2020-03-26T13:58:00Z,17.992,89.863,0.0,28.995,4,32.789,4,4,D,2902282,61,1,A
2020-03-31T14:00:00Z,18.081,89.88,1.0,29.703,4,33.18,4,4,D,2902282,62,1,A
2020-04-05T10:20:00Z,18.258,89.867,1.0,29.447,4,32.276,4,4,D,2902282,63,1,A
2020-04-10T14:01:00Z,18.426,89.846,1.0,29.243,4,32.131,4,4,D,2902282,64,1,A
2020-04-15T13:59:00Z,18.525,89.836,1.0,29.829,4,33.044,4,4,D,2902282,65,1,A
2020-04-20T14:11:00Z,18.663,89.794,1.0,29.808,4,32.802,4,4,D,2902282,66,1,A
2020-04-25T14:02:00Z,18.63,89.829,1.0,29.804,4,32.764,4,4,D,2902282,67,1,A
2020-04-30T14:02:00Z,18.551,89.839,1.0,30.115,4,33.284,4,4,D,2902282,68,1,A
2020-05-05T14:10:00Z,18.374,89.908,1.0,30.59,4,32.431,4,4,D,2902282,69,1,A
2020-05-10T14:04:00Z,18.286,89.967,1.0,31.184,4,32.439,4,4,D,2902282,70,1,A
2020-05-15T13:52:00Z,18.046,90.045,1.0,31.317,4,32.265,4,4,D,2902282,71,1,A
2020-05-20T14:39:35Z,17.937,90.08,1.0,29.718,4,33.632,4,4,D,2902282,72,1,A
2020-05-25T14:03:00Z,17.78,90.096,1.0,29.361,4,33.17,4,4,D,2902282,73,1,A
2020-05-30T13:57:00Z,17.795,90.246,1.0,30.071,4,33.251,4,4,D,2902282,74,1,A
2020-06-04T14:04:00Z,17.863,90.413,1.0,30.788,4,33.206,4,4,D,2902282,75,1,A
2020-06-09T14:21:41Z,18.019,90.437,1.0,30.226,4,33.393,4,4,D,2902282,76,1,A
2020-06-14T14:41:31Z,18.289,90.239,1.0,29.954,4,33.313,4,4,D,2902282,77,1,A
2020-06-19T14:18:28Z,18.449,90.191,1.0,30.086,4,32.648,4,4,D,2902282,78,1,A
2020-06-24T14:18:00Z,18.567,90.2,1.0,30.428,4,32.881,4,4,D,2902282,79,1,A
2020-06-29T14:14:00Z,18.73,90.262,1.0,30.022,4,32.693,4,4,D,2902282,80,1,A
2020-07-04T14:55:55Z,18.854,90.205,0.0,30.135,4,32.749,4,4,D,2902282,81,1,A
2020-07-09T14:16:00Z,18.918,90.115,1.0,29.993,4,32.78,4,4,D,2902282,82,1,A
2020-07-14T14:54:26Z,18.82,90.018,1.0,29.721,4,32.57,4,4,D,2902282,83,1,A
2020-07-19T14:38:03Z,18.805,90.098,1.0,29.95,4,32.968,4,4,D,2902282,84,1,A
2020-07-24T14:47:42Z,18.758,90.131,1.0,29.885,4,32.768,4,4,D,2902282,85,1,A
2020-07-29T14:17:00Z,18.788,90.142,0.0,30.52,4,32.852,4,4,D,2902282,86,1,A
2020-08-03T15:07:44Z,18.753,89.925,1.0,30.142,4,32.47,4,4,D,2902282,87,1,A
2020-08-08T14:37:11Z,18.516,89.927,0.0,29.525,4,31.966,4,4,D,2902282,88,1,A
2020-08-13T14:33:40Z,18.448,89.88,1.0,29.695,4,32.187,4,4,D,2902282,89,1,A
2020-08-18T15:17:09Z,18.498,89.76,1.0,29.589,4,32.822,4,4,D,2902282,90,1,A
2020-08-23T15:13:24Z,18.453,89.691,1.0,28.743,4,27.701,4,4,D,2902282,91,1,A
2020-08-28T14:58:25Z,18.321,89.855,9.0,28.467,1,27.237,1,1,D,2902282,92,1,A
2020-09-02T14:22:00Z,18.797,89.505,12.0,29.161,4,25.729,4,4,D,2902282,93,1,A
2020-09-07T14:24:00Z,19.459,89.886,10.0,29.641,4,25.277,4,4,D,2902282,94,1,A
2020-09-12T14:17:00Z,19.168,90.365,11.0,30.171,4,25.435,4,4,D,2902282,95,1,A
2020-09-17T14:55:51Z,18.913,91.052,10.0,30.211,4,25.282,4,4,D,2902282,96,1,A
2020-09-22T14:19:00Z,18.549,91.543,1.0,29.902,4,27.287,4,4,D,2902282,97,1,A
2020-09-27T14:48:59Z,18.682,91.741,9.0,30.18,1,30.505,1,1,D,2902282,98,1,A
2020-10-02T14:45:27Z,18.647,91.882,1.0,29.486,4,27.645,4,4,D,2902282,99,1,A
2020-10-07T14:10:00Z,18.681,91.969,9.0,29.928,1,28.405,1,1,D,2902282,100,1,A
2020-10-12T14:08:00Z,18.845,92.028,9.0,30.067,1,28.014,1,1,D,2902282,101,1,A
2020-10-17T14:56:13Z,19.042,91.898,1.0,30.169,4,29.873,4,4,D,2902282,102,1,A
2020-10-22T14:15:00Z,19.142,91.766,1.0,29.543,4,30.771,4,4,D,2902282,103,1,A
2020-10-27T14:50:05Z,19.121,91.494,1.0,29.696,4,30.879,4,4,D,2902282,104,1,A
2020-11-01T14:15:00Z,18.956,91.199,1.0,29.293,4,31.491,4,4,D,2902282,105,1,A
2020-11-06T14:13:00Z,18.89,91.248,1.0,29.469,4,31.407,4,4,D,2902282,106,1,A
2020-11-11T14:41:13Z,18.92,91.273,1.0,29.146,4,30.655,4,4,D,2902282,107,1,A
2020-11-16T14:37:42Z,18.991,91.369,1.0,29.107,4,30.357,4,4,D,2902282,108,1,A
2020-11-21T15:04:34Z,19.143,91.399,9.0,28.456,1,25.002,1,1,D,2902282,109,1,A
2020-11-26T14:08:00Z,19.307,91.383,1.0,28.147,4,26.188,4,4,D,2902282,110,1,A
2020-12-01T14:15:00Z,19.481,91.374,1.0,28.194,4,28.384,4,4,D,2902282,111,1,A
2020-12-06T14:21:00Z,19.603,91.489,9.0,27.617,1,26.11,1,1,D,2902282,112,1,A
2020-12-11T14:18:00Z,19.607,91.642,1.0,26.599,4,27.815,4,4,D,2902282,113,1,A
2020-12-16T14:20:00Z,19.567,91.772,1.0,27.978,4,30.232,4,4,D,2902282,114,1,A
2020-12-21T14:20:00Z,19.382,92.064,1.0,26.073,4,29.546,4,4,D,2902282,115,1,A
2020-12-26T14:08:00Z,19.284,92.411,1.0,27.394,4,30.326,4,4,D,2902282,116,1,A
2020-12-31T15:24:11Z,18.985,92.702,1.0,27.438,4,30.615,4,4,D,2902282,117,1,A
2021-01-05T14:40:15Z,18.735,92.807,3.0,26.699,4,28.925,4,4,D,2902282,118,1,A
2021-01-10T14:01:00Z,18.485,92.908,1.0,27.447,4,30.405,4,4,D,2902282,119,1,A
2021-01-15T14:06:00Z,18.277,92.918,1.0,27.333,4,29.403,4,4,D,2902282,120,1,A
2021-01-20T13:59:00Z,18.207,92.888,1.0,27.263,4,30.034,4,4,D,2902282,121,1,A
2021-01-25T14:56:44Z,18.13,92.839,1.0,27.226,4,30.514,4,4,D,2902282,122,1,A
2021-01-30T14:48:49Z,18.081,92.726,1.0,27.33,4,31.012,4,4,D,2902282,123,1,A
2021-02-04T14:01:00Z,18.123,92.697,1.0,27.486,4,31.518,4,4,D,2902282,124,1,A
2021-02-09T14:55:49Z,18.089,92.673,1.0,27.1,4,31.484,4,4,D,2902282,125,1,A
2021-02-14T14:06:00Z,17.947,92.594,1.0,26.488,4,31.051,4,4,D,2902282,126,1,A
2021-02-19T14:49:27Z,17.794,92.596,1.0,26.987,4,31.389,4,4,D,2902282,127,1,A
2021-02-24T14:09:00Z,17.649,92.487,1.0,25.823,4,31.034,4,4,D,2902282,128,1,A
2021-03-01T13:59:00Z,17.445,92.603,1.0,26.681,4,31.305,4,4,D,2902282,129,1,A
2021-03-06T13:59:00Z,17.413,92.66,1.0,28.138,4,31.516,4,4,D,2902282,130,1,A
2021-03-11T14:55:38Z,17.332,92.64,1.0,27.799,4,31.649,4,4,D,2902282,131,1,A
2021-03-16T14:40:30Z,17.282,92.675,1.0,28.029,4,31.696,4,4,D,2902282,132,1,A
2021-03-21T14:48:34Z,17.44,92.711,1.0,27.385,4,31.3,4,4,D,2902282,133,1,A
2021-03-26T14:45:30Z,17.525,92.695,1.0,28.211,4,31.495,4,4,D,2902282,134,1,A
2021-03-31T14:06:00Z,17.651,92.603,1.0,28.675,4,31.814,4,4,D,2902282,135,1,A
2021-04-05T15:12:02Z,17.786,92.427,1.0,28.48,4,31.88,4,4,D,2902282,136,1,A
2021-04-10T14:57:29Z,17.941,92.257,1.0,29.426,4,32.823,4,4,D,2902282,137,1,A
2021-04-15T14:08:00Z,18.096,92.151,1.0,29.705,4,31.412,4,4,D,2902282,138,1,A
2021-04-20T13:57:00Z,18.35,92.004,0.0,29.5,4,32.424,4,4,D,2902282,139,1,A
2021-04-25T14:41:22Z,18.561,91.962,1.0,29.632,4,32.603,4,4,D,2902282,140,1,A
2021-04-30T14:54:44Z,18.823,91.784,1.0,30.303,4,32.605,4,4,D,2902282,141,1,A
2021-05-05T14:51:30Z,19.095,91.575,1.0,30.377,4,32.443,4,4,D,2902282,142,1,A
2021-05-10T14:54:13Z,19.208,91.321,1.0,30.936,4,32.275,4,4,D,2902282,143,1,A
2021-05-15T15:31:08Z,19.173,91.158,5.0,31.139,1,32.683,4,1,D,2902282,144,1,A
2021-05-20T14:25:00Z,19.113,90.892,6.0,-1.748,4,32.581,4,1,D,2902282,145,1,A
2021-05-25T15:25:56Z,19.092,90.686,1.0,29.306,4,32.971,4,4,D,2902282,146,1,A
2021-05-30T14:23:00Z,18.991,90.562,1.0,30.242,4,32.744,4,4,D,2902282,147,1,A
2021-06-04T14:22:00Z,18.909,90.203,1.0,30.588,4,32.839,4,4,D,2902282,148,1,A
2021-06-09T15:14:25Z,18.796,89.872,1.0,30.162,4,32.831,4,4,D,2902282,149,1,A
2021-06-14T14:15:00Z,18.611,89.482,1.0,29.627,4,32.737,4,4,D,2902282,150,1,A
2021-06-19T14:44:49Z,18.401,89.234,1.0,29.005,4,32.246,4,4,D,2902282,151,1,A
2021-06-24T15:03:06Z,18.148,89.171,1.0,29.225,4,32.365,4,4,D,2902282,152,1,A
2021-06-29T14:59:50Z,17.99,89.385,1.0,29.54,4,32.162,4,4,D,2902282,153,1,A
2021-07-04T15:15:39Z,18.014,89.683,1.0,29.735,4,32.281,4,4,D,2902282,154,1,A
2021-07-09T14:21:00Z,18.254,89.996,1.0,29.623,4,31.897,4,4,D,2902282,155,1,A
2019-05-27T14:10:00Z,14.842,85.766,1.0,30.47,1,33.561,1,1,D,2902283,0,1,A
2019-06-01T14:04:00Z,14.949,85.701,1.0,30.652,4,33.21,4,1,D,2902283,1,1,A
2019-06-06T13:58:00Z,14.987,85.58,1.0,30.445,3,33.483,3,1,D,2902283,2,1,A
2019-06-11T14:13:33Z,15.025,85.495,1.0,30.445,3,33.483,3,1,D,2902283,3,1,A
2019-06-16T13:57:00Z,15.01,85.432,1.0,30.13,4,33.595,4,1,D,2902283,4,1,A
2019-06-21T13:51:00Z,15.076,85.264,1.0,29.716,4,33.38,4,1,D,2902283,5,1,A
2019-06-26T14:02:31Z,15.062,85.099,1.0,29.937,4,33.265,4,1,D,2902283,6,1,A
2019-07-01T08:43:00Z,15.107,85.055,1.0,29.665,4,33.25,4,1,D,2902283,7,1,A
2019-07-06T13:56:00Z,15.099,85.151,1.0,29.426,4,34.921,4,1,D,2902283,8,1,A
2019-07-11T14:17:12Z,15.109,85.255,1.0,29.47,4,33.411,4,1,D,2902283,9,1,A
2019-07-16T13:53:00Z,15.308,85.383,1.0,29.597,4,33.517,4,1,D,2902283,10,1,A
2019-07-21T13:56:00Z,15.434,85.658,1.0,30.021,4,33.511,4,1,D,2902283,11,1,A
2019-07-26T14:02:00Z,15.508,85.904,1.0,29.469,4,33.495,4,1,D,2902283,12,1,A
2019-07-31T13:55:00Z,15.349,86.211,1.0,29.167,4,33.511,4,1,D,2902283,13,1,A
2019-08-05T14:11:42Z,15.255,86.384,1.0,28.756,4,33.433,4,1,D,2902283,14,1,A
2019-08-10T14:34:07Z,15.276,86.503,1.0,28.841,4,33.475,4,1,D,2902283,15,1,A
2019-08-15T13:54:00Z,15.17,86.536,1.0,29.15,4,33.486,4,1,D,2902283,16,1,A
2019-08-20T14:26:39Z,14.978,86.552,1.0,29.342,4,33.549,4,1,D,2902283,17,1,A
2019-08-25T14:23:43Z,14.668,86.438,1.0,29.275,4,33.62,4,1,D,2902283,18,1,A
2019-08-30T14:19:20Z,14.498,86.31,1.0,28.897,4,33.524,4,1,D,2902283,19,1,A
2019-09-04T14:17:07Z,14.299,86.201,2.0,28.658,3,33.623,3,1,D,2902283,20,1,A
2019-09-09T14:02:00Z,14.251,86.179,1.0,28.515,4,33.412,4,1,D,2902283,21,1,A
2019-09-14T14:04:00Z,14.105,86.156,1.0,28.827,4,33.566,4,1,D,2902283,22,1,A
2019-09-19T13:53:00Z,13.865,86.249,1.0,28.875,4,33.475,4,1,D,2902283,23,1,A
2019-09-24T13:52:00Z,13.672,86.38,1.0,28.909,4,33.425,4,1,D,2902283,24,1,A
2019-09-29T14:46:06Z,13.595,86.462,1.0,29.85,4,33.261,4,1,D,2902283,25,1,A
2019-10-04T14:26:03Z,13.565,86.45,1.0,29.912,4,33.222,4,1,D,2902283,26,1,A
2019-10-09T13:48:00Z,13.418,86.448,1.0,30.033,4,33.384,4,1,D,2902283,27,1,A
2019-10-14T14:01:00Z,13.194,86.437,1.0,31.02,4,33.171,4,1,D,2902283,28,1,A
2019-10-19T13:59:00Z,13.255,86.321,1.0,30.307,4,33.687,4,1,D,2902283,29,1,A
2019-10-24T14:06:00Z,13.361,86.338,1.0,29.788,4,33.648,4,1,D,2902283,30,1,A
2019-10-29T14:04:00Z,13.497,86.513,1.0,29.759,4,33.127,4,1,D,2902283,31,1,A
2019-11-03T14:06:00Z,13.929,86.61,1.0,29.598,4,33.41,4,1,D,2902283,32,1,A
2019-11-08T13:53:00Z,14.433,86.713,1.0,29.158,4,33.454,4,1,D,2902283,33,1,A
2019-11-13T13:53:00Z,14.706,86.854,1.0,29.198,4,33.361,4,1,D,2902283,34,1,A
2019-11-18T14:02:00Z,14.657,86.959,1.0,29.3,4,33.194,4,1,D,2902283,35,1,A
2019-11-23T14:12:00Z,14.378,87.018,1.0,29.205,4,33.269,4,1,D,2902283,36,1,A
2019-11-28T14:27:40Z,13.988,87.033,1.0,28.869,4,33.358,4,1,D,2902283,37,1,A
2019-12-03T14:19:29Z,13.457,87.085,1.0,28.769,4,33.453,4,1,D,2902283,38,1,A
2019-12-08T13:55:00Z,13.056,87.132,1.0,28.481,4,33.226,4,1,D,2902283,39,1,A
2019-12-13T14:22:44Z,12.892,87.248,1.0,27.857,4,32.671,4,1,D,2902283,40,1,A
2019-12-18T13:57:00Z,13.066,87.457,1.0,28.009,4,33.258,4,1,D,2902283,41,1,A
2019-12-23T14:01:00Z,13.243,87.641,1.0,28.244,4,33.58,4,1,D,2902283,42,1,A
2019-12-28T13:58:00Z,13.516,87.784,1.0,28.133,4,33.694,4,1,D,2902283,43,1,A
2020-01-02T14:08:00Z,13.823,87.733,1.0,28.203,4,33.702,4,1,D,2902283,44,1,A
2020-01-07T13:58:00Z,14.103,87.579,1.0,27.935,4,33.686,4,1,D,2902283,45,1,A
2020-01-12T14:27:32Z,14.307,87.384,1.0,27.525,4,32.728,4,1,D,2902283,46,1,A
2020-01-17T13:57:00Z,14.662,87.084,1.0,26.662,4,31.725,4,1,D,2902283,47,1,A
2020-01-22T14:23:38Z,14.918,86.728,1.0,26.549,4,32.015,4,1,D,2902283,48,1,A
2020-01-27T14:20:12Z,15.12,86.473,1.0,27.148,4,31.348,4,1,D,2902283,49,1,A
2020-02-01T14:02:00Z,15.182,86.187,1.0,27.228,4,31.838,4,1,D,2902283,50,1,A
2020-02-06T13:49:00Z,15.295,85.986,1.0,26.794,4,32.121,4,1,D,2902283,51,1,A
2020-02-11T14:00:00Z,15.371,85.794,1.0,26.971,4,32.503,4,1,D,2902283,52,1,A
2020-02-16T13:59:00Z,15.364,85.619,1.0,26.963,4,32.17,4,1,D,2902283,53,1,A
2020-02-21T14:00:00Z,15.322,85.467,1.0,27.009,4,32.52,4,1,D,2902283,54,1,A
2020-02-26T14:06:00Z,15.353,85.355,0.0,27.369,4,32.518,4,1,D,2902283,55,1,A
2020-03-02T14:05:00Z,15.388,85.295,1.0,27.04,4,32.445,4,1,D,2902283,56,1,A
2020-03-07T13:56:00Z,15.344,85.247,1.0,27.894,4,32.402,4,1,D,2902283,57,1,A
2020-03-12T14:25:25Z,15.362,85.208,1.0,28.427,4,31.974,4,1,D,2902283,58,1,A
2020-03-17T15:03:18Z,15.549,85.187,1.0,28.403,4,32.0,4,1,D,2902283,59,1,A
2020-03-22T14:38:17Z,15.598,85.178,1.0,29.18,4,32.699,4,1,D,2902283,60,1,A
2020-03-27T13:58:00Z,15.641,85.215,1.0,29.737,4,33.048,4,1,D,2902283,61,1,A
2020-04-01T14:28:02Z,15.626,85.274,1.0,29.685,4,32.347,4,1,D,2902283,62,1,A
2020-04-06T14:49:39Z,15.589,85.313,1.0,29.984,4,32.722,4,1,D,2902283,63,1,A
2020-04-11T14:06:00Z,15.464,85.29,1.0,30.492,4,32.577,4,1,D,2902283,64,1,A
2020-04-16T14:40:27Z,15.367,85.215,1.0,30.286,4,33.016,4,1,D,2902283,65,1,A
2020-04-21T14:00:00Z,15.323,85.142,1.0,30.714,4,32.516,4,1,D,2902283,66,1,A
2020-04-26T14:05:00Z,15.268,85.029,1.0,30.416,4,32.949,4,1,D,2902283,67,1,A
2020-05-01T14:04:00Z,15.337,84.975,1.0,30.623,4,32.943,4,1,D,2902283,68,1,A
2020-05-06T14:08:00Z,15.254,84.789,9.0,-1.892,4,32.642,4,1,D,2902283,69,1,A
2020-05-11T13:59:00Z,15.11,84.604,25.0,29.908,3,32.456,3,1,D,2902283,70,1,A
2020-05-16T14:40:59Z,15.005,84.491,35.0,29.119,3,32.824,3,1,D,2902283,71,1,A
2020-05-21T14:02:00Z,14.855,84.318,1.0,29.785,4,33.04,4,1,D,2902283,72,1,A
2020-05-26T14:35:16Z,14.88,84.251,1.0,30.058,4,33.112,4,1,D,2902283,73,1,A
2020-05-31T14:11:00Z,14.94,84.297,1.0,30.745,4,33.542,4,1,D,2902283,74,1,A
2020-06-05T14:31:11Z,14.885,84.276,1.0,30.655,3,33.19,3,1,D,2902283,75,1,A
2020-06-10T14:04:00Z,14.825,84.357,1.0,29.819,3,33.321,3,1,D,2902283,76,1,A
2020-06-15T14:01:00Z,15.041,84.605,1.0,29.507,3,33.108,3,1,D,2902283,77,1,A
2020-06-20T13:59:00Z,15.341,84.804,1.0,29.707,3,33.27,3,1,D,2902283,78,1,A
2020-06-25T14:06:00Z,15.47,84.967,1.0,30.205,3,33.228,3,1,D,2902283,79,1,A
2020-06-30T14:43:54Z,15.5,85.009,1.0,30.312,3,33.364,3,1,D,2902283,80,1,A
2020-07-05T13:53:00Z,15.556,85.096,0.0,29.358,4,33.097,4,1,D,2902283,81,1,A
2020-07-10T14:36:48Z,15.471,85.178,1.0,29.416,3,33.065,3,1,D,2902283,82,1,A
2020-07-15T14:32:04Z,15.47,85.313,1.0,29.703,3,33.399,3,1,D,2902283,83,1,A
2020-07-20T13:54:00Z,15.417,85.455,1.0,29.836,3,33.232,3,1,D,2902283,84,1,A
2020-07-25T13:58:00Z,15.404,85.665,1.0,29.982,3,33.221,3,1,D,2902283,85,1,A
2020-07-30T15:09:58Z,15.519,85.931,1.0,30.348,3,33.237,3,1,D,2902283,86,1,A
2020-08-04T14:08:00Z,15.705,86.155,1.0,29.584,3,33.299,3,1,D,2902283,87,1,A
2020-08-09T14:53:31Z,15.873,86.365,1.0,29.387,3,33.339,3,1,D,2902283,88,1,A
2020-08-14T13:57:00Z,16.21,86.452,1.0,29.029,3,33.231,3,1,D,2902283,89,1,A
2020-08-19T13:56:00Z,16.503,86.55,1.0,28.756,3,33.162,3,1,D,2902283,90,1,A
2020-08-24T14:43:08Z,16.579,86.715,1.0,28.727,3,33.255,3,1,D,2902283,91,1,A
2020-08-29T14:48:59Z,16.481,86.851,1.0,28.851,3,32.599,3,1,D,2902283,92,1,A
2020-09-03T14:30:10Z,16.162,86.818,1.0,29.827,3,33.048,3,1,D,2902283,93,1,A
2020-09-08T13:51:00Z,15.84,86.654,1.0,30.153,3,32.962,3,1,D,2902283,94,1,A
2020-09-13T14:01:00Z,15.401,86.449,1.0,30.246,3,33.041,3,1,D,2902283,95,1,A
2020-09-18T13:56:00Z,15.005,86.289,1.0,29.74,3,32.959,3,1,D,2902283,96,1,A
2020-09-23T14:53:22Z,14.615,86.233,1.0,29.586,3,33.112,3,1,D,2902283,97,1,A
2020-09-28T14:50:07Z,14.339,86.251,1.0,29.319,3,33.072,3,1,D,2902283,98,1,A
2020-10-03T14:00:00Z,14.137,86.349,1.0,29.152,3,31.721,3,1,D,2902283,99,1,A
2020-10-08T13:56:00Z,14.15,86.478,1.0,29.971,3,31.951,3,1,D,2902283,100,1,A
2020-10-13T15:11:05Z,14.383,86.766,1.0,28.894,3,31.402,3,1,D,2902283,101,1,A
2020-10-18T14:03:00Z,14.598,87.131,1.0,29.376,3,31.5,3,1,D,2902283,102,1,A
2020-10-23T15:03:51Z,14.852,87.321,1.0,29.252,3,31.544,3,1,D,2902283,103,1,A
2020-10-28T14:06:00Z,15.091,87.457,1.0,29.619,3,31.674,3,1,D,2902283,104,1,A
2020-11-02T14:57:08Z,15.441,87.504,1.0,30.058,3,31.44,3,1,D,2902283,105,1,A
2020-11-07T14:03:00Z,15.743,87.476,1.0,29.607,3,32.78,3,1,D,2902283,106,1,A
2020-11-12T14:50:00Z,15.968,87.402,1.0,29.102,3,33.232,3,1,D,2902283,107,1,A
2020-11-17T13:59:00Z,16.108,87.309,1.0,29.203,3,33.28,3,1,D,2902283,108,1,A
2020-11-22T14:43:42Z,16.162,87.27,1.0,28.938,3,33.522,3,1,D,2902283,109,1,A
2020-11-27T14:39:46Z,16.238,87.303,1.0,28.585,3,33.24,3,1,D,2902283,110,1,A
2020-12-02T14:40:29Z,16.265,87.326,1.0,28.396,3,33.216,3,1,D,2902283,111,1,A
2020-12-07T13:56:00Z,16.3,87.453,1.0,28.437,3,33.53,3,1,D,2902283,112,1,A
2020-12-12T14:04:00Z,16.161,87.576,1.0,28.224,3,33.027,3,1,D,2902283,113,1,A
2020-12-17T13:57:00Z,16.041,87.764,1.0,28.275,3,32.915,3,1,D,2902283,114,1,A
2020-12-22T14:56:08Z,15.768,87.776,1.0,27.521,3,33.033,3,1,D,2902283,115,1,A
2020-12-27T14:05:00Z,15.419,87.839,1.0,27.521,3,33.033,3,1,D,2902283,116,1,A
2021-01-01T14:05:00Z,15.21,87.788,1.0,27.359,3,33.103,3,1,D,2902283,117,1,A
2021-01-06T14:59:49Z,15.157,87.759,1.0,27.79,3,33.159,3,1,D,2902283,118,1,A
2021-01-11T14:00:00Z,15.028,87.815,1.0,27.695,3,33.141,3,1,D,2902283,119,1,A
2021-01-16T13:55:00Z,14.952,87.858,1.0,27.637,3,33.115,3,1,D,2902283,120,1,A
2021-01-21T13:55:00Z,14.862,87.873,1.0,27.997,3,33.295,3,1,D,2902283,121,1,A
2021-01-26T14:00:00Z,14.835,87.862,1.0,27.574,3,33.365,3,1,D,2902283,122,1,A
2021-01-31T14:03:00Z,14.717,87.791,1.0,27.307,3,33.449,3,1,D,2902283,123,1,A
2021-02-05T14:03:00Z,14.631,87.847,1.0,27.616,3,33.944,3,1,D,2902283,124,1,A
2021-02-10T13:58:00Z,14.644,87.856,1.0,27.616,3,33.944,3,1,D,2902283,125,1,A
2021-02-15T14:52:11Z,14.655,87.801,1.0,27.056,3,33.697,3,1,D,2902283,126,1,A
2021-02-16T00:06:52Z,14.655,87.794,1.0,27.263,3,33.849,3,1,D,2902283,127,1,A
2021-02-25T13:57:00Z,14.672,87.765,1.0,27.641,3,33.364,3,1,D,2902283,128,1,A
2021-03-02T14:00:00Z,14.602,87.863,1.0,27.773,3,33.098,3,1,D,2902283,129,1,A
2021-03-07T14:40:02Z,14.487,87.913,1.0,29.019,3,33.021,3,1,D,2902283,130,1,A
2021-03-12T13:59:00Z,14.455,87.874,1.0,28.806,3,33.388,3,1,D,2902283,131,1,A
2021-03-17T14:10:00Z,14.417,87.831,1.0,28.779,3,33.428,3,1,D,2902283,132,1,A
2021-03-22T14:46:20Z,14.343,87.686,1.0,28.845,3,31.368,3,1,D,2902283,133,1,A
2021-03-27T14:57:59Z,14.236,87.665,1.0,29.16,3,31.297,3,1,D,2902283,134,1,A
2021-04-01T14:39:59Z,14.252,87.705,1.0,29.063,3,31.733,3,1,D,2902283,135,1,A
2021-04-06T14:50:57Z,14.194,87.66,1.0,29.458,3,31.861,3,1,D,2902283,136,1,A
2021-04-11T13:56:00Z,14.359,87.741,0.0,30.073,4,32.146,4,1,D,2902283,137,1,A
2021-04-16T14:01:00Z,14.428,87.762,1.0,29.755,3,31.864,3,1,D,2902283,138,1,A
2021-04-21T14:03:00Z,14.521,87.906,1.0,30.994,3,31.73,3,1,D,2902283,139,1,A
2021-04-26T14:07:00Z,14.534,87.989,1.0,30.617,3,31.85,3,1,D,2902283,140,1,A
2021-05-01T14:06:00Z,14.594,88.098,10.0,-1.97,4,32.229,4,1,D,2902283,141,1,A
2021-05-06T14:53:39Z,14.661,88.221,7.0,30.98,3,32.678,3,1,D,2902283,142,1,A
2021-05-11T14:55:44Z,14.585,88.229,3.0,-1.201,4,32.368,4,1,D,2902283,143,1,A
2021-05-16T14:05:00Z,14.49,88.2,25.0,29.969,3,32.713,3,1,D,2902283,144,1,A
2021-05-21T14:55:54Z,14.538,88.181,9.0,-1.814,4,32.243,4,1,D,2902283,145,1,A
2021-05-26T15:02:50Z,14.552,88.18,1.0,29.674,3,33.291,3,1,D,2902283,146,1,A
2021-05-31T14:01:00Z,14.522,88.247,1.0,30.282,3,33.032,3,1,D,2902283,147,1,A
2021-06-05T14:55:59Z,14.598,88.382,1.0,30.793,3,32.232,3,1,D,2902283,148,1,A
2021-06-10T14:07:00Z,14.606,88.425,1.0,30.213,3,32.684,3,1,D,2902283,149,1,A
2021-06-15T14:08:00Z,14.76,88.599,1.0,29.223,3,32.73,3,1,D,2902283,150,1,A
2021-06-20T15:03:51Z,14.894,88.695,1.0,29.233,3,32.762,3,1,D,2902283,151,1,A
2021-06-25T15:01:05Z,15.098,88.738,1.0,29.377,3,32.813,3,1,D,2902283,152,1,A
2021-06-30T14:07:00Z,15.288,88.741,1.0,29.52,3,32.569,3,1,D,2902283,153,1,A
2021-07-05T14:56:05Z,15.455,88.794,1.0,29.812,3,32.727,3,1,D,2902283,154,1,A
2021-07-10T15:25:34Z,15.473,88.877,1.0,29.574,3,32.638,3,1,D,2902283,155,1,A
2021-07-15T14:06:00Z,15.332,88.921,1.0,30.124,3,32.676,3,1,D,2902283,156,1,A
2021-07-20T14:12:00Z,15.151,88.818,1.0,29.495,3,32.721,3,1,D,2902283,157,1,A
2021-07-25T14:05:00Z,14.973,88.638,1.0,29.229,3,32.756,3,1,D,2902283,158,1,A
2021-07-30T14:10:00Z,14.96,88.436,1.0,29.206,3,33.115,3,1,D,2902283,159,1,A
2021-08-04T14:20:00Z,14.925,88.307,1.0,29.236,3,32.802,3,1,D,2902283,160,1,A
2021-08-09T15:31:37Z,14.802,88.171,1.0,29.585,3,32.633,3,1,D,2902283,161,1,A
2019-05-27T14:12:19Z,14.163,85.009,1.0,30.659,1,33.261,1,1,D,2902284,0,1,A
2019-06-01T13:55:00Z,14.084,85.14,2.0,30.658,3,33.413,3,1,D,2902284,1,1,A
2019-06-06T13:55:00Z,13.935,85.201,16.0,30.882,3,33.66,3,1,D,2902284,2,1,A
2019-06-11T13:54:00Z,13.799,85.123,1.0,30.353,3,33.425,3,1,D,2902284,3,1,A
2019-06-16T14:06:00Z,13.534,85.178,1.0,30.095,4,33.669,4,1,D,2902284,4,1,A
2019-06-21T13:58:00Z,13.483,85.139,1.0,29.711,4,33.45,4,1,D,2902284,5,1,A
2019-06-26T14:00:49Z,13.481,85.018,1.0,29.806,4,33.332,4,1,D,2902284,6,1,A
2019-07-01T14:08:00Z,13.533,84.978,1.0,29.426,4,33.534,4,1,D,2902284,7,1,A
2019-07-06T13:57:37Z,13.637,84.901,1.0,29.275,4,33.606,4,1,D,2902284,8,1,A
2019-07-11T14:17:20Z,13.767,84.77,1.0,29.284,4,33.636,4,1,D,2902284,9,1,A
2019-07-16T13:52:00Z,14.026,84.6,1.0,29.579,4,14.088,4,1,D,2902284,10,1,A
2019-07-21T13:53:00Z,14.249,84.445,1.0,29.674,4,33.361,4,1,D,2902284,11,1,A
2019-07-26T13:54:00Z,14.601,84.274,1.0,29.528,4,33.487,4,1,D,2902284,12,1,A
2019-07-31T13:57:00Z,14.869,84.132,1.0,29.162,4,33.464,4,1,D,2902284,13,1,A
2019-08-05T14:20:52Z,15.119,84.12,1.0,29.044,4,33.509,4,1,D,2902284,14,1,A
2019-05-29T14:01:00Z,13.734,84.14,1.0,30.655,4,33.247,4,4,D,2902285,0,1,A
2019-06-03T13:55:00Z,14.048,84.027,36.0,-2.0,4,33.825,4,1,D,2902285,1,1,A
2019-06-08T14:03:00Z,14.155,83.895,1.0,30.631,4,33.69,4,4,D,2902285,2,1,A
2019-06-13T13:57:00Z,14.255,83.868,1.0,30.631,4,33.69,4,4,D,2902285,3,1,A
2019-06-18T14:31:30Z,14.213,83.986,1.0,30.219,4,33.419,4,4,D,2902285,4,1,A
2019-06-23T14:26:40Z,14.086,84.082,1.0,29.857,4,33.55,4,4,D,2902285,5,1,A
2019-06-28T14:14:18Z,13.96,84.022,1.0,29.555,4,33.198,4,4,D,2902285,6,1,A
2019-07-03T14:06:12Z,13.776,84.121,1.0,29.462,4,33.634,4,4,D,2902285,7,1,A
2019-07-08T14:17:09Z,13.709,84.184,1.0,29.386,4,33.67,4,4,D,2902285,8,1,A
2019-07-13T10:33:00Z,13.654,84.215,1.0,29.375,4,33.622,4,4,D,2902285,9,1,A
2019-07-18T13:57:00Z,13.785,84.188,1.0,29.298,4,33.49,4,4,D,2902285,10,1,A
2019-07-23T14:00:00Z,13.919,84.056,1.0,29.438,4,33.368,4,4,D,2902285,11,1,A
2019-08-02T13:55:00Z,14.459,84.028,1.0,28.888,4,33.552,4,4,D,2902285,268,1,A
2019-08-07T14:09:22Z,14.618,84.061,1.0,28.85,4,33.465,4,4,D,2902285,271,1,A
2019-08-17T14:04:00Z,14.915,84.196,1.0,29.247,4,33.538,4,4,D,2902285,272,1,A
2019-08-22T14:00:00Z,15.031,84.134,1.0,29.11,4,33.461,4,4,D,2902285,273,1,A
2019-08-27T13:53:00Z,15.096,84.233,1.0,29.004,4,33.471,4,4,D,2902285,274,1,A
2019-09-01T14:11:24Z,15.106,84.298,1.0,28.836,4,33.479,4,4,D,2902285,275,1,A
2019-09-06T14:14:14Z,15.096,84.393,1.0,28.584,4,33.471,4,4,D,2902285,276,1,A
2019-09-11T14:00:51Z,15.178,84.495,1.0,28.706,4,33.494,4,4,D,2902285,277,1,A
2019-09-16T13:56:00Z,15.172,84.723,1.0,29.145,4,33.53,4,4,D,2902285,278,1,A
2019-09-21T14:06:43Z,15.095,84.96,0.0,29.849,4,33.058,4,4,D,2902285,279,1,A
2019-09-26T13:57:00Z,15.069,85.147,1.0,29.336,4,33.454,4,4,D,2902285,280,1,A
2019-10-01T14:08:00Z,15.187,85.276,1.0,29.404,4,33.468,4,4,D,2902285,281,1,A
2019-10-06T14:06:00Z,15.338,85.329,1.0,29.941,4,33.956,4,4,D,2902285,282,1,A
2019-10-11T13:50:00Z,15.463,85.543,2.0,30.73,4,32.864,4,4,D,2902285,283,1,A
2019-10-16T14:48:03Z,15.324,85.527,4.0,30.49,1,31.567,1,1,D,2902285,284,1,A
2019-10-21T13:55:00Z,15.21,85.398,6.0,29.543,1,30.807,1,1,D,2902285,285,1,A
2019-10-26T14:02:41Z,15.071,85.186,0.0,29.815,4,32.601,4,4,D,2902285,286,1,A
2019-10-31T13:54:00Z,14.751,85.153,0.0,29.883,4,32.052,4,4,D,2902285,287,1,A
2019-11-05T13:58:00Z,14.383,85.133,1.0,29.548,4,32.124,4,4,D,2902285,288,1,A
2019-11-10T13:54:00Z,14.241,85.118,1.0,29.322,4,32.943,4,4,D,2902285,289,1,A
2019-11-15T13:59:00Z,14.355,85.249,1.0,28.93,4,32.963,4,4,D,2902285,290,1,A
2019-11-20T14:24:17Z,14.638,85.283,1.0,29.051,4,32.943,4,4,D,2902285,291,1,A
2019-11-25T14:01:00Z,14.906,85.305,1.0,28.799,4,33.247,4,4,D,2902285,292,1,A
2019-11-30T14:05:00Z,15.052,85.323,1.0,28.911,4,33.519,4,4,D,2902285,293,1,A
2019-12-05T13:56:00Z,15.117,85.45,1.0,28.682,4,33.672,4,4,D,2902285,294,1,A
2019-12-10T14:02:00Z,15.092,85.446,1.0,28.325,4,33.65,4,4,D,2902285,295,1,A
2019-12-15T13:56:00Z,15.067,85.399,1.0,27.907,4,33.354,4,4,D,2902285,296,1,A
2019-12-20T14:06:52Z,14.998,85.303,1.0,26.925,4,31.556,4,4,D,2902285,297,1,A
2019-12-25T14:02:11Z,14.905,85.074,1.0,26.919,4,32.254,4,4,D,2902285,298,1,A
2019-12-30T13:56:38Z,14.741,84.924,1.0,27.106,4,33.168,4,4,D,2902285,299,1,A
2020-01-04T14:10:57Z,14.574,84.878,1.0,26.758,4,32.154,4,4,D,2902285,300,1,A
2020-01-09T13:58:00Z,14.349,84.865,1.0,26.742,4,32.162,4,4,D,2902285,301,1,A
2020-01-14T13:58:00Z,14.099,84.853,1.0,27.551,4,33.36,4,4,D,2902285,302,1,A
2020-01-19T13:54:00Z,14.027,84.8,1.0,27.241,4,32.739,4,4,D,2902285,303,1,A
2020-01-24T14:03:00Z,14.06,84.658,1.0,27.148,4,32.812,4,4,D,2902285,304,1,A
2020-01-29T14:00:00Z,14.146,84.479,1.0,27.273,4,32.715,4,4,D,2902285,305,1,A
2020-02-03T14:03:00Z,14.261,84.286,1.0,27.028,4,32.555,4,4,D,2902285,306,1,A
2020-02-08T14:36:30Z,14.334,84.01,1.0,27.646,4,32.565,4,4,D,2902285,307,1,A
2020-02-13T14:33:31Z,14.378,83.743,1.0,27.448,4,32.667,4,4,D,2902285,308,1,A
2020-02-18T13:59:00Z,14.44,83.608,1.0,27.544,4,32.711,4,4,D,2902285,309,1,A
2020-02-23T14:03:00Z,14.542,83.459,1.0,28.079,4,33.413,4,4,D,2902285,310,1,A
2020-02-28T13:56:00Z,14.709,83.256,1.0,27.631,4,32.969,4,4,D,2902285,311,1,A
2020-03-04T14:26:06Z,14.821,83.026,1.0,28.468,4,33.419,4,4,D,2902285,312,1,A
2020-03-09T14:06:37Z,14.825,82.784,1.0,28.623,4,32.84,4,4,D,2902285,313,1,A
2020-03-14T14:03:00Z,14.968,82.558,1.0,28.481,4,33.079,4,4,D,2902285,314,1,A
2020-03-19T14:05:00Z,15.069,82.337,1.0,29.083,4,33.282,4,4,D,2902285,315,1,A
2020-03-24T13:58:00Z,15.186,82.135,1.0,29.228,4,33.121,4,4,D,2902285,316,1,A
2020-03-29T13:58:00Z,15.206,81.92,1.0,29.513,4,33.55,4,4,D,2902285,317,1,A
2020-04-03T14:06:21Z,15.12,81.668,1.0,29.785,4,33.454,4,4,D,2902285,318,1,A
2020-04-08T13:56:00Z,15.069,81.541,1.0,29.824,4,33.712,4,4,D,2902285,319,1,A
2020-04-13T13:55:00Z,14.997,81.528,1.0,30.125,4,33.545,4,4,D,2902285,320,1,A
2020-04-18T13:54:00Z,14.962,81.554,1.0,29.915,4,33.429,4,4,D,2902285,321,1,A
2020-04-23T14:17:22Z,14.956,81.706,1.0,30.176,4,33.662,4,4,D,2902285,322,1,A
2020-04-28T13:54:00Z,14.954,82.114,1.0,30.5,4,33.502,4,4,D,2902285,323,1,A
2020-05-03T14:11:59Z,15.162,82.649,1.0,30.846,4,33.669,4,4,D,2902285,324,1,A
2020-05-08T13:56:00Z,15.301,83.03,1.0,31.065,4,33.908,4,4,D,2902285,325,1,A
2020-05-13T14:03:45Z,15.63,83.065,1.0,31.181,4,33.496,4,4,D,2902285,326,1,A
2020-05-18T13:57:00Z,15.846,82.93,1.0,30.66,4,33.917,4,4,D,2902285,327,1,A
2020-05-23T14:02:00Z,15.978,82.583,1.0,31.03,4,33.736,4,4,D,2902285,328,1,A
2020-05-28T14:23:04Z,16.02,82.063,1.0,30.502,4,33.628,4,4,D,2902285,329,1,A
2020-06-02T14:20:00Z,15.967,81.754,3.0,-1.998,4,33.651,4,4,D,2902285,330,1,A
2020-06-07T14:35:39Z,15.799,81.381,6.0,-2.033,4,33.817,4,1,D,2902285,331,1,A
2020-06-12T15:56:57Z,15.704,81.097,1.0,29.909,4,33.803,4,4,D,2902285,332,1,A
2020-06-17T14:15:00Z,15.538,80.876,1.0,30.068,4,33.587,4,4,D,2902285,333,1,A
2020-06-22T14:12:00Z,15.819,81.498,1.0,29.897,4,33.22,4,4,D,2902285,334,1,A
2020-06-27T14:18:00Z,16.012,81.819,1.0,30.488,4,33.375,4,4,D,2902285,335,1,A
2020-07-02T14:18:04Z,16.163,82.153,1.0,29.818,4,33.267,4,4,D,2902285,336,1,A
2020-07-07T14:19:00Z,16.339,82.475,1.0,28.675,4,33.574,4,4,D,2902285,337,1,A
2020-07-12T13:52:00Z,16.114,82.444,1.0,29.198,4,33.06,4,4,D,2902285,338,1,A
2020-07-17T13:59:00Z,15.72,82.312,1.0,29.326,4,32.9,4,4,D,2902285,339,1,A
2020-07-22T13:52:00Z,15.54,82.252,1.0,29.769,4,33.255,4,4,D,2902285,340,1,A
2020-07-27T13:57:00Z,15.423,82.283,1.0,30.111,4,33.182,4,4,D,2902285,341,1,A
2020-08-01T13:58:00Z,15.361,82.357,1.0,30.333,4,33.251,4,4,D,2902285,342,1,A
2020-08-06T14:04:00Z,15.237,82.505,1.0,29.541,4,33.347,4,4,D,2902285,343,1,A
2020-08-11T14:00:00Z,15.202,82.737,1.0,29.324,4,33.274,4,4,D,2902285,344,1,A
2020-08-16T14:37:18Z,15.126,82.92,1.0,28.827,4,33.284,4,4,D,2902285,345,1,A
2020-08-21T14:34:34Z,15.139,83.115,1.0,28.664,4,33.374,4,4,D,2902285,346,1,A
2020-08-26T13:58:00Z,15.256,83.144,1.0,28.714,4,32.892,4,4,D,2902285,347,1,A
2020-08-31T13:55:00Z,15.145,83.169,1.0,29.709,4,33.711,4,4,D,2902285,348,1,A
2020-09-05T13:52:00Z,15.243,83.186,1.0,30.353,4,33.499,4,4,D,2902285,349,1,A
2020-09-10T13:57:00Z,15.348,82.887,1.0,30.425,4,33.397,4,4,D,2902285,350,1,A
2020-09-15T14:01:00Z,15.526,82.652,1.0,29.45,4,33.32,4,4,D,2902285,351,1,A
2020-09-20T14:03:00Z,15.591,82.4,1.0,29.115,4,33.213,4,4,D,2902285,352,1,A
2020-09-25T14:06:00Z,15.6,82.226,1.0,29.377,4,33.182,4,4,D,2902285,353,1,A
2020-09-30T14:07:00Z,15.608,82.143,1.0,29.242,4,33.166,4,4,D,2902285,354,1,A
2020-10-05T13:58:00Z,15.616,82.008,1.0,29.045,4,32.104,4,4,D,2902285,355,1,A
2020-10-10T14:12:00Z,15.644,81.729,1.0,29.372,4,33.245,4,4,D,2902285,356,1,A
2020-10-15T14:19:00Z,15.689,81.623,4.0,29.715,1,23.693,4,1,D,2902285,357,1,A
2020-10-20T14:38:00Z,15.186,80.76,9.0,29.987,1,27.204,4,1,D,2902285,358,1,A
2020-10-25T14:19:00Z,14.5,80.443,5.0,29.839,1,28.99,4,1,D,2902285,359,1,A
2020-10-30T14:01:00Z,13.796,80.635,9.0,29.143,1,30.648,4,1,D,2902285,360,1,A
2020-11-04T15:01:56Z,12.429,80.606,2.0,29.786,4,30.409,4,4,D,2902285,361,1,A
2020-11-09T13:53:00Z,11.716,80.321,1.0,29.353,4,31.45,4,4,D,2902285,362,1,A
2020-11-14T14:18:00Z,11.215,80.399,1.0,29.196,4,32.701,4,4,D,2902285,363,1,A
2020-11-19T14:25:00Z,11.147,80.13,7.0,28.957,1,28.244,4,1,D,2902285,364,1,A
2020-11-24T14:25:00Z,10.56,80.232,1.0,28.308,4,27.282,4,4,D,2902285,365,1,A
2020-11-29T14:34:00Z,9.54,80.844,1.0,28.42,4,29.562,4,4,D,2902285,366,1,A
2020-12-04T15:02:17Z,9.156,81.091,1.0,27.73,4,27.714,4,4,D,2902285,367,1,A
2020-12-09T14:04:00Z,8.769,81.297,5.0,27.779,1,28.387,4,1,D,2902285,368,1,A
2020-12-14T14:26:00Z,8.418,81.388,11.0,27.922,4,30.779,4,4,D,2902285,369,1,A
2021-03-05T12:35:23Z,9.965,88.668,1.0,28.619,4,33.582,4,4,D,2902291,0,1,A
2021-03-10T14:43:39Z,10.108,88.484,1.0,28.981,4,33.405,4,4,D,2902291,1,1,A
2019-11-25T14:33:19Z,7.994542,89.485023,36.88,28.8725,1,33.3997,4,1,D,2902294,1,1,A
2019-12-10T19:48:08Z,7.935205,89.786613,57.67,28.4308,1,33.1113,1,1,D,2902294,4,1,A
2019-12-15T21:27:11Z,7.931352,89.713707,48.89,28.441,1,33.8019,4,1,D,2902294,5,1,A
2020-01-05T05:45:38Z,8.56137,89.33741,52.3,27.4177,1,33.2434,1,1,D,2902294,9,1,A
2020-01-30T17:58:22Z,8.254811,89.125969,29.9,28.0153,1,32.8536,1,1,D,2902294,14,1,A
2020-02-04T20:24:27Z,8.082976,88.965622,50.05,28.2262,1,33.9016,1,1,D,2902294,15,1,A
2020-02-09T21:21:55Z,7.949757,88.803032,32.34,28.2671,1,33.6653,1,1,D,2902294,16,1,A
2020-02-14T22:15:24Z,7.860025,88.681564,8.24,28.1638,1,33.3105,1,1,D,2902294,17,1,A
2020-02-19T23:14:17Z,7.869963,88.534042,62.34,27.769,1,33.7676,1,1,D,2902294,18,1,A
2020-03-01T01:11:43Z,8.072985,88.393356,4.41,28.778,1,33.7035,1,1,D,2902294,20,1,A
2020-03-06T02:28:58Z,8.054693,88.4655,46.44,28.7453,1,33.7175,1,1,D,2902294,21,1,A
2020-03-11T03:51:29Z,8.032,88.594322,52.9,28.0178,1,33.5437,1,1,D,2902294,22,1,A
2020-03-16T05:15:06Z,7.95407,88.750908,52.28,27.8502,1,34.1302,1,1,D,2902294,23,1,A
2020-03-21T06:46:24Z,7.925622,88.912621,28.76,29.8117,1,34.4226,1,1,D,2902294,24,1,A
2020-06-06T05:06:12Z,8.435695,88.8414,47.81,28.644,1,34.1348,1,1,D,2902294,39,1,A
2020-06-11T07:31:28Z,8.173027,88.742844,4.8,29.3589,1,33.6303,1,1,D,2902294,40,1,A
2020-06-16T08:55:15Z,7.900957,88.530426,36.45,29.5189,1,33.6637,1,1,D,2902294,41,1,A
2020-06-21T10:06:45Z,7.675645,88.293594,20.61,29.5998,1,33.9771,1,1,D,2902294,42,1,A
2020-06-26T11:06:43Z,7.477465,87.94754,4.31,29.4115,1,33.8223,1,1,D,2902294,43,1,A
2020-07-01T12:54:51Z,7.373598,87.630928,38.48,27.4332,1,33.9299,1,1,D,2902294,44,1,A
2020-07-06T13:34:46Z,7.348038,87.281952,2.39,29.3134,1,33.9964,1,1,D,2902294,45,1,A
2020-07-11T14:31:40Z,7.32844,87.010315,4.32,29.189,1,33.982,1,1,D,2902294,46,1,A
2020-07-16T15:48:06Z,7.2505,86.746117,32.21,29.2334,1,33.7795,1,1,D,2902294,47,1,A
2020-07-21T16:53:08Z,7.067237,86.413338,4.34,29.246,1,33.8262,1,1,D,2902294,48,1,A
2020-07-26T18:00:26Z,6.894577,86.094139,34.02,29.085,1,33.7683,1,1,D,2902294,49,1,A
2020-08-05T20:14:52Z,6.498767,85.665962,4.29,28.3344,1,34.4094,1,1,D,2902294,51,1,A
2020-08-10T21:13:14Z,6.294227,85.67112,2.86,28.5542,1,34.2451,1,1,D,2902294,52,1,A
2020-08-20T23:08:14Z,6.467138,86.245918,4.26,29.0448,1,34.3731,1,1,D,2902294,54,1,A
2020-08-26T00:26:43Z,6.793408,86.581177,46.81,29.1313,1,33.9196,1,1,D,2902294,55,1,A
2020-08-31T01:53:18Z,7.070162,86.87117,54.77,29.2027,1,34.1202,1,1,D,2902294,56,1,A
2020-09-05T02:56:13Z,7.034848,87.030037,34.9,29.1972,1,34.0616,1,1,D,2902294,57,1,A
2020-09-10T04:49:45Z,6.91839,87.273682,64.38,29.2061,1,34.2263,1,1,D,2902294,58,1,A
2020-09-15T06:13:48Z,6.877362,87.521942,40.78,28.8869,1,33.914,1,1,D,2902294,59,1,A
2020-09-20T07:32:02Z,7.0945,87.724426,34.94,28.6567,1,33.7575,1,1,D,2902294,60,1,A
2020-09-25T08:22:35Z,7.38118,88.00013,4.32,29.0371,1,33.7511,1,1,D,2902294,61,1,A
2020-09-30T09:12:52Z,7.496877,88.268204,22.52,28.8237,1,33.4872,1,1,D,2902294,62,1,A
2020-10-10T11:13:36Z,7.685395,88.464363,4.65,28.8062,1,33.7578,1,1,D,2902294,64,1,A
2020-10-20T13:38:47Z,7.713163,88.336502,4.33,28.7349,1,34.0159,1,1,D,2902294,66,1,A
2020-10-25T15:00:23Z,7.680912,88.255562,28.85,28.6947,1,33.9512,1,1,D,2902294,67,1,A
2020-10-30T15:47:37Z,7.606938,88.167519,4.3,28.8877,1,34.2792,1,1,D,2902294,68,1,A
2020-11-04T16:46:08Z,7.57063,88.140312,4.16,29.3125,1,34.0417,1,1,D,2902294,69,1,A
2020-11-09T16:50:27Z,7.554143,88.090088,4.13,29.4229,1,34.4137,1,1,D,2902294,70,1,A
2020-11-14T17:44:15Z,7.579113,88.066833,4.27,30.1828,1,34.4861,1,1,D,2902294,71,1,A
2020-11-19T18:28:05Z,7.669577,88.0578,4.16,28.9918,1,34.0923,1,1,D,2902294,72,1,A
2020-11-24T19:22:43Z,7.781545,88.083328,4.37,28.9322,1,33.6259,1,1,D,2902294,73,1,A
2020-11-29T20:43:59Z,7.852557,88.132698,16.55,28.6197,1,33.8536,1,1,D,2902294,74,1,A
2020-12-04T21:42:37Z,7.917195,88.127487,4.24,28.7475,1,33.8804,1,1,D,2902294,75,1,A
2020-12-09T22:36:00Z,8.01553,88.186104,4.14,28.7938,1,33.8401,1,1,D,2902294,76,1,A
2020-12-14T23:17:16Z,8.065735,88.261475,2.49,28.6292,1,33.798,1,1,D,2902294,77,1,A
2020-12-20T00:11:35Z,8.168905,88.359825,4.17,28.4392,1,33.8392,1,1,D,2902294,78,1,A
2020-12-25T00:59:33Z,8.271472,88.498138,4.2,28.3573,1,34.0972,1,1,D,2902294,79,1,A
2020-12-30T02:00:17Z,8.314662,88.62767,4.46,28.6777,1,34.0111,1,1,D,2902294,80,1,A
2021-01-04T02:50:18Z,8.295415,88.794151,4.26,28.6935,1,33.7809,1,1,D,2902294,81,1,A
2021-01-09T04:02:49Z,8.265368,88.980881,52.04,29.0125,1,34.3703,1,1,D,2902294,82,1,A
2021-01-14T04:59:30Z,8.288103,89.129944,4.27,28.8974,1,34.0471,1,1,D,2902294,83,1,A
2021-01-19T06:32:14Z,8.27875,89.324013,80.9,27.8936,1,34.5094,1,1,D,2902294,84,1,A
2021-01-24T08:05:11Z,8.381713,89.478653,56.56,28.2864,1,33.5603,1,1,D,2902294,85,1,A
2021-01-29T09:14:39Z,8.50872,89.660179,4.44,28.7921,1,33.5438,1,1,D,2902294,86,1,A
2021-02-03T10:31:47Z,8.511235,89.867561,32.09,28.453,1,33.5222,1,1,D,2902294,87,1,A
2021-02-08T11:33:17Z,8.255785,90.010948,4.23,28.7526,1,33.7735,1,1,D,2902294,88,1,A
2021-02-13T12:25:32Z,7.93199,90.058792,14.08,28.2141,1,33.2928,1,1,D,2902294,89,1,A
2021-02-18T13:19:19Z,7.669877,90.067108,32.06,28.5468,1,33.6094,1,1,D,2902294,90,1,A
2021-02-23T14:27:56Z,7.527972,90.050911,20.96,29.1512,1,33.5371,1,1,D,2902294,91,1,A
2021-02-28T15:40:02Z,7.568,90.093,44.33,28.9181,1,33.4809,1,1,D,2902294,92,8,A
2021-03-05T19:02:31Z,7.607,90.136,72.2,28.4135,1,33.788,1,1,D,2902294,93,8,A
2021-03-10T22:09:06Z,7.646,90.179,78.86,28.0306,1,34.1654,1,1,D,2902294,94,8,A
2021-03-16T01:18:52Z,7.685,90.222,26.37,29.2611,1,33.2583,1,1,D,2902294,95,8,A
2021-03-21T04:32:51Z,7.724,90.265,22.15,29.3708,1,33.2864,1,1,D,2902294,96,8,A
2021-03-26T07:31:10Z,7.763,90.308,62.35,26.3165,1,33.7404,1,1,D,2902294,97,8,A
2021-03-31T10:54:09Z,7.803,90.351,24.52,28.8219,1,33.0719,1,1,D,2902294,98,8,A
2021-04-05T14:13:24Z,7.842,90.394,46.55,28.5336,1,33.386,1,1,D,2902294,99,8,A
2021-04-10T17:30:22Z,7.881,90.438,64.38,25.7547,1,34.2197,1,1,D,2902294,100,8,A
2021-04-15T20:54:34Z,7.92,90.481,42.5,28.4421,1,33.4039,1,1,D,2902294,101,8,A
2021-04-20T23:56:38Z,7.959,90.524,42.74,27.9481,1,33.5665,1,1,D,2902294,102,8,A
2021-04-26T03:23:23Z,7.998,90.567,36.85,28.4929,1,33.3349,1,1,D,2902294,103,8,A
2021-05-01T06:35:39Z,8.038,90.61,52.47,28.3504,1,33.9783,1,1,D,2902294,104,8,A
2021-05-06T09:54:58Z,8.077028,90.653099,28.27,29.827,1,34.0863,1,1,D,2902294,105,1,A
2021-05-11T12:42:45Z,7.947363,90.618393,34.8,29.7138,1,33.7582,1,1,D,2902294,106,1,A
2021-05-16T15:06:06Z,7.858,90.632,72.61,28.3198,1,34.4101,1,1,D,2902294,107,8,A
2021-05-21T17:51:39Z,7.766895,90.644882,40.43,29.9148,1,34.0261,1,1,D,2902294,108,1,A
2021-05-26T19:37:29Z,7.807315,90.781464,4.33,29.9062,1,33.8069,1,1,D,2902294,109,1,A
2021-05-31T20:29:56Z,7.86009,90.935715,4.41,29.8422,1,33.6832,1,1,D,2902294,110,1,A
2021-06-05T21:18:39Z,8.032363,91.203979,6.21,29.9287,1,33.513,1,1,D,2902294,111,1,A
2021-06-10T22:19:43Z,7.895833,91.441658,4.4,29.4738,1,33.4139,1,1,D,2902294,112,1,A
2021-06-15T23:58:43Z,7.764308,91.688545,32.09,29.4625,1,33.7024,1,1,D,2902294,113,1,A
2021-06-21T01:50:56Z,7.413693,91.870247,44.85,29.455,1,33.7888,1,1,D,2902294,114,1,A
2021-06-26T03:43:41Z,7.465,91.862,198.01,16.8469,4,34.8788,4,4,D,2902294,115,8,A
2021-07-01T06:57:49Z,7.517,91.854,66.18,28.8271,1,33.7876,1,1,D,2902294,116,8,A
2021-07-06T10:01:08Z,7.569,91.845,72.95,28.8971,1,33.8804,1,1,D,2902294,117,8,A
2021-07-11T12:57:44Z,7.62146,91.836647,62.9,29.2548,1,33.8469,1,1,D,2902294,118,1,A
2021-07-16T15:10:23Z,7.576,91.782,64.77,28.3885,1,34.4634,1,1,D,2902294,119,8,A
2021-07-21T17:59:09Z,7.534845,91.724319,57.83,29.1744,1,34.3319,1,1,D,2902294,120,1,A
2021-07-31T22:46:17Z,7.549284,91.506912,59.99,29.0917,1,33.9164,1,1,D,2902294,122,1,A
2021-08-11T01:20:25Z,7.506368,91.277496,4.39,28.9815,1,33.992,1,1,D,2902294,124,1,A
2021-08-16T02:12:32Z,7.513798,91.195526,4.34,28.7749,1,34.0568,1,1,D,2902294,125,1,A
2021-08-26T03:55:38Z,7.584303,91.04454,4.27,28.9868,1,34.0028,1,1,D,2902294,127,1,A
2021-08-31T05:11:35Z,7.625862,90.877304,34.69,28.7688,1,33.7483,1,1,D,2902294,128,1,A
2021-09-10T07:33:03Z,7.699577,90.598152,54.46,28.6487,1,33.7714,1,1,D,2902294,130,1,A
2021-09-15T09:23:45Z,7.767406,90.386505,82.95,28.6748,1,33.9907,1,1,D,2902294,131,1,A
2021-09-20T10:37:01Z,7.764662,90.270012,52.17,28.7388,1,33.767,1,1,D,2902294,132,1,A
2021-10-05T15:10:37Z,7.408556,90.280212,53.87,28.6007,1,33.7049,1,1,D,2902294,135,1,A
2021-10-10T18:09:18Z,7.205835,90.275246,34.3,28.7085,1,33.1494,1,1,D,2902294,136,1,A
2021-10-15T19:54:11Z,7.263597,90.176781,46.58,27.0462,1,34.3962,1,1,D,2902294,137,1,A
2021-10-31T00:12:17Z,6.83335,90.643936,66.23,28.6279,1,33.843,1,1,D,2902294,140,1,A
2021-11-05T02:25:23Z,6.714,90.577,80.89,27.8911,1,33.7285,1,1,D,2902294,141,8,A
2021-11-10T05:37:12Z,6.590433,90.507233,60.55,28.8176,1,33.9277,1,1,D,2902294,142,1,A
2021-11-15T08:03:10Z,6.51891,90.466347,67.0,29.0916,1,34.7055,1,1,D,2902294,143,1,A
2021-11-20T09:04:34Z,6.459145,90.508904,54.8,28.6395,1,34.2018,1,1,D,2902294,144,1,A
2021-11-25T10:18:55Z,6.540922,90.62925,28.41,28.6492,1,34.1036,1,1,D,2902294,145,1,A
2021-11-30T11:48:08Z,6.603463,90.802864,42.79,28.7172,1,34.2642,1,1,D,2902294,146,1,A
2021-12-05T12:50:11Z,6.669915,91.010567,30.14,28.755,1,34.2087,1,1,D,2902294,147,1,A
2021-12-10T13:37:07Z,6.68919,91.27787,4.42,28.6739,1,34.0228,1,1,D,2902294,148,1,A
2021-12-15T15:00:24Z,6.621115,91.447044,32.73,28.7676,1,33.7316,1,1,D,2902294,149,1,A
2021-12-20T16:12:41Z,6.507524,91.630058,50.94,28.1241,1,33.9177,1,1,D,2902294,150,1,A
2021-12-25T18:00:04Z,6.564,91.707,52.37,28.7975,1,33.541,1,1,D,2902294,151,8,A
2021-12-30T20:52:19Z,6.62,91.785,56.66,28.811,1,33.8245,1,1,D,2902294,152,8,A
2022-01-05T00:02:40Z,6.677,91.864,74.93,28.6273,1,34.1455,1,1,D,2902294,153,8,A
2022-01-10T03:16:10Z,6.733,91.944,70.3,28.5957,1,33.355,1,1,D,2902294,154,8,A
2022-01-15T06:00:00Z,6.789217,92.022652,79.72,27.0047,1,33.8744,1,1,D,2902294,155,1,A
2022-01-20T07:55:54Z,6.808,91.92,36.73,28.5221,1,33.1555,1,1,D,2902294,156,8,A
2022-01-25T11:19:19Z,6.821,91.818,87.93,27.7213,1,33.5413,1,1,D,2902294,157,8,A
2022-01-30T14:21:07Z,6.834,91.716,82.47,26.4569,1,33.8653,1,1,D,2902294,158,8,A
2022-02-04T17:30:12Z,6.847,91.614,54.28,28.5029,1,33.352,1,1,D,2902294,159,8,A
2022-02-09T20:48:07Z,6.861,91.512,68.59,27.4817,1,33.723,1,1,D,2902294,160,8,A
2022-02-15T00:00:34Z,6.874,91.41,74.55,26.922,1,33.8173,1,1,D,2902294,161,8,A
2022-02-20T02:49:57Z,6.887,91.308,78.01,25.4823,1,33.9604,1,1,D,2902294,162,8,A
2022-02-25T06:11:21Z,6.9,91.206,46.3,28.3561,1,33.411,1,1,D,2902294,163,8,A
2022-03-02T09:25:00Z,6.914,91.104,54.69,28.0117,1,33.7817,1,1,D,2902294,164,8,A
2022-03-07T12:17:21Z,6.927065,91.001755,20.79,29.5514,1,34.3274,1,1,D,2902294,165,1,A
2022-03-17T16:07:26Z,6.945,90.913,46.53,29.1497,1,34.2833,1,1,D,2902294,167,8,A
2022-03-22T19:04:07Z,7.028,90.975,6.45,28.7687,1,32.9506,1,1,D,2902294,168,8,A
2022-03-27T22:26:39Z,7.11,91.036,42.78,27.6763,1,33.4532,1,1,D,2902294,169,8,A
2022-04-02T01:29:09Z,7.193,91.098,64.82,26.7889,1,33.5104,1,1,D,2902294,170,8,A
2022-04-07T04:47:06Z,7.276,91.159,64.45,27.5589,1,34.205,1,1,D,2902294,171,8,A
2022-04-12T07:51:03Z,7.359,91.221,26.12,29.4192,1,33.8204,1,1,D,2902294,172,8,A
2022-04-17T11:11:19Z,7.442,91.282,40.77,29.7762,1,33.9443,1,1,D,2902294,173,8,A
2022-04-22T13:53:17Z,7.524,91.343,20.91,30.495,1,33.7668,1,1,D,2902294,174,8,A
2022-04-27T17:09:38Z,7.607,91.405,60.92,30.0034,1,34.6833,1,1,D,2902294,175,8,A
2022-05-02T20:21:28Z,7.69,91.466,54.74,28.1087,1,33.885,1,1,D,2902294,176,8,A
2022-05-07T23:28:12Z,7.773203,91.528412,26.72,30.1877,1,34.2664,1,1,D,2902294,177,1,A
2022-05-13T02:22:12Z,7.707178,91.451706,16.53,29.9353,1,33.6143,1,1,D,2902294,178,1,A
2022-05-18T03:54:45Z,7.62489,91.414726,56.38,28.2114,1,34.1328,1,1,D,2902294,179,1,A
2022-05-23T05:09:07Z,7.444477,91.322815,4.92,29.8297,1,34.0563,1,1,D,2902294,180,1,A
2022-05-28T06:35:10Z,7.23607,91.179802,56.43,29.7253,1,34.0327,1,1,D,2902294,181,1,A
2022-06-02T08:04:53Z,7.105683,91.074226,70.43,29.283,1,33.971,1,1,D,2902294,182,1,A
2022-06-07T09:54:36Z,7.026042,90.984062,52.07,29.0969,1,33.9393,1,1,D,2902294,183,1,A
2022-06-12T11:25:50Z,7.073727,90.947693,14.68,29.2931,1,33.8552,1,1,D,2902294,184,1,A
2022-06-17T12:53:20Z,7.186017,90.88736,55.73,29.259,1,34.0089,1,1,D,2902294,185,1,A
2022-06-22T14:02:33Z,7.30434,90.89315,52.34,29.1484,1,33.8301,1,1,D,2902294,186,1,A
2022-06-27T15:19:02Z,7.347103,90.861122,40.85,29.1012,1,33.7186,1,1,D,2902294,187,1,A
2022-07-02T16:43:26Z,7.423377,90.849884,52.13,29.346,1,33.8736,1,1,D,2902294,188,1,A
2022-07-07T18:03:33Z,7.422382,90.818115,4.3,28.9435,1,33.6552,1,1,D,2902294,189,1,A
2022-07-12T19:02:11Z,7.356418,90.799896,4.33,28.8762,1,33.8847,1,1,D,2902294,190,1,A
2022-07-17T20:10:06Z,7.233953,90.78508,4.23,28.9795,1,33.9732,1,1,D,2902294,191,1,A
2022-07-22T21:35:19Z,7.090997,90.737541,72.42,25.209,1,34.2265,1,1,D,2902294,192,1,A
2022-07-27T22:46:45Z,6.85734,90.748665,44.8,28.7031,1,33.9057,1,1,D,2902294,193,1,A
2022-08-01T23:43:40Z,6.729678,90.764313,50.0,28.4763,1,33.8334,1,1,D,2902294,194,1,A
2022-08-07T00:56:06Z,6.63847,90.763077,58.93,28.1938,1,33.747,1,1,D,2902294,195,1,A
2022-08-12T02:14:59Z,6.652047,90.826714,4.23,28.4195,1,33.7372,1,1,D,2902294,196,1,A
2022-08-17T03:36:03Z,6.835853,90.889816,46.84,28.4223,1,33.9881,1,1,D,2902294,197,1,A
2022-08-22T05:00:53Z,7.118402,90.903656,26.77,28.6716,1,34.1479,1,1,D,2902294,198,1,A
2022-08-27T05:54:22Z,7.427792,90.932457,58.9,28.6272,1,34.3279,1,1,D,2902294,199,1,A
2022-09-01T06:35:07Z,7.689515,91.027336,24.36,28.8117,1,33.9656,4,1,D,2902294,200,1,A
2022-09-06T07:43:10Z,7.934377,91.150421,46.66,28.3206,1,33.572,1,1,D,2902294,201,1,A
2022-09-11T09:20:15Z,8.03887,91.29348,44.18,27.2119,1,33.9589,4,1,D,2902294,202,1,A
2022-09-16T10:05:18Z,7.988377,91.430504,4.33,29.0395,1,33.3511,1,1,D,2902294,203,1,A
2022-09-21T11:33:34Z,7.91892,91.405037,44.16,28.8047,1,33.4507,1,1,D,2902294,204,1,A
2022-09-26T12:51:45Z,7.83143,91.353554,11.0,28.9432,1,33.4702,1,1,D,2902294,205,1,A
2022-10-01T14:10:35Z,7.695728,91.270508,52.14,28.6957,1,33.819,1,1,D,2902294,206,1,A
2022-10-06T15:40:13Z,7.610693,91.272537,38.95,28.5492,1,33.9962,1,1,D,2902294,207,1,A
2022-10-11T17:03:34Z,7.654685,91.212715,50.72,28.615,1,33.9119,1,1,D,2902294,208,1,A
2022-10-21T19:36:03Z,7.74831,91.075249,4.66,28.5754,1,33.7928,1,1,D,2902294,210,1,A
2022-11-05T23:03:16Z,7.946973,90.825012,40.65,28.3871,1,33.7451,1,1,D,2902294,213,1,A
2022-11-11T00:44:02Z,7.927844,90.713898,24.97,28.5872,1,33.2797,1,1,D,2902294,214,1,A
2022-11-16T01:51:58Z,7.8466,90.627563,50.73,28.4387,1,33.6859,1,1,D,2902294,215,1,A
2022-11-21T03:03:00Z,7.677,90.488,64.42,27.8908,1,33.6499,1,1,D,2902294,216,8,A
2022-11-26T06:00:34Z,7.503437,90.345154,58.55,28.588,1,33.892,1,1,D,2902294,217,1,A
2022-12-01T07:56:31Z,7.234,90.188,52.06,28.1607,1,33.651,1,1,D,2902294,218,8,A
2022-12-06T10:42:30Z,6.961,90.031,16.86,28.8498,1,33.1515,1,1,D,2902294,219,8,A
2022-12-11T13:29:25Z,6.687422,89.873268,18.01,28.6104,1,33.3484,1,1,D,2902294,220,1,A
2022-12-16T15:08:32Z,6.597971,89.832878,4.43,28.3298,1,33.4679,1,1,D,2902294,221,1,A
2022-12-21T15:49:41Z,6.707475,89.857567,2.61,28.1096,1,34.0737,1,1,D,2902294,222,1,A
2022-12-26T16:15:30Z,6.854993,89.913574,3.99,28.2768,1,34.2021,1,1,D,2902294,223,1,A
2022-12-31T13:04:36Z,6.940405,89.98391,4.26,28.4193,1,34.2533,1,1,D,2902294,224,1,A
2023-01-05T14:25:46Z,6.981966,90.029938,18.91,28.3223,1,34.3477,1,1,D,2902294,225,1,A
2023-01-10T15:19:10Z,6.898314,90.011238,4.23,28.3437,1,34.2498,1,1,D,2902294,226,1,A
2023-01-15T16:22:47Z,6.792287,89.933372,32.64,28.3183,1,34.2505,1,1,D,2902294,227,1,A
2023-01-25T18:39:31Z,6.770216,89.851738,8.94,28.3703,1,33.4074,1,1,D,2902294,229,1,A
2023-01-30T19:19:50Z,6.850772,89.808449,4.38,28.1123,1,33.3834,1,1,D,2902294,230,1,A
2023-02-09T22:30:42Z,7.13762,89.803734,50.98,28.0795,1,33.7708,1,1,D,2902294,232,1,A
2023-02-15T00:02:54Z,7.29338,89.856567,32.76,28.6566,1,33.6376,1,1,D,2902294,233,1,A
2023-02-20T01:09:26Z,7.437565,89.890556,40.62,28.4258,1,33.9401,1,1,D,2902294,234,1,A
2023-02-25T02:02:39Z,7.467847,89.926056,4.27,28.7314,1,34.0154,1,1,D,2902294,235,1,A
2023-03-02T03:22:37Z,7.49788,89.915047,46.43,28.6451,1,34.1744,1,1,D,2902294,236,1,A
2023-03-07T03:57:39Z,7.538918,89.855072,4.21,28.5817,1,34.2305,1,1,D,2902294,237,1,A
2023-03-12T05:10:12Z,7.559662,89.802628,62.52,28.6835,1,34.3669,1,1,D,2902294,238,1,A
2023-03-17T06:59:10Z,7.621573,89.711533,48.11,28.4814,1,33.9542,1,1,D,2902294,239,1,A
2023-03-27T09:33:01Z,7.696832,89.723106,64.31,27.4618,1,33.9553,1,1,A,2902294,241,1,A
2023-09-21T14:23:28Z,12.35,88.93333333333334,0.2,29.114,1,33.288,1,1,D,2903891,1,1,A
2023-10-01T14:12:02Z,12.566666666666666,89.05,0.1,28.678,1,32.867,1,1,D,2903891,2,1,A
2023-10-11T13:57:49Z,12.666666666666666,89.16666666666667,0.2,29.557,1,32.667,1,1,D,2903891,3,1,A
2023-10-21T14:15:14Z,12.633333333333333,89.31666666666666,0.2,29.233,1,32.846,1,1,D,2903891,4,1,A
2023-10-31T14:15:33Z,12.516666666666667,89.58333333333333,0.1,29.874,1,32.076,1,1,D,2903891,5,1,A
2023-11-10T14:12:19Z,12.35,89.91666666666667,0.2,29.899,1,32.053,1,1,D,2903891,6,1,A
2023-11-20T14:05:25Z,12.566666666666666,90.11666666666666,0.1,29.333,1,32.393,1,1,D,2903891,7,1,A
2023-11-30T15:00:06Z,12.566666666666666,90.11666666666666,0.3,29.276,1,32.378,1,1,D,2903891,8,1,A
2023-12-10T14:11:27Z,13.033333333333333,90.33333333333333,0.2,29.2,1,32.5,1,1,D,2903891,9,1,A
2023-12-20T14:11:25Z,13.1,90.23333333333333,0.2,29.072,1,32.449,1,1,D,2903891,10,1,A
2023-12-30T14:18:50Z,13.1,90.13333333333334,0.3,28.714,1,32.181,1,1,D,2903891,11,1,A
2024-01-09T14:17:08Z,13.066666666666666,89.98333333333333,0.2,28.521,4,32.217,4,4,D,2903891,12,1,A
2024-01-19T14:09:26Z,12.933333333333334,89.81666666666666,0.4,28.467,1,32.26,1,1,D,2903891,13,1,A
2024-01-29T15:12:36Z,12.933333333333334,89.81666666666666,0.3,28.089,1,32.4,1,1,D,2903891,14,1,A
2024-02-08T14:47:12Z,12.933333333333334,89.81666666666666,0.1,28.113,1,32.096,1,1,D,2903891,15,1,A
2024-02-18T14:59:55Z,12.933333333333334,89.81666666666666,0.4,28.091,1,32.443,1,1,D,2903891,16,1,A
2024-02-28T14:44:43Z,12.933333333333334,89.81666666666666,0.3,28.879,1,33.508,1,1,D,2903891,17,1,A
2024-03-09T14:50:30Z,12.933333333333334,89.81666666666666,0.1,28.826,1,32.794,1,1,D,2903891,18,1,A
2024-03-19T14:16:35Z,12.933333333333334,89.81666666666666,0.4,28.989,1,32.623,1,1,D,2903891,19,1,A
2024-03-29T14:31:20Z,12.933333333333334,89.81666666666666,0.2,29.443,1,32.239,1,1,D,2903891,20,1,A
2024-04-08T14:28:56Z,12.933333333333334,89.81666666666666,0.1,30.877,1,32.83,1,1,D,2903891,21,1,A
2024-04-18T14:24:53Z,12.933333333333334,89.81666666666666,0.1,30.924,1,32.527,1,1,D,2903891,22,1,A
2024-04-28T14:33:14Z,12.933333333333334,89.81666666666666,0.2,31.879,1,32.373,1,1,D,2903891,23,1,A
2024-05-08T14:22:21Z,12.933333333333334,89.81666666666666,0.4,31.689,1,32.48,1,1,D,2903891,24,1,A
2024-05-18T14:17:01Z,12.933333333333334,89.81666666666666,0.1,31.432,1,32.865,1,1,D,2903891,25,1,A
2024-05-28T14:41:49Z,12.933333333333334,89.81666666666666,0.2,30.459,1,32.775,1,1,D,2903891,26,1,A
2024-06-07T14:34:49Z,12.933333333333334,89.81666666666666,0.2,30.279,1,33.015,1,1,D,2903891,27,1,A
2024-06-17T14:31:44Z,12.933333333333334,89.81666666666666,0.3,29.706,1,32.833,1,1,D,2903891,28,1,A
2024-06-27T14:33:01Z,12.933333333333334,89.81666666666666,0.0,29.519,1,32.992,1,1,D,2903891,29,1,A
2024-07-07T14:23:24Z,12.933333333333334,89.81666666666666,0.2,29.64,1,33.134,1,1,D,2903891,30,1,A
2024-07-17T14:11:12Z,12.933333333333334,89.81666666666666,0.2,29.579,1,33.152,1,1,D,2903891,31,1,A
2024-07-27T14:24:51Z,12.933333333333334,89.81666666666666,0.2,29.545,1,33.156,1,1,D,2903891,32,1,A
2024-08-06T14:18:24Z,12.933333333333334,89.81666666666666,0.4,29.78,1,33.237,1,1,D,2903891,33,1,A
2024-08-16T14:23:24Z,12.933333333333334,89.81666666666666,0.2,29.758,1,33.402,1,1,D,2903891,34,1,A
2024-08-26T14:20:29Z,12.933333333333334,89.81666666666666,0.3,29.641,1,33.276,1,1,D,2903891,35,1,A
2024-09-05T14:06:53Z,12.933333333333334,89.81666666666666,0.2,29.016,1,34.205,1,1,D,2903891,36,1,A
2024-09-25T14:19:53Z,12.933333333333334,89.81666666666666,0.4,29.217,1,32.916,1,1,D,2903891,38,1,A
2024-10-05T14:22:32Z,12.933333333333334,89.81666666666666,0.1,29.588,1,32.564,1,1,D,2903891,39,1,A
2024-10-15T14:28:38Z,12.933333333333334,89.81666666666666,0.3,29.76,1,32.804,1,1,D,2903891,40,1,A
2024-10-25T14:11:13Z,12.933333333333334,89.81666666666666,0.1,29.876,1,32.757,1,1,D,2903891,41,1,A
2024-11-04T14:31:11Z,12.933333333333334,89.81666666666666,0.1,29.976,1,32.444,1,1,D,2903891,42,1,A
2024-11-14T14:23:04Z,12.933333333333334,89.81666666666666,0.4,29.823,1,32.737,1,1,D,2903891,43,1,A
2024-11-24T14:35:55Z,12.933333333333334,89.81666666666666,0.1,29.575,1,32.774,1,1,D,2903891,44,1,A
2024-12-04T14:24:05Z,12.933333333333334,89.81666666666666,0.4,29.075,1,32.973,1,1,D,2903891,45,1,A
2024-12-14T14:20:39Z,12.933333333333334,89.81666666666666,0.4,28.619,1,33.128,1,1,D,2903891,46,1,A
2024-12-24T14:23:37Z,12.933333333333334,89.81666666666666,0.2,28.407,1,33.342,1,1,D,2903891,47,1,A
2025-01-03T14:30:18Z,12.933333333333334,89.81666666666666,0.2,28.553,1,33.583,1,1,D,2903891,48,1,A
2025-01-13T14:19:40Z,12.933333333333334,89.81666666666666,0.3,28.245,1,33.515,1,1,D,2903891,49,1,A
2025-01-23T14:27:36Z,12.933333333333334,89.81666666666666,0.1,27.975,1,33.816,1,1,D,2903891,50,1,A
2025-02-02T14:23:06Z,12.933333333333334,89.81666666666666,0.2,28.266,1,33.662,1,1,D,2903891,51,1,A
2025-02-12T14:24:10Z,12.933333333333334,89.81666666666666,0.4,27.839,1,33.446,1,1,D,2903891,52,1,A
2025-02-22T14:25:26Z,12.933333333333334,89.81666666666666,0.2,27.853,1,33.163,1,1,D,2903891,53,1,A
2025-03-04T14:23:21Z,12.933333333333334,89.81666666666666,0.2,28.881,1,33.279,1,1,D,2903891,54,1,A
2025-03-14T14:23:31Z,12.933333333333334,89.81666666666666,0.2,29.368,1,33.061,1,1,D,2903891,55,1,A
2025-03-24T14:35:52Z,12.933333333333334,89.81666666666666,0.2,29.392,1,32.431,1,1,D,2903891,56,1,A
2025-04-03T14:24:25Z,12.933333333333334,89.81666666666666,0.4,29.619,1,32.492,1,1,D,2903891,57,1,A
2025-04-13T14:22:32Z,12.933333333333334,89.81666666666666,0.2,29.827,1,32.966,1,1,D,2903891,58,1,A
2025-04-23T14:26:06Z,12.933333333333334,89.81666666666666,0.2,31.433,3,33.129,3,1,D,2903891,59,1,A
2025-05-03T14:35:10Z,12.933333333333334,89.81666666666666,0.1,30.997,3,32.906,3,1,D,2903891,60,1,A
2025-05-13T14:35:00Z,12.933333333333334,89.81666666666666,0.2,31.427,1,33.241,1,1,D,2903891,61,1,A
2025-05-23T14:25:13Z,12.933333333333334,89.81666666666666,0.1,30.728,1,32.989,1,1,D,2903891,62,1,A
2025-06-02T14:25:21Z,12.933333333333334,89.81666666666666,0.2,29.923,1,33.178,1,1,R,2903891,63,1,A
2025-06-12T14:19:15Z,12.933333333333334,89.81666666666666,0.3,29.854,1,32.923,1,1,R,2903891,64,1,A
2025-06-22T14:23:43Z,12.933333333333334,89.81666666666666,0.3,29.441,1,32.874,1,1,R,2903891,65,1,A
2025-07-02T14:03:32Z,12.933333333333334,89.81666666666666,0.1,29.532,1,32.907,1,1,R,2903891,66,1,A
2025-07-12T14:26:23Z,12.933333333333334,89.81666666666666,0.2,29.787,1,33.012,1,1,R,2903891,67,1,A
2025-07-22T14:29:43Z,12.933333333333334,89.81666666666666,0.3,29.28,1,33.055,1,1,R,2903891,68,1,A
2025-08-01T14:21:47Z,12.933333333333334,89.81666666666666,0.3,29.771,1,33.275,1,1,R,2903891,69,1,A
2025-08-11T14:28:49Z,12.933333333333334,89.81666666666666,0.2,29.476,1,33.171,1,1,R,2903891,70,1,A
2025-08-21T14:21:03Z,10.66268,88.28091,0.1,29.03,1,33.699,1,1,R,2903891,71,1,A
2025-08-31T14:18:49Z,12.933333333333334,89.81666666666666,0.2,29.138,1,33.438,1,1,R,2903891,72,1,A
2025-09-10T14:10:05Z,12.933333333333334,89.81666666666666,185.0,15.293,1,34.971,1,1,R,2903891,73,1,A
2023-09-23T14:28:05Z,7.183333333333334,88.46666666666667,0.4,29.237,1,32.975,1,1,D,2903892,1,1,A
2023-10-03T13:59:55Z,7.116666666666666,88.85,0.3,28.974,1,33.25,1,1,D,2903892,2,1,A
2023-10-13T13:59:55Z,6.633333333333333,89.01666666666667,0.2,29.007,1,33.198,1,1,D,2903892,3,1,A
2023-10-23T13:53:26Z,6.333333333333333,89.26666666666667,0.2,28.92,1,33.073,1,1,D,2903892,4,1,A
2023-11-02T14:02:33Z,6.65,89.55,0.1,29.382,1,33.084,1,1,D,2903892,5,1,A
2023-11-12T14:07:31Z,7.25,89.48333333333333,0.3,29.622,1,32.272,1,1,D,2903892,6,1,A
2023-11-22T13:55:55Z,7.683333333333334,89.2,0.2,29.7,1,32.395,1,1,D,2903892,7,1,A
2023-12-02T14:21:55Z,7.75,88.93333333333334,0.2,28.73,1,32.52,1,1,D,2903892,8,1,A
2023-12-12T13:59:55Z,7.65,88.71666666666667,0.1,29.325,1,32.521,1,1,D,2903892,9,1,A
2023-12-22T14:17:23Z,7.666666666666667,88.5,0.3,29.115,1,32.81,1,1,D,2903892,10,1,A
2024-01-01T14:05:16Z,7.8,88.28333333333333,0.4,28.543,1,33.131,1,1,D,2903892,11,1,A
2024-01-11T14:21:19Z,7.85,88.05,0.0,28.64,1,32.908,1,1,D,2903892,12,1,A
2024-01-21T14:13:44Z,7.733333333333333,87.76666666666667,0.1,28.641,1,33.048,1,1,D,2903892,13,1,A
2024-01-31T14:19:57Z,7.583333333333333,87.41666666666667,0.1,30.33,1,32.682,1,1,D,2903892,14,1,A
2024-02-10T14:06:50Z,7.55,86.98333333333333,0.2,28.943,1,33.273,1,1,D,2903892,15,1,A
2024-02-20T13:50:19Z,7.666666666666667,86.26666666666667,0.2,28.846,1,33.385,1,1,D,2903892,16,1,A
2024-03-01T14:04:19Z,7.966666666666667,85.43333333333334,0.2,29.252,1,32.961,1,1,D,2903892,17,1,A
2024-03-11T14:22:45Z,8.183333333333334,84.93333333333334,0.2,29.38,1,32.987,1,1,D,2903892,18,1,A
2024-03-21T13:55:49Z,7.983333333333333,84.9,0.2,29.144,1,32.834,1,1,D,2903892,19,1,A
2024-03-31T14:03:52Z,7.516666666666667,84.83333333333333,0.1,30.122,1,32.932,1,1,D,2903892,20,1,A
2024-04-10T13:58:49Z,7.316666666666666,84.65,0.3,31.116,1,33.548,1,1,D,2903892,21,1,A
2024-04-20T14:01:19Z,7.116666666666666,84.43333333333334,0.1,32.272,3,33.146,3,1,D,2903892,22,1,A
2024-04-30T14:08:32Z,6.9,84.16666666666667,0.1,32.059,1,33.002,1,1,D,2903892,23,1,A
2024-05-10T14:12:55Z,6.766666666666667,83.81666666666666,0.2,31.758,1,32.442,1,1,D,2903892,24,1,A
2024-05-20T14:12:33Z,6.766666666666667,83.43333333333334,0.2,30.906,1,32.647,1,1,D,2903892,25,1,A
2024-05-30T14:13:49Z,6.85,83.01666666666667,0.2,30.583,1,33.071,1,1,D,2903892,26,1,A
2024-06-09T14:09:09Z,7.033333333333333,82.61666666666666,0.1,29.821,1,33.231,1,1,D,2903892,27,1,A
2024-06-19T14:00:25Z,7.616666666666667,82.26666666666667,0.4,30.398,1,33.166,1,1,D,2903892,28,1,A
2024-06-29T13:57:34Z,9.083333333333334,81.33333333333333,0.1,29.825,1,33.394,1,1,D,2903892,29,1,A
2024-07-09T14:02:02Z,10.95,81.78333333333333,0.2,29.923,1,33.162,1,1,D,2903892,30,1,A
2024-07-19T14:09:07Z,11.816666666666666,83.31666666666666,0.1,29.334,1,32.967,1,1,D,2903892,31,1,A
2024-07-29T14:02:50Z,12.65,82.66666666666667,0.4,29.51,1,33.194,1,1,D,2903892,32,1,A
2024-08-08T14:01:33Z,12.766666666666667,83.0,0.3,29.662,1,33.072,1,1,D,2903892,33,1,A
2024-08-18T14:10:40Z,12.516666666666667,83.23333333333333,0.2,30.139,1,33.137,1,1,D,2903892,34,1,A
2024-08-28T14:05:13Z,12.45,83.28333333333333,0.2,29.537,1,33.358,1,1,D,2903892,35,1,A
2024-09-07T14:15:55Z,12.983333333333333,83.23333333333333,0.2,28.958,1,32.96,1,1,D,2903892,36,1,A
2024-09-27T14:07:53Z,13.1,84.05,0.3,29.405,1,32.949,1,1,D,2903892,38,1,A
2024-10-07T14:10:46Z,12.25,83.9,0.2,30.235,1,33.248,1,1,D,2903892,39,1,A
2024-10-17T14:14:42Z,11.566666666666666,83.35,0.4,30.09,1,33.327,1,1,D,2903892,40,1,A
2024-10-27T13:57:32Z,11.25,82.73333333333333,0.3,29.956,1,33.216,1,1,D,2903892,41,1,A
2024-11-06T14:11:25Z,11.1,82.08333333333333,0.2,30.198,1,32.997,1,1,D,2903892,42,1,A
2024-11-16T14:07:55Z,10.95,81.81666666666666,0.2,29.97,1,33.132,1,1,D,2903892,43,1,A
2024-11-26T14:16:25Z,10.65,81.98333333333333,0.3,29.389,1,32.731,1,1,D,2903892,44,1,A
2024-12-06T14:16:26Z,11.05,82.06666666666666,0.1,28.782,1,31.894,1,1,D,2903892,45,1,A
2024-12-16T14:18:25Z,11.583333333333334,82.45,0.3,27.681,1,31.389,1,1,D,2903892,46,1,A
2024-12-26T14:16:14Z,12.283333333333333,82.55,0.3,28.0,1,31.771,1,1,D,2903892,47,1,A
2025-01-05T14:18:25Z,13.05,82.46666666666667,0.3,27.343,1,31.736,1,1,D,2903892,48,1,A
2025-01-15T14:02:07Z,13.05,82.36666666666666,0.2,27.383,1,32.826,1,1,D,2903892,49,1,A
2025-01-25T14:12:10Z,12.433333333333334,82.63333333333334,0.1,27.398,1,33.031,1,1,D,2903892,50,1,A
2025-02-04T14:11:55Z,11.9,82.98333333333333,0.2,27.804,1,32.914,1,1,D,2903892,51,1,A
2025-02-14T14:02:19Z,12.083333333333334,83.0,0.3,28.312,1,33.225,1,1,D,2903892,52,1,A
2025-02-24T14:07:04Z,12.433333333333334,82.93333333333334,0.3,28.872,1,33.896,1,1,D,2903892,53,1,A
2025-03-06T14:18:50Z,12.85,82.98333333333333,0.1,29.13,3,32.828,3,1,D,2903892,54,1,A
2025-03-16T14:03:25Z,12.916666666666666,83.31666666666666,0.4,29.567,1,33.253,1,1,D,2903892,55,1,A
2025-03-26T14:01:13Z,12.833333333333334,83.63333333333334,0.2,30.091,1,33.649,1,1,D,2903892,56,1,A
2025-04-05T14:04:59Z,13.15,83.98333333333333,0.3,30.381,3,33.283,3,1,D,2903892,57,1,A
2025-04-15T14:14:25Z,13.5,84.36666666666666,0.2,30.55,1,33.644,1,1,D,2903892,58,1,A
2025-04-25T14:18:57Z,13.233333333333333,84.5,0.4,31.015,1,32.743,1,1,D,2903892,59,1,A
2025-05-05T14:11:19Z,13.2,84.35,0.1,31.034,1,32.38,1,1,D,2903892,60,1,A
2025-05-15T14:12:12Z,13.333333333333334,84.13333333333334,0.2,31.309,1,32.432,1,1,D,2903892,61,1,A
2025-05-25T14:15:59Z,13.416666666666666,83.91666666666667,0.4,30.87,1,33.171,1,1,D,2903892,62,1,A
2025-06-04T14:05:25Z,13.316666666666666,83.8,0.2,30.164,1,33.386,1,1,R,2903892,63,1,A
2025-06-14T14:10:26Z,13.2,83.6,0.4,30.393,1,33.32,1,1,R,2903892,64,1,A
2025-06-24T14:02:57Z,13.483333333333333,83.5,0.3,29.706,1,33.698,1,1,R,2903892,65,1,A
2025-07-04T14:08:30Z,13.8,83.6,0.1,29.406,1,33.537,1,1,R,2903892,66,1,A
2025-07-14T14:10:43Z,14.133333333333333,83.78333333333333,0.3,29.778,1,33.669,1,1,R,2903892,67,1,A
2025-07-24T14:03:55Z,14.433333333333334,84.21666666666667,0.1,29.26,1,33.567,1,1,R,2903892,68,1,A
2025-08-03T14:11:22Z,14.266666666666667,84.61666666666666,0.2,29.607,1,33.788,1,1,R,2903892,69,1,A
2025-08-13T14:09:35Z,13.766666666666667,84.7,0.2,29.287,1,33.57,1,1,R,2903892,70,1,A
2025-09-02T14:00:01Z,12.933333333333334,84.71666666666667,185.2,14.781,1,34.955,1,1,R,2903892,72,1,A
2025-01-26T14:10:43Z,13.45,84.15,0.2,27.318,1,33.53,1,1,R,2903988,1,1,A
2025-02-05T14:02:02Z,13.183333333333334,84.28333333333333,0.2,28.482,1,33.98,1,1,R,2903988,2,1,A
2025-02-15T14:00:55Z,13.033333333333333,84.5,0.3,28.584,1,33.89,1,1,R,2903988,3,1,A
2025-02-25T14:10:31Z,12.916666666666666,84.81666666666666,0.3,28.177,1,33.511,1,1,R,2903988,4,1,A
2025-03-07T13:54:55Z,13.083333333333334,85.1,0.0,29.976,1,33.557,1,1,R,2903988,5,1,A
2025-03-17T14:18:20Z,13.6,85.46666666666667,0.4,30.4,1,32.58,1,1,R,2903988,6,1,A
2025-03-27T14:11:21Z,13.85,85.85,0.3,30.615,3,33.343,3,1,R,2903988,7,1,A
2025-04-06T14:10:31Z,13.783333333333333,86.0,0.3,29.898,1,33.639,1,1,R,2903988,8,1,A
2025-04-16T14:08:14Z,13.55,85.91666666666667,0.1,30.38,1,33.31,1,1,R,2903988,9,1,A
2025-04-26T14:20:05Z,13.35,85.71666666666667,0.3,30.808,1,32.414,1,1,R,2903988,10,1,A
2025-05-06T14:10:54Z,13.133333333333333,85.6,0.1,31.433,1,33.049,1,1,R,2903988,11,1,A
2025-05-16T14:14:00Z,12.783333333333333,85.48333333333333,0.2,30.991,1,32.444,1,1,R,2903988,12,1,A
2025-05-26T14:11:25Z,12.666666666666666,85.63333333333334,0.2,30.295,1,32.332,1,1,R,2903988,13,1,A
2025-06-05T14:07:45Z,12.516666666666667,85.96666666666667,0.2,30.343,1,32.884,1,1,R,2903988,14,1,A
2025-06-15T14:18:00Z,12.416666666666666,86.18333333333334,0.3,29.882,1,32.917,1,1,R,2903988,15,1,A
2025-06-25T14:12:29Z,12.25,86.38333333333334,0.3,29.733,1,33.1,1,1,R,2903988,16,1,A
2025-07-05T14:16:13Z,12.6,86.43333333333334,0.4,29.689,1,33.549,1,1,R,2903988,17,1,A
2025-07-15T14:05:55Z,12.983333333333333,86.41666666666667,0.1,29.92,1,33.357,1,1,R,2903988,18,1,A
2025-07-25T14:10:32Z,13.10503,86.75057,0.2,29.18,1,33.038,1,1,R,2903988,19,1,A
2025-08-04T14:08:19Z,13.416666666666666,87.01666666666667,0.3,29.991,4,32.729,4,4,R,2903988,20,1,A
2025-08-14T14:16:13Z,13.416666666666666,87.36666666666666,0.2,29.266,1,32.947,1,1,R,2903988,21,1,A
2025-09-03T14:09:49Z,13.533333333333333,87.5,0.4,29.03,1,32.982,1,1,R,2903988,23,1,A
2025-09-13T14:13:55Z,13.166666666666666,87.31666666666666,0.4,29.172,1,31.893,1,1,R,2903988,24,1,A
2025-02-18T14:14:50Z,16.333333333333332,88.03333333333333,0.4,27.571,1,32.011,1,1,R,2903989,1,1,A
2025-02-28T14:05:17Z,16.216666666666665,88.16666666666667,0.3,27.679,1,32.036,1,1,R,2903989,2,1,A
2025-03-10T14:08:03Z,16.233333333333334,88.28333333333333,0.2,28.342,1,32.14,1,1,R,2903989,3,1,A
2025-03-20T14:13:20Z,16.233333333333334,88.21666666666667,0.3,29.789,1,32.286,1,1,R,2903989,4,1,A
2025-03-30T14:08:26Z,16.266666666666666,87.88333333333334,0.3,30.107,1,31.9,1,1,R,2903989,5,1,A
2025-04-09T14:20:37Z,16.233333333333334,87.63333333333334,0.3,29.068,1,32.48,1,1,R,2903989,6,1,A
2025-04-19T14:14:30Z,16.1,87.43333333333334,0.2,29.798,1,32.253,1,1,R,2903989,7,1,A
2025-04-29T14:05:33Z,15.983333333333333,87.08333333333333,0.1,30.323,1,32.418,1,1,R,2903989,8,1,A
2025-05-09T14:11:56Z,15.9,86.7,0.4,31.459,1,32.338,1,1,R,2903989,9,1,A
2025-05-19T14:09:56Z,15.833333333333334,86.28333333333333,0.4,31.231,1,32.847,1,1,R,2903989,10,1,A
2025-05-29T14:12:01Z,15.783333333333333,85.96666666666667,0.3,30.102,1,32.951,1,1,R,2903989,11,1,A
2025-06-08T14:26:18Z,15.733333333333333,85.96666666666667,0.1,30.476,1,32.785,1,1,R,2903989,12,1,A
2025-06-18T14:09:13Z,15.483333333333333,86.15,0.4,29.886,1,32.749,1,1,R,2903989,13,1,A
2025-06-28T14:20:07Z,15.6,86.4,0.2,29.163,1,32.864,1,1,R,2903989,14,1,A
2025-07-08T14:09:25Z,15.616666666666667,86.53333333333333,0.4,28.974,1,33.131,1,1,R,2903989,15,1,A
2025-07-18T14:12:05Z,15.3,86.55,0.3,29.768,1,32.968,1,1,R,2903989,16,1,A
2025-07-28T14:14:13Z,15.183333333333334,86.51666666666667,0.2,29.345,1,33.02,1,1,R,2903989,17,1,A
2025-08-07T14:12:12Z,15.033333333333333,86.5,0.2,30.231,1,33.181,1,1,R,2903989,18,1,A
2025-08-17T14:06:50Z,14.833333333333334,86.68333333333334,0.0,29.225,1,32.622,1,1,R,2903989,19,1,A
2025-08-27T14:16:23Z,15.133333333333333,86.86666666666666,0.3,28.799,1,31.044,1,1,R,2903989,20,1,A
2025-09-06T14:18:59Z,15.583333333333334,87.05,10.1,28.93,1,30.779,1,1,R,2903989,21,1,A
2023-09-19T14:21:56Z,13.333333333333334,85.23333333333333,0.3,28.912,1,33.306,1,1,D,4903775,1,1,A
2023-09-29T14:04:30Z,13.216666666666667,85.2,185.5,14.361,1,34.957,1,1,D,4903775,2,1,A
2023-10-09T14:09:55Z,13.033333333333333,85.4,0.4,29.94,1,33.338,1,1,D,4903775,3,1,A
2023-10-19T14:10:17Z,13.0,85.78333333333333,0.2,29.675,1,33.597,1,1,D,4903775,4,1,A
2023-10-29T13:56:26Z,12.983333333333333,86.18333333333334,0.3,29.142,1,33.66,1,1,D,4903775,5,1,A
2023-11-08T14:09:47Z,13.133333333333333,86.35,0.3,29.513,1,33.46,1,1,D,4903775,6,1,A
2023-11-18T14:05:43Z,13.366666666666667,86.48333333333333,0.3,29.327,1,33.4,1,1,D,4903775,7,1,A
2023-11-28T14:12:25Z,13.733333333333333,86.4,0.2,29.116,1,33.34,1,1,D,4903775,8,1,A
2023-12-08T14:19:25Z,14.366666666666667,86.1,0.2,28.976,1,32.263,1,1,D,4903775,9,1,A
2023-12-18T14:26:38Z,14.683333333333334,86.25,0.3,28.123,1,33.235,1,1,D,4903775,10,1,A
2023-12-28T14:10:20Z,14.7,86.53333333333333,0.2,27.819,1,33.046,1,1,D,4903775,11,1,A
2024-01-07T14:19:20Z,14.45,86.63333333333334,0.2,26.372,1,31.596,1,1,D,4903775,12,1,A
2024-01-17T14:08:01Z,14.216666666666667,86.43333333333334,0.4,27.473,1,33.071,1,1,D,4903775,13,1,A
2024-01-27T14:18:52Z,13.883333333333333,86.1,0.3,27.983,1,32.508,1,1,D,4903775,14,1,A
2024-02-06T14:18:39Z,13.516666666666667,85.83333333333333,0.2,27.882,1,32.468,1,1,D,4903775,15,1,A
2024-02-16T14:10:19Z,13.25,85.7,0.2,27.918,1,32.63,1,1,D,4903775,16,1,A
2024-02-26T14:04:10Z,13.2,85.63333333333334,0.1,28.243,1,32.802,1,1,D,4903775,17,1,A
2024-03-07T14:06:04Z,13.2,85.55,0.2,28.62,1,32.707,1,1,D,4903775,18,1,A
2024-03-17T14:18:14Z,13.233333333333333,85.51666666666667,0.4,28.909,1,32.73,1,1,D,4903775,19,1,A
2024-03-27T14:11:57Z,13.15,85.66666666666667,0.3,29.106,1,32.598,1,1,D,4903775,20,1,A
2024-04-06T14:21:55Z,13.2,85.8,0.1,30.409,1,32.559,1,1,D,4903775,21,1,A
2024-04-16T14:11:49Z,13.516666666666667,85.96666666666667,0.2,30.698,1,32.676,1,1,D,4903775,22,1,A
2024-04-26T14:03:57Z,13.816666666666666,86.21666666666667,0.4,30.875,1,32.496,1,1,D,4903775,23,1,A
2024-05-06T14:16:48Z,14.016666666666667,86.41666666666667,0.3,30.844,1,32.913,1,1,D,4903775,24,1,A
2024-05-16T14:16:01Z,13.9,86.81666666666666,0.2,31.349,1,33.129,1,1,D,4903775,25,1,A
2024-05-26T14:02:19Z,13.483333333333333,87.25,0.1,30.534,1,32.96,1,1,R,4903775,26,1,A
2024-06-05T14:09:47Z,13.05,87.5,0.4,30.28,1,32.891,1,1,D,4903775,27,1,A
2024-06-15T14:26:02Z,13.116666666666667,87.71666666666667,0.2,29.905,1,33.038,1,1,D,4903775,28,1,A
2024-06-25T14:07:20Z,13.7,87.95,0.4,29.767,1,33.24,1,1,D,4903775,29,1,A
2024-07-05T14:16:56Z,14.1,88.56666666666666,0.1,29.607,1,33.265,1,1,D,4903775,30,1,A
2024-07-15T14:19:17Z,13.5,89.03333333333333,0.3,29.252,1,33.259,1,1,D,4903775,31,1,A
2024-07-25T13:56:42Z,12.583333333333334,88.58333333333333,0.3,28.959,1,33.202,1,1,D,4903775,32,1,A
2024-08-04T14:03:09Z,12.116666666666667,87.81666666666666,0.3,29.516,1,33.466,1,1,D,4903775,33,1,A
2024-08-14T14:10:56Z,11.8,87.16666666666667,0.3,29.731,1,33.072,1,1,D,4903775,34,1,A
2024-08-24T14:06:28Z,11.666666666666666,86.88333333333334,0.1,29.323,1,33.657,1,1,D,4903775,35,1,A
2024-09-03T13:53:04Z,11.583333333333334,87.21666666666667,0.2,28.988,1,33.395,1,1,D,4903775,36,1,A
2024-09-13T14:06:27Z,11.333333333333334,87.7,0.3,29.273,1,32.95,1,1,D,4903775,37,1,A
2024-09-23T14:09:11Z,11.533333333333333,87.83333333333333,0.4,29.1,1,32.816,1,1,D,4903775,38,1,A
2024-10-03T14:13:25Z,11.7,88.2,0.4,29.851,1,32.257,1,1,D,4903775,39,1,A
2024-10-13T14:15:50Z,12.016666666666667,88.61666666666666,0.3,30.087,1,31.105,1,1,D,4903775,40,1,A
2024-10-23T14:08:19Z,12.55,88.7,0.3,29.673,1,32.525,1,1,D,4903775,41,1,A
2024-11-02T14:09:49Z,12.883333333333333,88.76666666666667,185.4,14.848,1,34.931,1,1,D,4903775,42,1,A
2024-11-12T14:01:36Z,12.866666666666667,89.0,0.0,29.797,1,32.623,1,1,D,4903775,43,1,A
2024-11-22T14:09:46Z,12.8,89.5,0.2,29.597,1,32.626,1,1,D,4903775,44,1,A
2024-12-02T14:02:54Z,13.2,89.85,0.2,29.138,1,33.193,1,1,D,4903775,45,1,A
2024-12-12T00:05:23Z,13.7,89.61666666666666,0.2,28.819,1,33.421,1,1,D,4903775,46,1,A
2024-12-22T14:04:49Z,14.133333333333333,89.23333333333333,0.3,28.124,1,32.661,1,1,D,4903775,47,1,A
2025-01-01T14:22:27Z,14.65,89.0,0.2,27.891,1,32.895,1,1,D,4903775,48,1,A
2025-01-11T14:13:57Z,14.85,89.08333333333333,0.2,26.841,1,30.604,1,1,D,4903775,49,1,A
2025-01-21T14:16:42Z,14.65,89.21666666666667,0.3,28.289,1,32.54,1,1,D,4903775,50,1,A
2025-01-31T14:03:09Z,14.066666666666666,89.28333333333333,0.4,27.862,1,33.313,1,1,D,4903775,51,1,A
2025-02-10T14:11:56Z,13.416666666666666,89.31666666666666,0.2,28.167,1,33.085,1,1,D,4903775,52,1,A
2025-02-20T14:22:26Z,12.983333333333333,89.51666666666667,0.4,27.864,1,32.083,1,1,D,4903775,53,1,A
2025-03-02T13:56:25Z,12.966666666666667,89.81666666666666,0.4,28.512,1,32.443,1,1,D,4903775,54,1,A
2025-03-12T14:12:06Z,13.133333333333333,90.13333333333334,0.3,29.236,3,31.883,3,1,D,4903775,55,1,A
2025-03-22T14:07:28Z,13.316666666666666,90.41666666666667,0.4,29.421,1,32.879,1,1,D,4903775,56,1,A
2025-04-01T14:05:28Z,13.566666666666666,90.66666666666667,0.4,30.368,1,32.367,1,1,D,4903775,57,1,A
2025-04-11T14:20:17Z,13.816666666666666,90.9,0.2,28.905,1,32.563,1,1,D,4903775,58,1,A
2025-04-21T14:17:52Z,14.133333333333333,91.13333333333334,0.2,30.938,1,31.707,1,1,D,4903775,59,1,A
2025-05-01T14:02:53Z,14.233333333333333,91.31666666666666,0.1,30.253,1,32.232,1,1,D,4903775,60,1,A
2025-05-11T14:12:25Z,14.216666666666667,91.45,0.4,31.292,1,32.33,1,1,D,4903775,61,1,A
2025-05-21T14:15:55Z,14.1,91.53333333333333,0.1,30.869,1,32.745,1,1,D,4903775,62,1,A
2025-05-31T14:11:59Z,13.983333333333333,91.51666666666667,0.3,29.692,1,32.85,1,1,R,4903775,63,1,A
2025-06-10T14:19:04Z,13.833333333333334,91.41666666666667,0.0,29.808,1,32.931,1,1,R,4903775,64,1,A
2025-06-20T14:05:55Z,13.633333333333333,91.28333333333333,0.4,29.584,1,32.691,1,1,R,4903775,65,1,A
2025-06-30T14:18:07Z,13.383333333333333,91.26666666666667,0.3,29.283,1,32.7,1,1,R,4903775,66,1,A
2025-07-10T14:13:22Z,13.15,91.01666666666667,0.2,29.618,1,32.884,1,1,R,4903775,67,1,A
2025-07-20T14:17:06Z,13.066666666666666,90.68333333333334,0.2,29.48,1,32.783,1,1,R,4903775,68,1,A
2025-07-30T14:17:08Z,13.033333333333333,90.45,0.2,29.266,1,32.782,1,1,R,4903775,69,1,A
2025-08-09T14:18:32Z,13.15,90.11666666666666,0.4,29.481,1,33.126,1,1,R,4903775,70,1,A
2025-08-19T14:03:35Z,13.266666666666667,89.9,0.3,29.065,1,32.955,1,1,R,4903775,71,1,A
2025-08-29T14:12:42Z,13.333333333333334,89.88333333333334,185.4,17.399,1,34.73,1,1,R,4903775,72,1,A
2025-09-08T14:08:02Z,13.566666666666666,90.05,0.0,29.448,1,32.917,1,1,R,4903775,73,1,A
2023-09-21T16:57:57Z,10.733333333333333,88.6,10.3,28.846,4,33.579,4,4,D,4903776,1,1,A
2023-10-01T13:46:43Z,10.8,88.48333333333333,0.2,28.81,4,33.883,4,4,D,4903776,2,1,A
2023-10-11T13:49:32Z,10.95,88.55,0.4,29.257,1,33.243,1,1,D,4903776,3,1,A
2023-10-21T13:56:55Z,11.183333333333334,88.61666666666666,0.2,29.092,1,33.348,1,1,D,4903776,4,1,A
2023-10-31T14:06:19Z,11.616666666666667,88.58333333333333,0.4,29.932,1,33.328,1,1,D,4903776,5,1,A
2023-11-10T14:07:03Z,11.85,88.71666666666667,0.2,29.704,1,33.103,1,1,D,4903776,6,1,A
2023-11-20T14:06:01Z,11.85,89.06666666666666,0.1,29.381,1,33.26,1,1,D,4903776,7,1,A
2023-11-30T14:11:56Z,12.05,89.33333333333333,0.2,29.048,1,32.517,1,1,D,4903776,8,1,A
2023-12-10T14:07:44Z,12.216666666666667,89.55,0.3,29.148,1,32.519,1,1,D,4903776,9,1,A
2023-12-20T14:15:55Z,12.4,89.65,0.2,28.955,1,32.221,1,1,D,4903776,10,1,A
2023-12-30T14:18:19Z,12.3,89.63333333333334,0.4,28.679,1,32.076,1,1,D,4903776,11,1,A
2024-01-09T14:06:49Z,12.066666666666666,89.45,0.2,28.309,1,32.077,1,1,D,4903776,12,1,A
2024-01-19T14:10:25Z,11.8,89.13333333333334,0.1,28.546,1,31.987,1,1,D,4903776,13,1,A
2024-01-29T14:09:02Z,11.433333333333334,88.76666666666667,0.2,28.252,1,32.31,1,1,D,4903776,14,1,A
2024-02-08T13:55:55Z,11.116666666666667,88.48333333333333,0.2,28.35,1,32.602,1,1,D,4903776,15,1,A
2024-02-18T13:58:27Z,10.8,88.63333333333334,0.2,28.842,1,33.85,1,1,D,4903776,16,1,A
2024-02-28T14:11:21Z,10.683333333333334,88.93333333333334,0.1,29.041,1,32.9,1,1,D,4903776,17,1,A
2024-03-09T14:05:22Z,10.666666666666666,88.95,0.3,28.721,1,32.376,1,1,D,4903776,18,1,A
2024-03-19T13:58:55Z,10.533333333333333,88.85,0.1,29.547,1,33.663,1,1,D,4903776,19,1,A
2024-03-29T14:18:13Z,10.35,88.73333333333333,0.3,30.272,1,33.014,1,1,D,4903776,20,1,A
2024-04-08T14:02:25Z,10.183333333333334,88.58333333333333,0.2,30.922,1,32.903,1,1,D,4903776,21,1,A
2024-04-18T14:00:32Z,10.133333333333333,88.38333333333334,0.2,32.235,1,31.662,1,1,D,4903776,22,1,A
2024-04-28T14:20:44Z,10.116666666666667,88.2,0.2,31.948,1,33.075,1,1,D,4903776,23,1,A
2024-05-08T14:05:49Z,10.166666666666666,88.1,0.2,32.764,1,32.616,1,1,D,4903776,24,1,A
2024-05-18T14:12:54Z,10.233333333333333,88.16666666666667,0.2,31.839,1,33.304,1,1,D,4903776,25,1,A
2024-05-28T14:06:44Z,10.35,88.26666666666667,0.3,29.736,1,32.649,1,1,D,4903776,26,1,A
2024-06-07T14:08:24Z,10.533333333333333,88.36666666666666,0.2,29.877,1,32.801,1,1,D,4903776,27,1,A
2024-06-17T14:06:00Z,10.8,88.51666666666667,0.2,29.93,1,33.051,1,1,D,4903776,28,1,A
2024-06-27T14:10:22Z,10.95,88.8,0.2,29.578,1,32.904,1,1,D,4903776,29,1,A
2024-07-07T14:08:26Z,10.783333333333333,89.25,0.1,29.477,1,32.863,1,1,D,4903776,30,1,A
2024-07-17T14:06:29Z,10.383333333333333,89.45,0.1,29.474,1,33.041,1,1,D,4903776,31,1,A
2024-07-27T13:55:25Z,10.0,89.36666666666666,0.2,29.393,1,33.005,1,1,D,4903776,32,1,A
2024-08-06T13:39:55Z,9.733333333333333,89.13333333333334,0.1,29.408,1,33.041,1,1,D,4903776,33,1,A
2024-08-16T14:04:43Z,9.583333333333334,88.93333333333334,0.4,29.622,1,33.488,1,1,D,4903776,34,1,A
2024-08-26T13:28:34Z,9.6,89.01666666666667,0.4,29.282,1,33.975,1,1,D,4903776,35,1,A
2024-09-05T13:47:16Z,9.7,89.66666666666667,0.1,28.831,1,33.803,1,1,D,4903776,36,1,A
2024-09-15T13:56:33Z,10.433333333333334,90.36666666666666,0.2,29.32,1,32.958,1,1,D,4903776,37,1,A
2024-09-25T14:09:35Z,10.783333333333333,90.65,0.4,29.253,1,32.967,1,1,D,4903776,38,1,A
2024-10-05T14:03:25Z,10.883333333333333,90.7,0.1,29.556,1,33.06,1,1,D,4903776,39,1,A
2024-10-15T14:08:02Z,10.85,90.55,0.2,29.953,1,32.918,1,1,D,4903776,40,1,A
2024-10-25T14:02:14Z,10.75,90.36666666666666,0.4,29.216,1,33.204,1,1,D,4903776,41,1,A
2024-11-04T13:58:34Z,10.566666666666666,90.11666666666666,0.4,30.904,3,32.653,3,1,D,4903776,42,1,A
2024-11-14T14:21:20Z,10.583333333333334,89.75,0.3,30.112,1,32.311,1,1,D,4903776,43,1,A
2024-11-24T14:13:33Z,10.833333333333334,89.48333333333333,0.2,29.478,1,33.334,1,1,D,4903776,44,1,A
2024-12-04T14:09:55Z,10.866666666666667,89.43333333333334,0.3,28.98,1,33.423,1,1,D,4903776,45,1,A
2024-12-14T14:03:58Z,10.8,89.48333333333333,0.3,28.747,1,32.875,1,1,D,4903776,46,1,A
2024-12-24T14:10:25Z,10.283333333333333,89.35,0.3,29.108,1,33.75,1,1,D,4903776,47,1,A
2025-01-03T14:20:04Z,9.95,88.81666666666666,0.3,28.772,1,33.274,1,1,D,4903776,48,1,A
2025-01-13T14:05:55Z,9.983333333333333,88.21666666666667,0.2,28.427,1,33.338,1,1,D,4903776,49,1,A
2025-01-23T13:56:49Z,9.983333333333333,88.38333333333334,0.2,28.37,1,32.905,1,1,D,4903776,50,1,A
2025-02-02T14:04:03Z,9.6,88.88333333333334,0.3,27.462,1,32.55,1,1,D,4903776,51,1,A
2025-02-12T13:51:03Z,9.466666666666667,89.15,0.2,27.602,1,32.882,1,1,D,4903776,52,1,A
2025-02-22T14:02:34Z,9.566666666666666,89.06666666666666,0.2,28.143,1,33.29,1,1,D,4903776,53,1,A
2025-03-04T14:01:59Z,9.8,88.8,0.2,29.02,1,33.319,1,1,D,4903776,54,1,A
2025-03-14T14:09:56Z,10.15,88.46666666666667,0.2,29.136,1,32.896,1,1,D,4903776,55,1,A
2025-03-24T13:57:55Z,10.383333333333333,88.36666666666666,0.2,29.751,1,33.313,1,1,D,4903776,56,1,A
2025-04-03T14:07:17Z,10.3,88.46666666666667,0.2,29.746,1,33.351,1,1,D,4903776,57,1,A
2025-04-13T14:15:55Z,10.316666666666666,88.5,0.2,29.579,1,32.747,1,1,D,4903776,58,1,A
2025-04-23T14:12:47Z,10.35,88.53333333333333,0.4,31.028,1,32.82,1,1,D,4903776,59,1,A
2025-05-03T14:06:25Z,10.416666666666666,88.46666666666667,0.1,30.672,1,32.494,1,1,D,4903776,60,1,A
2025-05-13T14:08:32Z,10.75,88.36666666666666,0.2,30.559,1,32.649,1,1,D,4903776,61,1,A
2025-05-23T13:59:30Z,10.9,88.36666666666666,0.3,30.446,1,32.708,1,1,R,4903776,62,1,A
2025-06-02T14:07:55Z,10.916666666666666,88.45,0.2,29.956,1,33.286,1,1,R,4903776,63,1,A
2025-06-12T14:04:55Z,10.766666666666667,88.6,0.2,29.732,1,32.818,1,1,R,4903776,64,1,A
2025-06-22T14:10:56Z,10.5,88.75,0.4,29.573,1,33.003,1,1,R,4903776,65,1,A
2025-07-02T13:55:14Z,10.4,88.8,0.4,29.459,1,33.304,1,1,R,4903776,66,1,A
2025-07-12T14:05:28Z,10.2,88.66666666666667,0.2,29.774,1,33.344,1,1,R,4903776,67,1,A
2025-07-22T14:09:34Z,9.933333333333334,88.48333333333333,0.1,29.49,1,33.22,1,1,R,4903776,68,1,A
2025-08-01T14:00:39Z,9.633333333333333,88.33333333333333,0.1,29.931,1,33.157,1,1,R,4903776,69,1,A
2025-08-11T14:07:17Z,9.35,88.15,0.2,29.26,1,33.389,1,1,R,4903776,70,1,A
2025-08-21T13:49:28Z,9.183333333333334,88.23333333333333,175.9,15.407,1,34.959,1,1,R,4903776,71,1,A
2025-08-31T13:49:55Z,9.116666666666667,88.56666666666666,0.3,29.166,1,33.686,1,1,R,4903776,72,1,A
2025-09-10T13:45:25Z,9.066666666666666,89.08333333333333,0.3,28.833,1,33.792,1,1,R,4903776,73,1,A
2025-02-23T22:34:28Z,17.416666666666668,89.31666666666666,0.0,30.201,1,34.029,1,1,R,4903869,0,1,A
2025-03-06T14:14:14Z,16.016666666666666,86.73333333333333,0.3,28.45,1,31.992,1,1,R,4903869,1,1,A
2025-03-16T14:10:28Z,15.933333333333334,87.05,0.2,28.769,1,32.148,1,1,R,4903869,2,1,A
2025-03-26T14:04:19Z,15.666666666666666,87.3,0.1,29.447,3,32.247,3,1,R,4903869,3,1,A
2025-04-05T14:10:50Z,15.266666666666667,87.36666666666666,0.3,30.741,1,31.795,1,1,R,4903869,4,1,A
2025-04-15T14:08:25Z,15.066666666666666,87.61666666666666,0.3,29.669,1,32.064,1,1,R,4903869,5,1,A
2025-04-25T14:09:19Z,15.0,87.78333333333333,0.1,30.638,1,31.806,1,1,R,4903869,6,1,A
2025-05-05T14:07:55Z,15.066666666666666,87.81666666666666,0.4,30.959,1,31.589,1,1,R,4903869,7,1,A
2025-05-15T14:17:01Z,15.216666666666667,87.78333333333333,0.1,32.229,3,31.818,3,1,R,4903869,8,1,A
2025-05-25T14:18:16Z,15.283333333333333,87.76666666666667,0.1,30.607,1,32.137,1,1,R,4903869,9,1,A
2025-06-04T14:18:32Z,15.466666666666667,87.75,0.3,30.432,1,32.999,1,1,R,4903869,10,1,A
2025-06-14T14:16:14Z,15.483333333333333,87.91666666666667,0.2,30.158,1,33.091,1,1,R,4903869,11,1,A
2025-06-24T14:27:26Z,15.483333333333333,88.16666666666667,0.4,29.564,1,32.335,1,1,R,4903869,12,1,A
2025-07-04T14:07:03Z,15.683333333333334,88.3,0.2,29.016,1,32.863,1,1,R,4903869,13,1,A
2025-07-14T14:13:13Z,15.916666666666666,88.3,0.4,29.31,1,32.986,1,1,R,4903869,14,1,A
2025-07-24T14:15:08Z,16.116666666666667,88.3,0.4,28.943,1,33.149,1,1,R,4903869,15,1,A
2025-08-03T14:10:28Z,16.316666666666666,88.28333333333333,0.1,29.528,1,32.914,1,1,R,4903869,16,1,A
2025-09-02T14:09:40Z,16.933333333333334,88.18333333333334,175.7,13.972,1,34.97,1,1,R,4903869,19,1,A
2023-09-18T14:26:52Z,13.25,83.76666666666667,0.3,29.07,1,33.294,1,1,D,5907082,1,1,A
2023-09-28T14:12:52Z,13.316666666666666,83.71666666666667,0.2,29.267,1,33.415,1,1,D,5907082,2,1,A
2023-10-08T14:14:34Z,13.333333333333334,83.68333333333334,0.2,29.357,1,33.313,1,1,D,5907082,3,1,A
2023-10-18T14:16:30Z,12.866666666666667,83.68333333333334,0.0,29.714,1,33.478,1,1,D,5907082,4,1,A
2023-10-28T14:03:00Z,12.333333333333334,83.61666666666666,0.2,29.126,1,33.876,1,1,D,5907082,5,1,A
2023-11-07T13:58:55Z,12.116666666666667,83.48333333333333,0.2,29.831,1,33.45,1,1,D,5907082,6,1,A
2023-11-17T14:04:55Z,12.466666666666667,83.35,0.2,29.54,1,33.469,1,1,D,5907082,7,1,A
2023-11-27T14:14:21Z,12.916666666666666,83.65,0.2,29.477,1,33.567,1,1,D,5907082,8,1,A
2023-12-07T14:20:27Z,12.916666666666666,84.13333333333334,0.2,28.967,3,33.328,3,1,D,5907082,9,1,A
2023-12-17T14:06:34Z,12.383333333333333,84.11666666666666,0.2,28.436,1,33.718,1,1,D,5907082,10,1,A
2023-12-27T14:02:56Z,11.683333333333334,83.66666666666667,0.3,28.086,1,33.351,1,1,D,5907082,11,1,A
2024-01-06T14:09:38Z,11.266666666666667,83.71666666666667,0.1,28.153,1,33.009,1,1,D,5907082,12,1,A
2024-01-16T14:01:01Z,11.583333333333334,84.03333333333333,0.1,28.035,1,33.325,1,1,D,5907082,13,1,A
2024-01-26T14:16:31Z,12.016666666666667,84.01666666666667,0.4,27.942,1,33.348,1,1,D,5907082,14,1,A
2024-02-05T14:01:52Z,12.45,84.0,0.2,27.976,1,33.364,1,1,D,5907082,15,1,A
2024-02-15T14:12:29Z,12.7,83.51666666666667,0.2,27.793,1,33.256,1,1,D,5907082,16,1,A
2024-02-25T14:12:44Z,12.383333333333333,83.45,0.3,28.237,1,33.249,1,1,D,5907082,17,1,A
2024-03-06T14:10:03Z,12.583333333333334,83.48333333333333,0.1,28.579,1,32.989,1,1,D,5907082,18,1,A
2024-03-16T14:06:51Z,12.933333333333334,82.96666666666667,0.2,28.938,1,32.861,1,1,D,5907082,19,1,A
2024-03-26T14:05:55Z,13.2,82.3,0.3,29.141,1,32.785,1,1,D,5907082,20,1,A
2024-04-05T14:08:30Z,13.2,81.6,0.3,29.916,1,32.962,1,1,D,5907082,21,1,A
2024-04-15T14:11:49Z,13.45,81.38333333333334,0.3,30.895,3,32.968,3,1,D,5907082,22,1,A
2024-04-25T14:00:26Z,13.383333333333333,81.35,0.2,30.671,1,33.237,1,1,D,5907082,23,1,A
2024-05-05T14:03:59Z,13.15,81.78333333333333,0.0,30.821,1,32.954,1,1,D,5907082,24,1,A
2024-05-15T14:02:52Z,13.683333333333334,82.03333333333333,0.3,31.22,1,32.933,1,1,D,5907082,25,1,A
2024-05-25T14:20:26Z,14.15,81.65,0.3,31.437,1,33.105,1,1,D,5907082,26,1,A
2024-06-04T14:16:04Z,14.3,81.03333333333333,0.2,30.748,1,33.326,1,1,D,5907082,27,1,A
2024-06-14T14:02:34Z,14.516666666666667,80.7,0.2,30.782,1,33.63,1,1,D,5907082,28,1,A
2024-06-24T14:02:13Z,14.85,80.63333333333334,0.0,29.814,1,33.961,1,1,D,5907082,29,1,A
2024-07-04T09:14:19Z,15.333333333333334,81.01666666666667,0.2,29.55,1,33.236,1,1,D,5907082,30,1,A
2024-07-14T14:14:33Z,15.35,81.31666666666666,0.0,27.917,1,33.758,1,1,D,5907082,31,1,A
2024-07-24T14:04:28Z,15.233333333333333,81.73333333333333,0.1,27.235,1,33.758,1,1,D,5907082,32,1,A
2024-08-03T14:02:56Z,15.083333333333334,81.73333333333333,0.1,29.606,1,33.353,1,1,D,5907082,33,1,A
2024-08-13T14:04:52Z,15.3,81.55,0.3,30.317,1,33.702,1,1,D,5907082,34,1,A
2024-08-23T14:10:44Z,15.4,81.41666666666667,0.1,30.015,1,33.455,1,1,D,5907082,35,1,A
2024-09-02T14:16:05Z,14.733333333333333,81.63333333333334,0.1,29.424,1,33.274,1,1,D,5907082,36,1,A
2024-09-12T14:20:00Z,13.783333333333333,82.01666666666667,0.2,29.484,1,33.154,1,1,D,5907082,37,1,A
2024-09-22T14:12:50Z,13.95,82.78333333333333,0.1,29.303,1,33.144,1,1,D,5907082,38,1,A
2024-10-02T14:04:55Z,14.083333333333334,83.5,0.2,29.674,1,33.101,1,1,D,5907082,39,1,A
2024-10-12T14:17:36Z,14.2,83.41666666666667,0.2,30.552,1,32.72,1,1,D,5907082,40,1,A
2024-10-22T13:59:50Z,14.083333333333334,82.9,0.2,30.289,1,33.093,1,1,D,5907082,41,1,A
2024-11-01T14:20:19Z,13.75,82.46666666666667,0.3,30.486,1,32.971,1,1,D,5907082,42,1,A
2024-11-11T14:06:26Z,12.7,82.2,9.0,29.762,1,30.502,1,1,D,5907082,43,1,A
2024-11-21T14:09:21Z,11.5,82.36666666666666,0.2,28.943,1,32.04,1,1,D,5907082,44,1,A
2024-12-01T14:08:32Z,12.5,83.05,0.1,28.084,1,32.415,1,1,D,5907082,45,1,A
2024-12-11T14:05:26Z,13.583333333333334,82.8,0.2,28.397,1,30.935,1,1,D,5907082,46,1,A
2024-12-21T14:03:46Z,13.9,82.28333333333333,0.0,27.603,1,33.263,1,1,D,5907082,47,1,A
2024-12-31T14:08:25Z,14.066666666666666,81.91666666666667,0.2,27.876,1,33.479,1,1,D,5907082,48,1,A
2025-01-10T14:05:57Z,14.483333333333333,82.0,0.4,27.596,1,33.617,1,1,D,5907082,49,1,A
2025-01-20T14:14:01Z,13.766666666666667,82.2,0.1,27.123,1,32.889,1,1,D,5907082,50,1,A
2025-01-30T14:04:25Z,14.066666666666666,81.21666666666667,0.3,27.537,1,33.172,1,1,D,5907082,51,1,A
2025-02-09T14:14:04Z,14.666666666666666,81.36666666666666,0.1,28.069,1,32.574,1,1,D,5907082,52,1,A
2025-02-19T05:56:55Z,15.7,81.61666666666666,0.2,28.466,1,32.732,1,1,D,5907082,53,1,A
2025-03-01T14:09:30Z,16.35,83.55,0.2,28.289,3,31.527,3,1,D,5907082,54,1,A
2025-03-11T14:06:02Z,17.7,84.35,0.3,28.556,1,32.194,1,1,D,5907082,55,1,A
2025-03-21T14:03:06Z,18.816666666666666,85.81666666666666,0.2,28.85,1,32.996,1,1,D,5907082,56,1,A
2025-03-31T14:07:48Z,18.316666666666666,86.58333333333333,0.3,29.189,1,32.222,1,1,D,5907082,57,1,A
2025-04-10T14:09:25Z,17.833333333333332,86.4,0.3,29.506,1,32.037,1,1,D,5907082,58,1,A
2025-04-20T14:13:46Z,17.883333333333333,85.96666666666667,0.2,29.596,1,32.261,1,1,D,5907082,59,1,A
2025-04-30T14:05:56Z,18.45,85.63333333333334,0.3,30.375,1,32.983,1,1,D,5907082,60,1,A
2025-05-10T14:06:49Z,18.666666666666668,85.81666666666666,0.3,30.539,1,33.18,1,1,D,5907082,61,1,A
2025-05-20T14:02:01Z,18.533333333333335,85.5,0.3,31.004,1,33.205,1,1,D,5907082,62,1,A
2025-05-30T14:09:02Z,17.816666666666666,85.5,0.4,30.377,1,33.398,1,1,R,5907082,63,1,A
2025-06-09T14:13:03Z,16.833333333333332,85.85,0.2,30.833,1,32.881,1,1,R,5907082,64,1,A
2025-06-19T14:12:14Z,16.0,85.65,0.4,30.102,1,32.996,1,1,R,5907082,65,1,A
2025-06-29T14:14:58Z,15.466666666666667,85.31666666666666,0.3,29.378,1,33.009,1,1,R,5907082,66,1,A
2025-07-09T14:09:23Z,15.466666666666667,85.0,0.2,29.072,1,32.96,1,1,R,5907082,67,1,A
2025-07-19T14:15:55Z,15.616666666666667,84.68333333333334,0.1,30.192,1,33.394,1,1,R,5907082,68,1,A
2025-07-29T14:09:20Z,15.7,84.58333333333333,0.4,29.104,1,33.787,1,1,R,5907082,69,1,A
2025-08-08T14:15:12Z,15.866666666666667,84.76666666666667,0.4,30.477,1,32.749,1,1,R,5907082,70,1,A
2025-08-18T14:22:44Z,16.1,85.01666666666667,0.3,29.239,1,32.544,1,1,R,5907082,71,1,A
2025-08-28T14:20:21Z,16.133333333333333,84.88333333333334,0.4,28.646,4,32.368,4,4,R,5907082,72,1,A
2025-09-07T14:12:19Z,16.133333333333333,84.58333333333333,8.9,29.425,1,31.297,1,1,R,5907082,73,1,A
2023-09-19T14:25:55Z,13.366666666666667,86.41666666666667,0.2,28.839,1,0.0,4,1,D,5907083,1,1,A
2023-09-29T14:05:34Z,13.2,86.71666666666667,0.3,28.627,1,31.66,3,1,D,5907083,2,1,A
2023-10-09T13:51:27Z,13.216666666666667,87.1,0.1,29.444,1,33.305,3,1,D,5907083,3,1,A
2023-10-19T14:14:56Z,13.316666666666666,87.43333333333334,0.2,29.954,1,32.919,3,1,D,5907083,4,1,A
2023-10-29T14:17:56Z,13.55,87.53333333333333,0.2,29.802,1,32.896,3,1,D,5907083,5,1,A
2023-11-08T13:58:41Z,13.933333333333334,87.43333333333334,0.2,29.613,1,32.918,3,1,D,5907083,6,1,A
2023-11-18T14:13:26Z,14.233333333333333,87.35,0.4,29.188,1,32.945,3,1,D,5907083,7,1,A
2023-11-28T14:13:34Z,14.616666666666667,87.16666666666667,0.1,29.132,1,33.039,3,1,D,5907083,8,1,A
2023-12-08T14:01:03Z,14.65,87.13333333333334,0.1,29.015,1,33.066,1,1,D,5907083,9,1,A
2023-12-18T14:06:31Z,14.3,86.86666666666666,0.3,28.285,1,33.199,3,1,D,5907083,10,1,A
2023-12-28T14:05:49Z,13.933333333333334,86.35,0.4,28.124,1,33.24,3,1,D,5907083,11,1,A
2024-01-07T14:07:55Z,13.516666666666667,85.71666666666667,0.2,27.504,1,33.331,3,1,D,5907083,12,1,A
2024-01-17T14:11:10Z,13.35,85.06666666666666,0.2,27.398,1,33.324,3,1,D,5907083,13,1,A
2024-01-27T14:05:14Z,13.366666666666667,84.51666666666667,0.1,27.87,1,33.417,3,1,D,5907083,14,1,A
2024-02-06T14:07:37Z,13.483333333333333,84.21666666666667,0.2,27.995,1,33.467,3,1,D,5907083,15,1,A
2024-02-16T14:05:33Z,13.566666666666666,84.08333333333333,0.2,27.848,1,33.513,3,1,D,5907083,16,1,A
2024-02-26T14:13:22Z,13.766666666666667,84.06666666666666,0.3,27.943,1,33.557,3,1,D,5907083,17,1,A
2024-03-07T14:18:25Z,13.983333333333333,84.08333333333333,0.3,28.599,1,33.503,3,1,D,5907083,18,1,A
2024-03-17T14:03:26Z,14.016666666666667,84.1,0.3,28.751,1,33.491,3,1,D,5907083,19,1,A
2024-03-27T14:13:56Z,13.883333333333333,84.16666666666667,0.2,29.236,1,33.52,3,1,D,5907083,20,1,A
2024-04-06T14:08:27Z,13.8,84.2,0.2,29.97,1,33.492,3,1,D,5907083,21,1,A
2024-04-16T14:10:34Z,14.05,83.98333333333333,0.3,30.426,1,33.534,3,1,D,5907083,22,1,A
2024-04-26T14:12:57Z,14.383333333333333,83.76666666666667,0.3,30.734,1,33.598,3,1,D,5907083,23,1,A
2024-05-06T14:05:56Z,14.166666666666666,83.86666666666666,0.2,31.01,1,33.656,1,1,D,5907083,24,1,A
2024-05-16T14:05:04Z,13.983333333333333,84.1,0.4,31.258,1,33.692,1,1,D,5907083,25,1,A
2024-05-26T14:11:25Z,14.233333333333333,84.35,0.0,31.101,1,33.663,1,1,D,5907083,26,1,A
2024-06-05T14:11:21Z,14.533333333333333,84.48333333333333,0.2,30.844,1,33.735,1,1,D,5907083,27,1,A
2024-06-15T14:06:23Z,14.75,84.48333333333333,0.3,30.2,1,33.71,1,1,D,5907083,28,1,A
2024-06-25T14:14:11Z,15.066666666666666,84.35,0.1,29.723,1,33.659,1,1,D,5907083,29,1,A
2024-07-05T14:23:12Z,15.283333333333333,84.38333333333334,0.3,29.534,1,33.725,1,1,D,5907083,30,1,A
2024-07-15T13:58:43Z,15.066666666666666,84.48333333333333,0.1,29.078,1,33.775,1,1,D,5907083,31,1,A
2024-07-25T14:08:52Z,14.833333333333334,84.65,0.3,28.433,1,33.842,1,1,D,5907083,32,1,A
2024-08-04T14:07:03Z,14.666666666666666,84.71666666666667,0.3,29.772,1,33.847,1,1,D,5907083,33,1,A
2024-08-14T14:05:22Z,14.383333333333333,84.73333333333333,0.3,30.254,1,33.787,1,1,D,5907083,34,1,A
2024-08-24T14:08:34Z,14.2,84.75,0.3,29.738,1,33.903,1,1,D,5907083,35,1,A
2024-09-03T14:09:56Z,13.85,84.93333333333334,0.2,29.291,1,33.923,1,1,D,5907083,36,1,A
2024-09-13T14:15:19Z,13.25,85.18333333333334,0.3,29.221,1,33.938,1,1,D,5907083,37,1,A
2024-09-23T14:11:22Z,12.783333333333333,85.35,0.4,29.238,1,33.963,1,1,D,5907083,38,1,A
2024-10-03T14:09:46Z,12.816666666666666,85.38333333333334,0.3,29.78,1,33.95,3,1,D,5907083,39,1,A
2024-10-13T14:01:25Z,12.983333333333333,85.48333333333333,9.4,30.096,1,33.781,3,1,D,5907083,40,1,A
2024-10-23T14:17:16Z,13.333333333333334,85.71666666666667,0.3,30.033,1,33.986,3,1,D,5907083,41,1,A
2024-11-02T14:01:19Z,13.616666666666667,85.93333333333334,0.4,30.158,1,33.983,3,1,D,5907083,42,1,A
2024-11-12T14:15:55Z,13.333333333333334,86.16666666666667,0.2,29.846,1,33.948,3,1,D,5907083,43,1,A
2024-11-22T14:08:12Z,12.716666666666667,86.41666666666667,0.4,29.62,1,33.987,1,1,D,5907083,44,1,A
2024-12-02T14:18:23Z,12.816666666666666,86.41666666666667,0.3,28.996,1,34.0,1,1,D,5907083,45,1,A
2024-12-12T14:20:27Z,13.016666666666667,86.36666666666666,0.3,28.486,1,34.026,1,1,D,5907083,46,1,A
2024-12-22T14:02:07Z,13.066666666666666,86.81666666666666,0.3,28.364,1,34.02,3,1,D,5907083,47,1,A
2025-01-01T13:58:32Z,13.15,87.51666666666667,0.3,28.479,1,34.096,3,1,D,5907083,48,1,A
2025-01-11T13:52:33Z,13.233333333333333,88.23333333333333,0.3,28.131,1,34.112,3,1,D,5907083,49,1,A
2025-01-21T14:05:16Z,13.083333333333334,88.51666666666667,0.2,28.166,1,34.119,1,1,D,5907083,50,1,A
2025-01-31T13:52:18Z,12.933333333333334,88.46666666666667,0.1,28.265,1,34.073,1,1,D,5907083,51,1,A
2025-02-10T14:12:55Z,12.7,88.18333333333334,0.4,27.603,1,34.156,1,1,D,5907083,52,1,A
2025-02-20T14:20:03Z,12.45,87.88333333333334,0.2,28.415,1,34.118,1,1,D,5907083,53,1,A
2025-03-02T14:00:32Z,12.183333333333334,87.5,0.3,28.723,1,34.117,1,1,D,5907083,54,1,A
2025-03-12T14:13:41Z,11.966666666666667,86.98333333333333,0.3,29.054,1,34.077,1,1,D,5907083,55,1,A
2025-03-22T14:16:27Z,11.816666666666666,86.53333333333333,0.3,29.503,1,34.151,1,1,D,5907083,56,1,A
2025-04-01T14:20:58Z,11.75,86.16666666666667,0.2,29.672,1,34.15,1,1,D,5907083,57,1,A
2025-04-11T14:14:43Z,11.633333333333333,85.93333333333334,0.2,29.767,1,34.169,1,1,D,5907083,58,1,A
2025-04-21T13:53:31Z,11.6,85.93333333333334,0.2,30.708,1,34.094,1,1,D,5907083,59,1,A
2025-05-01T14:00:32Z,11.766666666666667,86.2,0.3,30.629,1,34.165,1,1,D,5907083,60,1,A
2025-05-11T13:56:21Z,11.666666666666666,86.61666666666666,0.2,31.149,1,34.033,3,1,D,5907083,61,1,A
2025-05-21T14:14:19Z,11.9,86.93333333333334,0.4,30.619,1,34.213,3,1,D,5907083,62,1,A
2025-05-31T14:08:15Z,12.083333333333334,87.15,0.4,30.029,1,34.259,3,1,R,5907083,63,1,A
2025-06-10T14:10:24Z,12.4,87.2,0.2,29.964,1,34.263,3,1,R,5907083,64,1,A
2025-06-20T14:02:56Z,12.733333333333333,87.2,0.2,29.952,1,34.277,3,1,R,5907083,65,1,A
2025-06-30T14:20:33Z,12.866666666666667,87.3,0.4,29.514,1,34.287,3,1,R,5907083,66,1,A
2025-07-10T14:05:02Z,12.866666666666667,87.5,0.2,29.525,1,34.284,3,1,R,5907083,67,1,A
2025-07-20T14:09:33Z,12.783333333333333,87.51666666666667,0.2,29.453,1,34.3,3,1,R,5907083,68,1,A
2025-07-30T14:03:27Z,12.85,87.36666666666666,0.2,29.351,1,34.301,3,1,R,5907083,69,1,A
2025-08-09T14:10:04Z,12.816666666666666,87.15,0.2,29.683,1,34.309,3,1,R,5907083,70,1,A
2025-08-19T14:10:07Z,12.633333333333333,86.96666666666667,0.4,29.1,1,34.335,3,1,R,5907083,71,1,A
2025-08-29T14:07:31Z,12.616666666666667,86.76666666666667,0.2,29.371,1,34.33,1,1,R,5907083,72,1,A
2025-09-08T14:16:55Z,12.55,86.58333333333333,0.3,29.476,1,34.299,1,1,R,5907083,73,1,A
2025-01-07T14:51:04Z,9.033333333333333,84.86666666666666,0.1,28.9,1,34.201,1,1,R,5907140,1,1,A
2025-01-17T14:12:06Z,8.916666666666666,84.55,0.4,27.378,1,32.9,1,1,R,5907140,2,1,A
2025-01-27T13:55:25Z,8.766666666666667,84.26666666666667,0.4,27.104,1,33.036,1,1,R,5907140,3,1,A
2025-02-06T13:57:31Z,8.6,83.83333333333333,0.2,28.098,1,33.331,1,1,R,5907140,4,1,A
2025-02-16T14:10:02Z,8.366666666666667,83.26666666666667,0.4,28.877,1,33.354,1,1,R,5907140,5,1,A
2025-02-26T14:02:30Z,8.1,82.63333333333334,0.3,28.678,1,33.533,1,1,R,5907140,6,1,A
2025-03-08T13:54:33Z,7.4,82.31666666666666,0.1,28.883,1,33.497,1,1,R,5907140,7,1,A
2025-03-18T14:03:33Z,5.6,81.61666666666666,0.1,29.496,1,33.582,1,1,R,5907140,8,1,A
2025-03-28T14:00:55Z,5.083333333333333,82.73333333333333,0.2,30.704,3,34.047,3,1,R,5907140,9,1,A
2025-04-07T14:04:08Z,5.583333333333333,82.06666666666666,0.3,29.776,1,33.81,3,1,R,5907140,10,1,A
2025-04-17T14:04:32Z,5.333333333333333,81.86666666666666,0.1,30.297,1,33.38,3,1,R,5907140,11,1,A
2025-04-27T13:57:45Z,5.633333333333333,81.51666666666667,0.3,30.053,1,33.492,1,1,R,5907140,12,1,A
2025-05-07T13:51:43Z,6.516666666666667,82.05,0.4,30.174,1,33.586,1,1,R,5907140,13,1,A
2025-05-17T14:14:46Z,7.166666666666667,82.48333333333333,0.1,30.803,1,33.039,1,1,R,5907140,14,1,A
2025-05-27T14:02:01Z,8.433333333333334,83.65,0.2,30.333,1,33.28,1,1,R,5907140,15,1,A
2025-06-06T14:09:25Z,9.816666666666666,82.38333333333334,0.2,30.433,1,33.602,1,1,R,5907140,16,1,A
2025-06-16T14:08:53Z,10.566666666666666,82.56666666666666,0.3,30.041,1,33.558,1,1,R,5907140,17,1,A
2025-06-26T14:08:30Z,9.6,82.33333333333333,0.1,29.938,1,33.693,1,1,R,5907140,18,1,A
2025-07-06T14:07:27Z,9.883333333333333,81.95,0.4,29.848,1,33.267,1,1,R,5907140,19,1,A
2025-07-16T14:03:15Z,9.433333333333334,82.0,0.1,29.908,1,33.198,1,1,R,5907140,20,1,A
2025-07-26T14:02:52Z,8.783333333333333,83.05,0.4,29.067,1,33.651,1,1,R,5907140,21,1,A
2025-08-05T13:57:55Z,6.933333333333334,83.3,0.2,29.271,1,33.552,1,1,R,5907140,22,1,A
2025-08-15T14:14:52Z,6.966666666666667,83.88333333333334,0.1,28.832,1,34.028,1,1,R,5907140,23,1,A
2025-08-25T14:02:33Z,7.933333333333334,83.86666666666666,0.1,29.338,1,33.978,1,1,R,5907140,24,1,A
2025-09-04T13:50:05Z,8.316666666666666,83.53333333333333,0.4,29.88,1,33.827,1,1,R,5907140,25,1,A
2025-09-14T14:14:03Z,8.2,83.51666666666667,0.3,29.539,1,34.066,1,1,R,5907140,26,1,A
2025-02-24T14:21:46Z,14.666666666666666,89.56666666666666,0.4,27.842,1,31.896,1,1,R,5907171,1,1,A
2025-03-06T14:08:25Z,14.366666666666667,89.31666666666666,0.3,28.632,1,32.595,1,1,R,5907171,2,1,A
2025-03-16T14:11:20Z,13.966666666666667,89.01666666666667,0.4,29.654,1,32.519,1,1,R,5907171,3,1,A
2025-03-26T14:12:47Z,13.666666666666666,88.8,0.1,29.727,4,33.061,4,4,R,5907171,4,1,A
2025-04-05T14:12:20Z,13.683333333333334,88.55,0.1,29.997,1,33.227,1,1,R,5907171,5,1,A
2025-04-15T14:05:55Z,13.633333333333333,88.16666666666667,0.2,30.235,1,33.122,1,1,R,5907171,6,1,A
2025-04-25T14:15:16Z,13.466666666666667,88.0,0.3,31.347,1,33.278,1,1,R,5907171,7,1,A
2025-05-05T14:07:13Z,13.383333333333333,88.2,0.2,30.706,1,32.44,1,1,R,5907171,8,1,A
2025-05-15T14:05:56Z,13.716666666666667,88.55,0.3,31.673,1,32.127,1,1,R,5907171,9,1,A
2025-05-25T14:06:00Z,14.033333333333333,88.85,0.4,29.855,1,32.052,1,1,R,5907171,10,1,A
2025-06-04T14:15:37Z,14.4,89.03333333333333,0.0,30.046,1,32.858,1,1,R,5907171,11,1,A
2025-06-14T14:15:56Z,14.633333333333333,89.11666666666666,0.0,29.925,1,32.529,1,1,R,5907171,12,1,A
2025-06-24T14:10:32Z,14.95,89.05,0.0,29.487,1,32.872,1,1,R,5907171,13,1,A
2025-07-04T14:10:49Z,15.15,89.01666666666667,0.4,29.242,1,32.505,1,1,R,5907171,14,1,A
2025-07-14T14:18:07Z,15.366666666666667,89.1,0.1,29.522,1,32.723,1,1,R,5907171,15,1,A
2025-07-24T14:16:42Z,15.383333333333333,89.28333333333333,0.0,29.149,1,32.97,1,1,R,5907171,16,1,A
2025-08-03T14:09:42Z,15.083333333333334,89.35,0.1,29.591,1,33.111,1,1,R,5907171,17,1,A
2025-08-13T14:02:45Z,14.733333333333333,89.31666666666666,0.3,29.619,1,33.031,1,1,R,5907171,18,1,A
2025-09-02T14:06:13Z,13.766666666666667,89.01666666666667,0.4,29.023,1,32.91,1,1,R,5907171,20,1,A
2023-09-27T14:16:44Z,8.566666666666666,89.85,0.0,28.654,1,33.65,1,1,D,6990608,1,1,A
2023-09-28T13:59:30Z,8.516666666666667,89.86666666666666,0.0,28.553,1,33.604,1,1,D,6990608,2,1,A
2023-09-29T14:02:16Z,8.466666666666667,89.88333333333334,0.1,28.591,1,33.571,1,1,D,6990608,3,1,A
2023-09-30T14:05:19Z,8.4,89.88333333333334,0.0,28.644,1,33.339,1,1,D,6990608,4,1,A
2023-10-01T14:00:49Z,8.333333333333334,89.88333333333334,0.4,28.619,1,33.408,1,1,D,6990608,5,1,A
2023-10-02T13:40:00Z,8.25,89.86666666666666,0.1,28.683,1,33.445,1,1,D,6990608,6,1,A
2023-10-03T13:44:27Z,8.183333333333334,89.86666666666666,0.1,28.646,1,33.452,1,1,D,6990608,7,1,A
2023-10-04T14:00:59Z,8.116666666666667,89.86666666666666,0.1,28.584,1,33.392,1,1,D,6990608,8,1,A
2023-10-05T13:43:24Z,8.05,89.86666666666666,0.1,28.613,1,33.433,1,1,D,6990608,9,1,A
2023-10-06T14:01:04Z,7.983333333333333,89.85,0.4,28.762,1,33.387,1,1,D,6990608,10,1,A
2023-10-07T13:54:03Z,7.933333333333334,89.85,0.2,28.763,1,33.186,1,1,D,6990608,11,1,A
2023-10-08T13:55:13Z,7.883333333333333,89.85,0.3,28.776,1,32.908,1,1,D,6990608,12,1,A
2023-10-09T14:04:09Z,7.816666666666666,89.85,0.2,29.08,1,33.077,1,1,D,6990608,13,1,A
2023-10-10T13:54:25Z,7.766666666666667,89.83333333333333,0.1,29.161,1,33.207,1,1,D,6990608,14,1,A
2023-10-11T14:13:26Z,7.7,89.83333333333333,0.1,28.478,1,33.149,1,1,D,6990608,15,1,A
2023-10-12T14:05:21Z,7.633333333333333,89.81666666666666,0.1,28.741,1,33.148,1,1,D,6990608,16,1,A
2023-10-13T14:11:33Z,7.583333333333333,89.81666666666666,0.1,28.65,1,33.172,1,1,D,6990608,17,1,A
2023-10-23T14:03:33Z,7.3,89.58333333333333,0.3,28.957,1,33.207,1,1,D,6990608,18,1,A
2023-11-02T13:51:49Z,7.366666666666666,89.48333333333333,0.4,29.35,1,33.001,1,1,D,6990608,19,1,A
2023-11-12T14:14:04Z,7.7,89.58333333333333,0.3,29.917,1,32.39,1,1,D,6990608,20,1,A
2023-11-22T14:10:21Z,7.933333333333334,89.73333333333333,0.3,29.748,1,32.277,1,1,D,6990608,21,1,A
2023-12-02T14:06:11Z,8.066666666666666,89.78333333333333,0.2,28.713,1,32.431,1,1,D,6990608,22,1,A
2023-12-12T14:20:14Z,8.333333333333334,89.75,0.1,29.096,1,32.063,1,1,D,6990608,23,1,A
2023-12-22T14:02:01Z,8.6,89.75,0.2,28.992,1,32.498,1,1,D,6990608,24,1,A
2024-01-01T13:53:34Z,8.616666666666667,89.65,0.1,28.605,1,32.5,1,1,D,6990608,25,1,A
2024-01-11T14:14:22Z,8.25,89.26666666666667,0.1,28.463,1,32.625,1,1,D,6990608,26,1,A
2024-01-21T13:55:58Z,7.783333333333333,88.78333333333333,0.4,28.794,1,33.15,1,1,D,6990608,27,1,A
2024-01-31T13:58:33Z,7.4,88.36666666666666,0.1,29.399,3,33.306,3,1,D,6990608,28,1,A
2024-02-10T13:59:25Z,7.15,87.98333333333333,0.2,28.919,1,33.222,1,1,D,6990608,29,1,A
2024-02-20T13:52:47Z,7.183333333333334,87.4,0.4,29.504,1,33.975,1,1,D,6990608,30,1,A
2024-03-01T14:08:29Z,7.333333333333333,86.71666666666667,0.3,29.273,1,32.877,1,1,D,6990608,31,1,A
2024-03-11T14:00:52Z,7.3,86.13333333333334,0.1,29.346,1,33.506,1,1,D,6990608,32,1,A
2024-03-21T14:05:57Z,7.133333333333334,85.88333333333334,0.0,29.603,1,33.37,1,1,D,6990608,33,1,A
2024-03-31T13:51:19Z,7.033333333333333,85.86666666666666,0.4,31.137,3,32.972,3,1,D,6990608,34,1,A
2024-04-10T14:15:55Z,7.216666666666667,85.68333333333334,0.3,30.638,1,32.83,1,1,D,6990608,35,1,A
2024-04-20T13:59:55Z,7.083333333333333,85.66666666666667,0.1,31.74,1,32.863,1,1,D,6990608,36,1,A
2024-04-30T14:07:52Z,6.916666666666667,85.91666666666667,0.0,31.783,1,32.423,1,1,D,6990608,37,1,A
2024-05-10T14:11:55Z,7.15,86.4,0.2,32.103,1,32.645,1,1,D,6990608,38,1,A
2024-05-20T13:54:00Z,7.533333333333333,86.88333333333334,0.2,31.072,1,33.207,1,1,D,6990608,39,1,A
2024-05-30T14:08:20Z,7.73041,87.35132,0.1,29.965,1,33.562,1,1,D,6990608,40,1,A
2024-06-09T13:38:04Z,7.066666666666666,87.48333333333333,0.0,29.596,1,33.664,1,1,D,6990608,41,1,A
2024-06-19T14:07:55Z,6.666666666666667,86.95,0.0,29.624,1,33.434,1,1,D,6990608,42,1,A
2024-06-29T14:13:55Z,6.8,86.66666666666667,0.4,29.444,1,33.234,1,1,D,6990608,43,1,A
2024-07-09T14:11:55Z,6.85,86.55,0.0,29.479,1,33.508,1,1,D,6990608,44,1,A
2024-07-19T13:49:39Z,6.933333333333334,86.5,0.0,29.155,1,33.639,1,1,D,6990608,45,1,A
2024-07-29T14:03:20Z,6.15,86.73333333333333,0.4,29.433,1,33.824,1,1,D,6990608,46,1,A
2024-08-08T13:56:19Z,5.966666666666667,87.33333333333333,0.1,29.664,1,34.164,1,1,D,6990608,47,1,A
2024-08-18T13:48:38Z,6.95,87.58333333333333,0.3,29.123,1,34.814,1,1,D,6990608,48,1,A
2024-08-28T13:51:55Z,7.683333333333334,87.95,0.4,29.37,1,33.988,1,1,D,6990608,49,1,A
2024-09-07T13:57:26Z,7.833333333333333,88.5,0.2,29.004,1,33.889,1,1,D,6990608,50,1,A
2024-09-17T13:47:49Z,8.083333333333334,88.83333333333333,0.4,29.215,1,33.778,1,1,D,6990608,51,1,A
2024-09-27T13:57:06Z,9.05,88.75,0.4,29.469,1,33.326,1,1,D,6990608,52,1,A
2024-10-07T13:51:28Z,9.95,88.85,0.1,29.874,1,34.121,1,1,D,6990608,53,1,A
2024-10-17T14:08:25Z,9.883333333333333,89.06666666666666,0.1,29.56,1,33.198,1,1,D,6990608,54,1,A
2024-10-27T13:58:57Z,9.483333333333333,88.66666666666667,0.3,29.413,1,32.389,1,1,D,6990608,55,1,A
2024-11-06T14:22:26Z,9.4,88.1,0.4,30.104,1,32.67,1,1,D,6990608,56,1,A
2024-11-16T14:06:25Z,9.516666666666667,87.78333333333333,0.4,30.128,1,32.807,1,1,D,6990608,57,1,A
2024-11-26T14:07:52Z,9.5,87.75,0.3,29.215,1,33.514,1,1,D,6990608,58,1,A
2024-12-06T14:08:26Z,9.05,87.75,0.1,29.097,1,32.808,1,1,D,6990608,59,1,A
2024-12-16T14:01:14Z,8.383333333333333,87.7,0.1,28.794,1,34.016,1,1,D,6990608,60,1,A
2024-12-26T13:59:25Z,7.75,87.5,0.4,28.673,1,33.009,1,1,D,6990608,61,1,A
2025-01-05T13:55:56Z,7.616666666666667,87.4,0.2,28.459,1,33.439,1,1,D,6990608,62,1,A
2025-01-15T13:58:18Z,8.016666666666667,87.41666666666667,0.1,28.193,1,33.726,1,1,D,6990608,63,1,A
2025-01-25T14:00:49Z,8.483333333333333,87.55,0.2,27.47,1,32.787,1,1,D,6990608,64,1,A
2025-02-04T14:01:15Z,8.35,87.91666666666667,0.2,28.455,1,33.458,1,1,D,6990608,65,1,A
2025-02-14T13:46:41Z,8.216666666666667,88.33333333333333,0.3,28.246,1,33.071,1,1,D,6990608,66,1,A
2025-02-24T13:50:56Z,8.083333333333334,88.66666666666667,0.3,28.226,1,33.193,1,1,D,6990608,67,1,A
2025-03-06T13:59:55Z,7.9,88.83333333333333,0.1,28.772,1,33.187,1,1,D,6990608,68,1,A
2025-03-16T14:05:50Z,7.983333333333333,88.76666666666667,0.2,29.43,1,33.246,1,1,D,6990608,69,1,A
2025-03-26T14:06:52Z,8.183333333333334,88.68333333333334,0.1,30.005,1,33.202,1,1,D,6990608,70,1,A
2025-04-05T13:54:57Z,8.45,88.78333333333333,0.4,30.016,1,32.359,1,1,D,6990608,71,1,A
2025-04-15T14:13:49Z,8.666666666666666,88.93333333333334,0.1,29.94,1,32.992,1,1,D,6990608,72,1,A
2025-04-25T14:09:57Z,8.733333333333333,89.1,0.1,31.132,1,32.781,1,1,D,6990608,73,1,A
2025-05-05T14:02:31Z,8.8,89.23333333333333,0.4,30.276,1,32.601,1,1,D,6990608,74,1,A
2025-05-15T14:02:49Z,8.616666666666667,89.2,0.4,30.037,1,32.921,1,1,D,6990608,75,1,A
2025-05-25T14:00:55Z,8.283333333333333,89.13333333333334,0.2,30.071,1,32.906,1,1,D,6990608,76,1,A
2025-06-04T14:02:01Z,8.2,89.25,0.0,29.809,1,33.201,1,1,R,6990608,77,1,A
2025-06-14T13:58:08Z,8.333333333333334,89.41666666666667,0.4,29.712,1,33.311,1,1,R,6990608,78,1,A
2025-06-24T14:05:25Z,8.616666666666667,89.41666666666667,0.3,29.234,1,33.65,1,1,R,6990608,79,1,A
2025-07-04T13:51:25Z,8.683333333333334,89.26666666666667,0.0,29.542,1,33.528,1,1,R,6990608,80,1,A
2025-07-14T14:06:32Z,8.566666666666666,89.03333333333333,0.3,29.918,1,33.848,1,1,R,6990608,81,1,A
2025-07-24T14:01:46Z,8.416666666666666,88.75,0.2,29.216,1,33.471,1,1,R,6990608,82,1,A
2025-08-03T14:10:25Z,8.366666666666667,88.45,0.2,29.34,1,33.38,1,1,R,6990608,83,1,A
2025-08-13T13:47:31Z,8.466666666666667,88.13333333333334,0.4,29.151,1,33.49,1,1,R,6990608,84,1,A
2025-08-23T14:11:14Z,8.7,87.91666666666667,0.1,29.049,1,33.437,1,1,R,6990608,85,1,A
2025-09-02T13:57:42Z,8.866666666666667,87.9,0.1,29.105,1,33.826,1,1,R,6990608,86,1,A
2023-09-22T20:21:29Z,7.933333333333334,88.65,9.6,29.257,4,33.543,4,1,D,6990609,1,1,A
2023-10-02T13:41:03Z,8.25,88.93333333333334,0.3,28.914,1,33.22,1,1,D,6990609,2,1,A
2023-10-12T14:01:25Z,8.416666666666666,88.96666666666667,0.1,28.829,1,33.224,1,1,D,6990609,3,1,A
2023-10-22T13:50:28Z,8.5,88.88333333333334,0.3,28.795,1,33.247,1,1,D,6990609,4,1,A
2023-11-01T13:43:04Z,8.633333333333333,88.73333333333333,0.0,29.779,1,33.537,1,1,D,6990609,5,1,A
2023-11-11T14:03:55Z,8.966666666666667,88.45,0.2,30.239,1,33.642,1,1,D,6990609,6,1,A
2023-11-21T14:12:25Z,9.1,88.3,0.2,29.591,1,33.06,1,1,D,6990609,7,1,A
2023-12-01T14:04:07Z,9.033333333333333,88.35,0.3,28.988,1,32.641,1,1,D,6990609,8,1,A
2023-12-11T14:02:27Z,8.733333333333333,88.51666666666667,0.4,29.346,1,32.433,1,1,D,6990609,9,1,A
2023-12-21T13:59:32Z,8.816666666666666,88.85,0.3,28.913,1,32.324,1,1,D,6990609,10,1,A
2023-12-31T14:10:30Z,9.366666666666667,89.35,0.2,28.724,1,32.61,1,1,D,6990609,11,1,A
2024-01-10T14:23:56Z,9.483333333333333,89.75,0.3,28.286,1,32.774,1,1,D,6990609,12,1,A
2024-01-20T13:56:14Z,9.15,89.75,0.0,28.544,1,32.726,1,1,D,6990609,13,1,A
2024-01-30T14:00:02Z,8.683333333333334,89.4,0.0,28.714,1,33.809,1,1,D,6990609,14,1,A
2024-02-09T13:50:53Z,8.2,88.81666666666666,0.1,29.012,1,33.344,1,1,D,6990609,15,1,A
2024-02-19T13:46:25Z,7.9,88.2,0.1,29.51,1,33.86,1,1,D,6990609,16,1,A
2024-02-29T13:59:32Z,7.7,87.85,0.3,29.236,1,32.909,1,1,D,6990609,17,1,A
2024-03-10T14:06:27Z,7.416666666666667,87.86666666666666,0.2,29.036,1,33.375,1,1,D,6990609,18,1,A
2024-03-20T14:05:53Z,7.383333333333334,88.43333333333334,0.4,29.651,1,32.621,1,1,D,6990609,19,1,A
2024-03-30T14:00:11Z,7.716666666666667,89.05,0.1,30.11,1,32.682,1,1,D,6990609,20,1,A
2024-04-09T13:58:01Z,8.05,89.38333333333334,0.1,30.962,1,32.272,1,1,D,6990609,21,1,A
2024-04-19T14:21:34Z,8.25,89.53333333333333,0.3,31.627,3,32.384,3,1,D,6990609,22,1,A
2024-04-29T13:42:03Z,8.333333333333334,89.65,0.1,31.852,1,33.935,1,1,D,6990609,23,1,A
2024-05-09T13:56:43Z,8.016666666666667,89.73333333333333,0.2,31.889,1,32.963,1,1,D,6990609,24,1,A
2024-05-19T14:00:02Z,7.45,89.81666666666666,0.2,31.021,3,34.018,3,1,D,6990609,25,1,A
2024-05-29T13:41:22Z,7.35,89.86666666666666,0.4,30.061,1,33.185,1,1,D,6990609,26,1,A
2024-06-08T14:10:03Z,7.75,89.91666666666667,0.4,29.759,1,33.286,1,1,D,6990609,27,1,A
2024-06-18T14:10:50Z,7.983333333333333,90.2,0.3,29.987,1,33.569,1,1,D,6990609,28,1,A
2024-06-28T14:05:00Z,8.116666666666667,90.56666666666666,0.2,29.801,1,33.688,1,1,D,6990609,29,1,A
2024-07-08T13:45:15Z,8.516666666666667,90.63333333333334,0.2,29.332,1,33.447,1,1,D,6990609,30,1,A
2024-07-18T14:01:44Z,8.9,90.7,0.2,29.288,1,33.66,1,1,D,6990609,31,1,A
2024-07-28T13:42:44Z,8.866666666666667,90.93333333333334,0.4,29.468,1,33.638,1,1,D,6990609,32,1,A
2024-08-07T14:09:55Z,8.516666666666667,90.91666666666667,0.2,29.414,1,33.572,1,1,D,6990609,33,1,A
2024-08-17T14:06:50Z,8.233333333333333,90.71666666666667,0.3,29.58,1,32.539,1,1,D,6990609,34,1,A
2024-08-27T13:54:42Z,8.133333333333333,90.48333333333333,0.4,29.518,1,32.703,1,1,D,6990609,35,1,A
2024-09-06T13:53:02Z,8.216666666666667,90.41666666666667,0.3,28.894,1,33.953,1,1,D,6990609,36,1,A
2024-09-16T13:45:20Z,8.416666666666666,90.4,0.3,29.153,1,34.013,1,1,D,6990609,37,1,A
2024-09-26T13:22:35Z,8.483333333333333,90.45,0.3,29.213,1,33.792,1,1,D,6990609,38,1,A
2024-10-06T13:53:53Z,8.166666666666666,90.68333333333334,0.1,29.421,1,33.256,1,1,D,6990609,39,1,A
2024-10-16T13:42:55Z,8.15,90.95,0.3,29.598,1,32.923,1,1,D,6990609,40,1,A
2024-10-26T13:53:30Z,8.583333333333334,91.25,0.2,28.783,1,32.829,1,1,D,6990609,41,1,A
2024-11-05T13:38:49Z,8.516666666666667,91.41666666666667,0.3,30.443,3,33.629,3,1,D,6990609,42,1,A
2024-11-15T13:31:28Z,8.266666666666667,91.33333333333333,0.1,30.088,1,33.196,1,1,D,6990609,43,1,A
2024-11-25T14:05:54Z,8.3,91.13333333333334,0.2,29.43,1,33.428,1,1,D,6990609,44,1,A
2024-12-05T14:00:55Z,8.483333333333333,90.83333333333333,0.1,29.324,1,33.688,1,1,D,6990609,45,1,A
2024-12-15T14:02:55Z,8.5,90.53333333333333,0.4,29.02,1,33.519,1,1,D,6990609,46,1,A
2024-12-25T14:03:01Z,8.516666666666667,90.2,0.3,29.107,1,34.102,1,1,D,6990609,47,1,A
2025-01-04T14:07:07Z,8.616666666666667,89.96666666666667,0.2,28.845,1,34.09,1,1,D,6990609,48,1,A
2025-01-14T14:08:25Z,8.466666666666667,89.85,0.3,28.49,1,34.097,1,1,D,6990609,49,1,A
2025-01-24T13:45:01Z,8.416666666666666,89.91666666666667,0.2,28.85,1,33.872,1,1,D,6990609,50,1,A
2025-02-03T13:43:03Z,8.666666666666666,90.06666666666666,0.1,28.586,1,33.681,1,1,D,6990609,51,1,A
2025-02-13T13:53:18Z,9.066666666666666,89.98333333333333,0.4,28.0,1,32.852,1,1,D,6990609,52,1,A
2025-02-23T14:12:04Z,9.483333333333333,89.75,0.4,28.239,1,33.084,1,1,D,6990609,53,1,A
2025-03-05T14:09:26Z,9.983333333333333,89.41666666666667,0.3,28.633,1,33.208,1,1,D,6990609,54,1,A
2025-03-15T14:00:31Z,10.366666666666667,89.28333333333333,0.2,29.315,1,33.342,1,1,D,6990609,55,1,A
2025-03-25T14:10:54Z,10.416666666666666,89.46666666666667,0.4,29.624,1,32.989,1,1,D,6990609,56,1,A
2025-04-04T14:11:21Z,10.6,89.76666666666667,0.3,29.584,1,32.897,1,1,D,6990609,57,1,A
2025-04-14T14:19:28Z,10.75,89.91666666666667,0.2,29.927,1,32.92,1,1,D,6990609,58,1,A
2025-04-24T14:08:04Z,10.683333333333334,89.83333333333333,0.1,31.616,1,31.924,1,1,D,6990609,59,1,A
2025-05-04T14:07:55Z,10.7,89.63333333333334,0.2,30.276,3,32.826,3,1,D,6990609,60,1,A
2025-05-14T14:14:58Z,10.716666666666667,89.38333333333334,0.4,30.561,1,32.668,1,1,D,6990609,61,1,A
2025-05-24T13:58:15Z,10.55,89.16666666666667,0.3,30.294,1,32.818,1,1,D,6990609,62,1,A
2025-06-03T14:00:53Z,10.25,89.03333333333333,0.1,29.788,1,32.878,1,1,R,6990609,63,1,A
2025-06-13T13:58:55Z,9.9,88.8,0.0,29.797,1,33.382,1,1,R,6990609,64,1,A
2025-06-22T23:56:55Z,9.85,88.48333333333333,0.4,29.549,1,33.329,1,1,R,6990609,65,1,A
2025-07-03T14:02:20Z,9.766666666666667,88.38333333333334,0.1,29.537,1,33.465,1,1,R,6990609,66,1,A
2025-07-13T14:01:49Z,9.65,88.01666666666667,0.0,29.831,1,33.182,1,1,R,6990609,67,1,A
2025-07-23T13:52:01Z,9.716666666666667,87.68333333333334,0.1,29.062,1,33.887,1,1,R,6990609,68,1,A
2025-08-02T13:56:25Z,9.883333333333333,87.53333333333333,0.4,29.644,1,33.506,1,1,R,6990609,69,1,A
2025-08-12T14:02:25Z,10.016666666666667,87.3,0.1,29.296,1,33.231,1,1,R,6990609,70,1,A
2025-08-22T14:08:18Z,9.9,87.16666666666667,0.3,29.142,1,33.33,1,1,R,6990609,71,1,A
2025-09-01T14:00:49Z,9.9,86.78333333333333,0.0,29.306,1,33.173,1,1,R,6990609,72,1,A
2025-03-05T13:39:55Z,6.55,88.36666666666666,0.3,29.187,1,33.481,1,1,R,6990705,1,1,A
2025-03-15T14:05:28Z,6.25,88.56666666666666,0.2,29.133,1,33.133,1,1,R,6990705,2,1,A
2025-03-25T14:16:25Z,6.416666666666667,88.75,0.2,29.615,1,33.824,1,1,R,6990705,3,1,A
2025-04-04T14:00:32Z,6.733333333333333,88.96666666666667,0.1,29.942,1,32.99,1,1,R,6990705,4,1,A
2025-04-14T13:57:55Z,6.883333333333333,89.1,0.2,30.442,1,32.296,1,1,R,6990705,5,1,A
2025-04-24T13:58:32Z,6.8,89.1,0.3,30.212,1,33.152,1,1,R,6990705,6,1,A
2025-05-04T13:44:49Z,6.683333333333334,89.15,0.4,30.522,1,33.099,1,1,R,6990705,7,1,A
2025-05-14T14:00:33Z,6.316666666666666,89.1,0.3,29.816,1,33.178,1,1,R,6990705,8,1,A
2025-05-24T14:05:27Z,6.133333333333334,88.91666666666667,0.3,29.426,1,33.008,1,1,R,6990705,9,1,A
2025-06-03T13:53:04Z,6.3,88.81666666666666,0.4,29.728,1,33.478,1,1,R,6990705,10,1,A
2025-06-13T14:09:00Z,6.316666666666666,88.88333333333334,0.3,29.2,1,34.301,1,1,R,6990705,11,1,A
2025-06-23T13:55:55Z,6.166666666666667,88.86666666666666,0.4,29.077,1,33.915,1,1,R,6990705,12,1,A
2025-07-03T14:02:00Z,5.966666666666667,88.63333333333334,0.2,29.336,1,33.812,1,1,R,6990705,13,1,A
2025-07-13T13:53:27Z,5.85,88.4,0.2,29.302,1,33.218,1,1,R,6990705,14,1,A
2025-07-23T13:39:20Z,5.916666666666667,88.26666666666667,0.3,29.108,1,34.189,1,1,R,6990705,15,1,A
2025-08-02T13:53:04Z,6.033333333333333,88.25,0.2,28.841,1,33.606,1,1,R,6990705,16,1,A
2025-08-12T13:55:02Z,6.233333333333333,88.28333333333333,0.4,29.012,1,34.19,1,1,R,6990705,17,1,A
2025-08-22T14:00:25Z,6.483333333333333,88.2,0.1,28.973,1,34.102,1,1,R,6990705,18,1,A
2025-09-01T13:57:33Z,6.65,87.91666666666667,0.1,29.115,1,34.225,1,1,R,6990705,19,1,A
2023-09-20T14:28:28Z,13.483333333333333,89.05,0.1,28.65,1,32.972,1,1,D,7901125,1,1,A
2023-09-30T14:02:02Z,14.116666666666667,88.95,0.4,28.755,1,33.007,1,1,D,7901125,2,1,A
2023-10-10T14:15:50Z,14.666666666666666,89.0,0.1,29.333,1,32.841,1,1,D,7901125,3,1,A
2023-10-20T14:13:58Z,14.95,89.46666666666667,0.2,29.822,1,32.953,1,1,D,7901125,4,1,A
2023-10-30T14:00:51Z,14.433333333333334,89.65,0.4,29.431,1,32.865,1,1,D,7901125,5,1,A
2023-11-09T14:00:25Z,13.7,89.3,0.3,29.689,1,32.394,1,1,D,7901125,6,1,A
2023-11-19T14:11:49Z,13.266666666666667,88.86666666666666,0.3,29.44,1,32.474,1,1,D,7901125,7,1,A
2023-11-29T14:10:00Z,12.983333333333333,88.58333333333333,0.2,29.249,1,32.496,1,1,D,7901125,8,1,A
2023-12-09T14:06:27Z,12.816666666666666,88.6,0.2,29.698,1,32.411,1,1,D,7901125,9,1,A
2023-12-19T14:08:50Z,13.166666666666666,88.83333333333333,0.1,28.804,1,32.887,1,1,D,7901125,10,1,A
2023-12-29T13:57:56Z,13.6,89.11666666666666,0.2,28.835,1,32.403,1,1,D,7901125,11,1,A
2024-01-08T14:12:32Z,14.083333333333334,89.26666666666667,0.2,28.639,1,32.548,1,1,D,7901125,12,1,A
2024-01-18T14:00:57Z,14.333333333333334,89.36666666666666,0.4,28.1,1,32.694,1,1,D,7901125,13,1,A
2024-01-28T14:04:14Z,14.45,89.41666666666667,0.3,26.822,1,32.253,1,1,D,7901125,14,1,A
2024-02-07T14:10:33Z,14.433333333333334,89.41666666666667,0.1,26.976,1,32.05,1,1,D,7901125,15,1,A
2024-02-17T14:07:01Z,14.333333333333334,89.51666666666667,0.2,27.033,1,32.319,1,1,D,7901125,16,1,A
2024-02-27T14:05:27Z,14.1,89.48333333333333,0.1,28.316,1,32.57,1,1,D,7901125,17,1,A
2024-03-08T14:09:02Z,13.733333333333333,89.38333333333334,0.4,27.748,1,31.89,1,1,D,7901125,18,1,A
2024-03-18T14:00:04Z,13.283333333333333,89.16666666666667,0.4,28.099,1,31.912,1,1,D,7901125,19,1,A
2024-03-28T14:05:20Z,13.05,89.06666666666666,0.2,28.352,1,32.125,1,1,D,7901125,20,1,A
2024-04-07T14:10:32Z,12.866666666666667,89.08333333333333,0.2,29.952,3,31.663,3,1,D,7901125,21,1,A
2024-04-17T14:14:54Z,12.883333333333333,89.25,0.4,30.445,1,32.134,1,1,D,7901125,22,1,A
2024-04-27T14:11:04Z,13.333333333333334,89.6,0.4,31.92,1,31.944,1,1,D,7901125,23,1,A
2024-05-07T14:00:25Z,14.133333333333333,90.03333333333333,0.2,31.936,1,31.934,1,1,D,7901125,24,1,A
2024-05-17T14:10:33Z,14.8,90.33333333333333,0.1,32.642,1,32.353,1,1,D,7901125,25,1,A
2024-05-27T14:05:26Z,15.116666666666667,90.41666666666667,0.3,30.475,1,32.736,1,1,D,7901125,26,1,A
2024-06-06T14:11:51Z,15.2,90.21666666666667,0.2,29.923,1,32.643,1,1,D,7901125,27,1,A
2024-06-16T14:07:55Z,15.266666666666667,89.91666666666667,0.1,29.678,1,32.949,1,1,D,7901125,28,1,A
2024-06-26T14:13:04Z,15.316666666666666,89.66666666666667,0.2,29.206,1,32.422,1,1,D,7901125,29,1,A
2024-07-06T14:15:55Z,15.316666666666666,89.35,0.2,29.34,1,32.418,1,1,D,7901125,30,1,A
2024-07-16T14:15:25Z,15.266666666666667,89.15,0.0,29.112,1,32.742,1,1,D,7901125,31,1,A
2024-07-26T13:44:26Z,15.0,88.93333333333334,0.4,28.801,1,32.877,1,1,D,7901125,32,1,A
2024-08-05T13:58:19Z,14.633333333333333,88.73333333333333,0.3,29.032,1,33.459,1,1,D,7901125,33,1,A
2024-08-15T14:07:59Z,14.133333333333333,88.7,0.3,29.929,1,32.851,1,1,D,7901125,34,1,A
2024-08-25T14:00:25Z,13.516666666666667,88.55,0.2,29.63,1,33.048,1,1,D,7901125,35,1,A
2024-09-04T14:04:04Z,12.85,88.4,0.2,29.238,1,32.777,1,1,D,7901125,36,1,A
2024-09-14T14:09:12Z,12.416666666666666,88.35,0.2,29.193,1,32.768,1,1,D,7901125,37,1,A
2024-09-24T14:07:55Z,12.333333333333334,88.35,0.1,29.115,1,32.239,1,1,D,7901125,38,1,A
2024-10-04T14:07:43Z,12.366666666666667,88.58333333333333,0.1,29.724,1,32.257,1,1,D,7901125,39,1,A
2024-10-14T14:20:36Z,12.833333333333334,88.8,0.2,30.145,1,32.329,1,1,D,7901125,40,1,A
2024-10-24T14:08:43Z,13.283333333333333,89.01666666666667,0.2,29.438,1,32.019,1,1,D,7901125,41,1,A
2024-11-03T14:11:16Z,13.2,89.53333333333333,0.4,29.996,1,32.758,1,1,D,7901125,42,1,A
2024-11-13T14:19:40Z,13.283333333333333,89.93333333333334,0.4,29.732,1,32.52,1,1,D,7901125,43,1,A
2024-11-23T14:12:22Z,13.866666666666667,89.9,0.2,29.412,1,32.255,1,1,D,7901125,44,1,A
2024-12-03T14:13:55Z,14.216666666666667,89.45,0.1,29.148,1,32.501,1,1,D,7901125,45,1,A
2024-12-13T14:06:34Z,14.55,89.31666666666666,0.3,28.686,1,32.797,1,1,D,7901125,46,1,A
2024-12-23T14:09:46Z,14.633333333333333,89.45,0.4,28.075,1,32.798,1,1,D,7901125,47,1,A
2025-01-02T14:18:00Z,14.566666666666666,89.58333333333333,0.1,27.895,4,33.01,4,4,D,7901125,48,1,A
2025-01-12T14:11:25Z,14.233333333333333,89.48333333333333,0.2,28.083,1,33.04,1,1,D,7901125,49,1,A
2025-01-22T14:09:45Z,14.0,89.36666666666666,0.3,27.853,1,33.145,1,1,D,7901125,50,1,A
2025-02-01T14:09:15Z,13.55,89.28333333333333,0.4,28.066,1,33.971,1,1,D,7901125,51,1,A
2025-02-11T14:03:06Z,13.1,89.21666666666667,0.3,28.273,1,33.089,1,1,D,7901125,52,1,A
2025-02-21T14:01:28Z,12.783333333333333,89.23333333333333,0.2,28.555,1,32.764,1,1,D,7901125,53,1,A
2025-03-03T14:13:33Z,12.633333333333333,89.38333333333334,0.4,28.713,1,32.69,1,1,D,7901125,54,1,A
2025-03-13T14:06:52Z,12.616666666666667,89.63333333333334,0.2,29.274,1,32.272,1,1,D,7901125,55,1,A
2025-03-23T14:12:04Z,12.933333333333334,89.91666666666667,0.3,29.408,1,32.656,1,1,D,7901125,56,1,A
2025-04-02T14:24:04Z,13.35,90.05,0.3,29.426,1,32.419,1,1,D,7901125,57,1,A
2025-04-12T14:13:05Z,13.533333333333333,90.28333333333333,0.2,29.22,1,32.172,1,1,D,7901125,58,1,A
2025-04-22T14:12:49Z,13.816666666666666,90.46666666666667,185.5,15.481,1,34.921,1,1,D,7901125,59,1,A
2025-05-02T14:09:25Z,13.983333333333333,90.55,0.2,29.95,1,32.018,1,1,D,7901125,60,1,A
2025-05-12T14:21:34Z,13.883333333333333,90.61666666666666,0.1,31.259,1,32.575,1,1,D,7901125,61,1,A
2025-05-22T14:06:54Z,13.733333333333333,90.63333333333334,0.3,30.993,1,32.696,1,1,D,7901125,62,1,A
2025-06-01T14:08:27Z,13.466666666666667,90.73333333333333,0.3,29.574,1,32.994,1,1,R,7901125,63,1,A
2025-06-11T14:04:13Z,13.066666666666666,90.61666666666666,0.4,29.782,1,32.647,1,1,R,7901125,64,1,A
2025-06-21T14:14:46Z,12.683333333333334,90.51666666666667,0.3,29.457,1,32.531,1,1,R,7901125,65,1,A
2025-07-01T14:08:21Z,12.116666666666667,90.53333333333333,0.2,29.133,1,32.713,1,1,R,7901125,66,1,A
2025-07-11T14:08:19Z,11.566666666666666,90.48333333333333,0.2,29.471,1,32.858,1,1,R,7901125,67,1,A
2025-07-21T14:15:44Z,11.283333333333333,90.51666666666667,0.2,29.414,1,33.114,1,1,R,7901125,68,1,A
2025-07-31T14:12:24Z,11.5,90.76666666666667,0.1,29.345,1,32.811,1,1,R,7901125,69,1,A
2025-08-10T14:12:05Z,12.066666666666666,91.0,0.3,29.582,1,32.793,1,1,R,7901125,70,1,A
2025-08-20T14:05:55Z,12.45,91.06666666666666,0.2,29.137,1,32.991,1,1,R,7901125,71,1,A
2025-08-30T14:07:05Z,12.633333333333333,91.01666666666667,0.4,29.311,1,33.106,1,1,R,7901125,72,1,A
2025-09-09T14:08:49Z,12.716666666666667,90.91666666666667,0.1,29.27,1,33.028,1,1,R,7901125,73,1,A
2023-09-21T14:29:59Z,11.6,88.76666666666667,0.1,28.97,1,33.584,1,1,D,7901126,1,1,A
2023-10-01T13:47:57Z,11.633333333333333,88.58333333333333,0.3,28.58,1,33.425,1,1,D,7901126,2,1,A
2023-10-11T14:04:55Z,11.583333333333334,88.38333333333334,0.0,29.374,1,33.25,1,1,D,7901126,3,1,A
2023-10-21T14:07:52Z,11.55,88.16666666666667,0.2,29.302,1,33.823,1,1,D,7901126,4,1,A
2023-10-31T14:12:37Z,11.65,87.91666666666667,0.0,29.767,1,33.374,1,1,D,7901126,5,1,A
2023-11-10T14:07:53Z,11.85,87.65,0.1,29.594,1,33.551,1,1,D,7901126,6,1,A
2023-11-20T13:59:55Z,11.85,87.5,0.0,29.504,1,33.365,1,1,D,7901126,7,1,A
2023-11-30T13:59:50Z,11.883333333333333,87.33333333333333,0.3,29.105,1,33.571,1,1,D,7901126,8,1,A
2023-12-10T14:06:16Z,11.883333333333333,87.15,0.0,29.062,1,33.359,1,1,D,7901126,9,1,A
2023-12-20T14:02:14Z,11.866666666666667,87.06666666666666,0.2,28.949,1,33.149,1,1,D,7901126,10,1,A
2023-12-30T14:09:27Z,11.95,87.11666666666666,0.1,28.823,1,32.27,1,1,D,7901126,11,1,A
2024-01-09T14:10:04Z,12.216666666666667,87.4,0.2,28.435,1,31.824,1,1,D,7901126,12,1,A
2024-01-19T14:12:25Z,12.616666666666667,87.68333333333334,0.0,28.021,1,32.453,1,1,D,7901126,13,1,A
2024-01-29T14:03:30Z,12.916666666666666,88.11666666666666,0.1,28.077,1,32.393,1,1,D,7901126,14,1,A
2024-02-08T14:16:32Z,13.05,88.31666666666666,0.4,27.877,1,32.726,1,1,D,7901126,15,1,A
2024-02-18T13:56:03Z,13.066666666666666,88.28333333333333,0.2,27.458,1,32.778,1,1,D,7901126,16,1,A
2024-02-28T14:02:53Z,13.116666666666667,88.16666666666667,0.3,28.082,1,32.495,1,1,D,7901126,17,1,A
2024-03-09T14:06:55Z,13.2,88.01666666666667,0.3,27.844,1,32.539,1,1,D,7901126,18,1,A
2024-03-19T14:07:55Z,13.066666666666666,87.9,0.0,28.524,1,32.495,1,1,D,7901126,19,1,A
2024-03-29T14:01:55Z,12.883333333333333,87.76666666666667,0.2,29.618,1,31.369,1,1,D,7901126,20,1,A
2024-04-08T14:13:04Z,12.683333333333334,87.6,0.0,30.132,1,32.142,1,1,D,7901126,21,1,A
2024-04-18T14:04:00Z,12.45,87.45,0.0,31.019,1,32.909,1,1,D,7901126,22,1,A
2024-04-28T14:11:55Z,12.133333333333333,87.38333333333334,0.3,31.891,1,32.015,1,1,D,7901126,23,1,A
2024-05-08T14:14:31Z,11.816666666666666,87.45,0.4,31.772,1,32.3,1,1,D,7901126,24,1,A
2024-05-18T14:04:59Z,11.55,87.65,0.4,31.704,1,32.44,1,1,D,7901126,25,1,A
2024-05-28T13:52:20Z,11.583333333333334,87.91666666666667,0.3,30.072,1,32.795,1,1,D,7901126,26,1,A
2024-06-07T13:58:57Z,11.95,88.1,0.1,30.215,1,33.053,1,1,D,7901126,27,1,A
2024-06-17T14:04:03Z,12.7,88.03333333333333,0.1,29.961,1,33.006,1,1,D,7901126,28,1,A
2024-06-27T14:08:02Z,13.666666666666666,88.25,0.2,29.625,1,32.955,1,1,D,7901126,29,1,A
2024-07-07T14:01:01Z,13.766666666666667,88.96666666666667,0.0,29.49,1,33.191,1,1,D,7901126,30,1,A
2024-07-17T14:17:19Z,12.883333333333333,88.93333333333334,0.2,29.358,1,33.087,1,1,D,7901126,31,1,A
2024-07-27T14:01:35Z,12.2,88.13333333333334,0.4,28.75,1,33.244,1,1,D,7901126,32,1,A
2024-08-06T14:09:54Z,11.833333333333334,87.53333333333333,0.1,29.457,1,33.266,1,1,D,7901126,33,1,A
2024-08-16T14:09:45Z,11.633333333333333,87.25,0.2,29.738,1,33.079,1,1,D,7901126,34,1,A
2024-08-26T13:41:50Z,11.633333333333333,87.35,0.2,29.394,1,33.577,1,1,D,7901126,35,1,A
2024-09-05T13:48:00Z,11.466666666666667,87.81666666666666,0.0,28.933,1,33.304,1,1,D,7901126,36,1,A
2024-09-15T14:18:23Z,11.35,88.16666666666667,0.2,29.247,1,32.847,1,1,D,7901126,37,1,A
2024-09-25T14:10:31Z,11.583333333333334,88.3,0.2,29.212,1,32.964,1,1,D,7901126,38,1,A
2024-10-05T14:02:35Z,11.583333333333334,88.68333333333334,0.1,29.632,1,32.556,1,1,D,7901126,39,1,A
2024-10-15T14:10:24Z,11.833333333333334,88.93333333333334,0.3,29.994,1,31.547,1,1,D,7901126,40,1,A
2024-10-25T14:08:14Z,12.016666666666667,88.93333333333334,0.4,29.523,1,32.625,1,1,D,7901126,41,1,A
2024-11-04T14:20:57Z,12.016666666666667,88.86666666666666,0.3,29.965,1,32.835,1,1,D,7901126,42,1,A
2024-11-14T14:05:55Z,12.033333333333333,88.7,0.2,29.766,1,33.052,1,1,D,7901126,43,1,A
2024-11-24T14:10:32Z,12.05,88.48333333333333,0.3,29.66,1,33.135,1,1,D,7901126,44,1,A
2024-12-04T14:05:31Z,11.85,88.35,0.0,28.947,1,33.597,1,1,D,7901126,45,1,A
2024-12-14T14:18:32Z,11.633333333333333,88.41666666666667,0.3,28.829,1,33.454,1,1,D,7901126,46,1,A
2024-12-24T14:09:49Z,11.183333333333334,88.26666666666667,0.0,28.819,1,33.093,1,1,D,7901126,47,1,A
2025-01-03T14:05:13Z,10.866666666666667,88.06666666666666,185.4,18.602,1,34.823,1,1,D,7901126,48,1,A
2025-01-13T14:06:33Z,10.633333333333333,88.03333333333333,0.3,28.491,1,32.802,1,1,D,7901126,49,1,A
2025-01-23T14:09:48Z,10.433333333333334,88.28333333333333,0.2,28.312,1,32.987,1,1,D,7901126,50,1,A
2025-02-02T14:00:34Z,10.1,88.73333333333333,0.4,28.186,1,33.623,1,1,D,7901126,51,1,A
2025-02-12T14:05:58Z,10.066666666666666,89.03333333333333,0.4,28.15,1,33.778,1,1,D,7901126,52,1,A
2025-02-22T14:01:57Z,10.183333333333334,89.15,0.2,28.649,1,33.155,1,1,D,7901126,53,1,A
2025-03-04T13:59:56Z,10.55,89.2,0.2,28.907,1,32.711,1,1,D,7901126,54,1,A
2025-03-14T14:04:17Z,10.95,89.43333333333334,0.4,29.386,1,33.215,1,1,D,7901126,55,1,A
2025-03-24T14:03:52Z,10.966666666666667,89.9,0.1,29.809,1,32.989,1,1,D,7901126,56,1,A
2025-04-03T14:08:53Z,11.166666666666666,90.11666666666666,0.2,29.565,1,32.578,1,1,D,7901126,57,1,A
2025-04-13T14:07:20Z,11.383333333333333,90.3,0.4,29.706,1,32.677,1,1,D,7901126,58,1,A
2025-04-23T14:13:03Z,11.5,90.53333333333333,0.3,31.502,1,32.173,1,1,D,7901126,59,1,A
2025-05-03T14:03:32Z,11.516666666666667,90.81666666666666,0.1,30.568,1,32.594,1,1,D,7901126,60,1,A
2025-05-13T14:08:56Z,11.133333333333333,91.06666666666666,0.4,30.532,3,32.562,3,1,D,7901126,61,1,A
2025-05-23T14:06:18Z,11.066666666666666,91.5,0.0,30.464,1,32.623,1,1,D,7901126,62,1,A
2025-06-02T14:10:59Z,10.833333333333334,91.75,0.4,29.921,1,32.618,1,1,R,7901126,63,1,A
2025-06-12T05:11:05Z,10.433333333333334,91.81666666666666,0.1,29.112,1,32.698,1,1,R,7901126,64,1,A
2025-06-22T12:26:45Z,10.35,91.65,0.0,29.07,1,32.795,1,1,R,7901126,65,1,A
2025-07-02T08:38:29Z,10.283333333333333,91.68333333333334,0.0,29.139,1,32.718,1,1,R,7901126,66,1,A
2025-07-12T06:23:55Z,10.566666666666666,91.85,0.0,29.353,1,32.681,1,1,R,7901126,67,1,A
2025-07-22T03:51:01Z,11.666666666666666,91.91666666666667,0.4,29.216,1,32.628,1,1,R,7901126,68,1,A
2025-08-01T02:39:45Z,11.983333333333333,92.0,0.0,29.393,1,32.764,1,1,R,7901126,69,1,A
2025-08-11T01:45:50Z,11.866666666666667,91.95,0.1,29.411,1,32.549,1,1,R,7901126,70,1,A
2025-08-21T14:16:39Z,11.766666666666667,91.81666666666666,0.2,28.777,1,32.355,1,1,R,7901126,71,1,A
2025-08-31T10:34:27Z,11.283333333333333,91.76666666666667,0.2,29.104,1,32.828,1,1,R,7901126,72,1,A
2025-09-10T14:02:00Z,11.216666666666667,91.66666666666667,0.2,28.948,1,32.727,1,1,R,7901126,73,1,A
2023-09-22T14:07:38Z,9.7,88.53333333333333,0.3,28.923,1,33.998,1,1,D,7901127,1,1,A
2023-10-02T14:04:51Z,10.033333333333333,88.7,0.2,28.721,1,33.98,1,1,D,7901127,2,1,A
2023-10-12T14:05:55Z,10.2,88.85,0.3,29.158,1,33.165,1,1,D,7901127,3,1,A
2023-10-22T14:09:21Z,10.333333333333334,89.01666666666667,0.1,29.152,1,33.308,1,1,D,7901127,4,1,A
2023-11-01T13:56:41Z,10.566666666666666,88.96666666666667,0.4,29.556,1,33.478,1,1,D,7901127,5,1,A
2023-11-11T14:04:49Z,10.6,88.81666666666666,0.1,29.864,1,32.756,1,1,D,7901127,6,1,A
2023-11-21T13:52:26Z,10.483333333333333,88.73333333333333,0.4,29.566,1,33.534,3,1,D,7901127,7,1,A
2023-12-01T14:14:35Z,10.433333333333334,88.6,0.1,29.2,1,33.596,1,1,D,7901127,8,1,A
2023-12-11T14:02:55Z,10.233333333333333,88.35,0.1,29.283,1,32.755,1,1,D,7901127,9,1,A
2023-12-21T14:04:30Z,10.033333333333333,88.06666666666666,0.2,29.11,1,31.76,1,1,D,7901127,10,1,A
2023-12-31T14:02:26Z,9.783333333333333,87.8,0.1,28.657,1,32.324,1,1,D,7901127,11,1,A
2024-01-10T14:08:34Z,9.6,87.86666666666666,0.2,28.612,1,32.956,3,1,D,7901127,12,1,A
2024-01-20T14:02:51Z,9.583333333333334,88.16666666666667,0.2,28.414,1,32.768,1,1,D,7901127,13,1,A
2024-01-30T13:56:07Z,9.716666666666667,88.53333333333333,0.2,28.272,1,32.797,1,1,D,7901127,14,1,A
2024-02-09T14:03:49Z,9.8,88.98333333333333,0.1,28.911,1,33.833,1,1,D,7901127,15,1,A
2024-02-19T14:02:13Z,9.533333333333333,89.21666666666667,0.2,28.987,1,34.004,1,1,D,7901127,16,1,A
2024-02-29T13:55:26Z,9.116666666666667,89.21666666666667,0.2,29.223,1,34.022,1,1,D,7901127,17,1,A
2024-03-10T13:49:29Z,8.733333333333333,89.15,0.4,29.131,1,33.584,1,1,D,7901127,18,1,A
2024-03-20T13:55:34Z,8.65,89.13333333333334,0.2,29.791,1,32.739,1,1,D,7901127,19,1,A
2024-03-30T14:00:07Z,8.8,89.06666666666666,0.2,30.391,1,32.84,1,1,D,7901127,20,1,A
2024-04-09T13:58:00Z,9.016666666666667,88.98333333333333,0.4,30.829,1,32.242,1,1,D,7901127,21,1,A
2024-04-19T14:05:43Z,9.333333333333334,88.86666666666666,0.1,31.703,1,32.021,1,1,D,7901127,22,1,A
2024-04-29T14:13:00Z,9.683333333333334,88.85,0.2,31.764,3,32.417,3,1,D,7901127,23,1,A
2024-05-09T14:15:50Z,9.966666666666667,89.06666666666666,0.1,32.084,1,32.785,1,1,D,7901127,24,1,A
2024-05-19T14:10:22Z,10.183333333333334,89.36666666666666,0.0,31.592,1,32.769,1,1,D,7901127,25,1,A
2024-05-29T14:08:55Z,10.383333333333333,89.53333333333333,0.1,30.096,1,32.567,1,1,D,7901127,26,1,A
2024-06-08T14:02:41Z,10.5,89.75,0.4,29.867,1,32.679,1,1,D,7901127,27,1,A
2024-06-18T14:00:31Z,10.416666666666666,89.95,0.0,29.745,1,33.025,1,1,D,7901127,28,1,A
2024-06-28T13:57:49Z,10.2,90.06666666666666,0.2,29.588,1,33.24,1,1,D,7901127,29,1,A
2024-07-08T13:52:52Z,9.883333333333333,90.06666666666666,0.2,29.395,1,33.391,1,1,D,7901127,30,1,A
2024-07-18T13:49:47Z,9.65,90.01666666666667,0.3,29.462,1,33.612,1,1,D,7901127,31,1,A
2024-07-28T13:46:02Z,9.616666666666667,90.33333333333333,0.1,29.518,1,33.337,1,1,D,7901127,32,1,A
2024-08-07T13:54:04Z,9.6,90.91666666666667,0.2,29.083,1,32.499,1,1,D,7901127,33,1,A
2024-08-17T13:57:50Z,9.916666666666666,91.15,0.4,29.663,1,32.499,1,1,D,7901127,34,1,A
2024-08-27T13:54:53Z,10.516666666666667,91.16666666666667,0.1,29.392,1,32.605,1,1,D,7901127,35,1,A
2024-09-06T14:10:04Z,10.783333333333333,91.26666666666667,0.1,29.008,1,33.239,1,1,D,7901127,36,1,A
2024-09-16T13:56:41Z,10.383333333333333,91.26666666666667,0.4,29.357,1,33.149,1,1,D,7901127,37,1,A
2024-09-26T13:50:01Z,9.8,91.01666666666667,0.2,29.362,1,33.737,1,1,D,7901127,38,1,A
2024-10-06T13:53:39Z,9.233333333333333,90.6,0.1,30.43,1,32.741,1,1,D,7901127,39,1,A
2024-10-16T14:01:58Z,8.683333333333334,90.15,0.4,29.652,1,33.049,1,1,D,7901127,40,1,A
2024-10-26T13:41:25Z,8.55,90.11666666666666,0.1,29.437,1,33.565,1,1,D,7901127,41,1,A
2024-11-05T14:04:52Z,8.666666666666666,90.46666666666667,0.1,30.645,1,33.238,1,1,D,7901127,42,1,A
2024-11-15T13:54:46Z,8.316666666666666,90.75,0.1,30.179,1,33.198,1,1,D,7901127,43,1,A
2024-11-25T13:56:19Z,7.683333333333334,90.6,0.1,29.213,1,33.392,1,1,D,7901127,44,1,A
2024-12-05T13:43:08Z,7.466666666666667,90.68333333333334,0.4,29.296,1,33.757,1,1,D,7901127,45,1,A
2024-12-15T13:48:52Z,7.566666666666666,91.23333333333333,0.1,29.071,1,33.886,1,1,D,7901127,46,1,A
2024-12-25T13:50:19Z,7.516666666666667,91.38333333333334,0.1,29.024,1,34.092,1,1,D,7901127,47,1,A
2025-01-04T13:55:58Z,7.616666666666667,91.4,0.1,28.984,1,33.923,1,1,D,7901127,48,1,A
2025-01-14T13:53:54Z,7.75,91.38333333333334,0.4,29.162,1,33.64,1,1,D,7901127,49,1,A
2025-01-24T14:08:30Z,7.85,91.58333333333333,0.3,28.822,1,33.607,1,1,D,7901127,50,1,A
2025-02-03T13:47:52Z,7.7,91.78333333333333,0.3,28.708,1,33.213,1,1,D,7901127,51,1,A
2025-02-13T13:47:09Z,7.7,91.88333333333334,0.4,28.789,1,33.016,1,1,D,7901127,52,1,A
2025-02-23T14:11:55Z,7.883333333333333,91.86666666666666,0.4,28.917,1,33.267,1,1,D,7901127,53,1,A
2025-03-04T23:39:02Z,8.216666666666667,91.8,0.2,29.025,1,33.159,1,1,D,7901127,54,1,A
2025-03-15T13:21:50Z,8.566666666666666,91.9,0.0,29.408,1,32.707,1,1,D,7901127,55,1,A
2025-03-25T12:59:58Z,8.816666666666666,92.05,0.1,29.732,1,32.929,1,1,D,7901127,56,1,A
2025-04-04T13:21:31Z,9.216666666666667,91.86666666666666,0.2,29.854,1,33.751,1,1,D,7901127,57,1,A
2025-04-14T13:41:30Z,9.4,91.51666666666667,0.1,29.984,1,33.052,1,1,D,7901127,58,1,A
2025-04-24T14:02:57Z,9.25,91.38333333333334,0.2,31.323,1,31.754,1,1,D,7901127,59,1,A
2025-05-04T13:32:32Z,8.683333333333334,91.6,0.3,30.817,1,32.236,1,1,D,7901127,60,1,A
2025-05-14T13:58:49Z,8.6,91.71666666666667,0.1,30.066,1,32.32,1,1,D,7901127,61,1,A
2025-05-24T00:05:06Z,8.766666666666667,91.75,0.1,29.738,1,32.645,1,1,D,7901127,62,1,A
2025-06-03T13:46:06Z,8.383333333333333,91.95,0.1,29.7,1,32.814,1,1,R,7901127,63,1,A
2025-06-13T13:55:25Z,8.05,92.06666666666666,0.1,29.502,1,33.113,1,1,R,7901127,64,1,A
2025-06-23T13:53:32Z,8.4,92.01666666666667,0.3,29.306,1,33.3,1,1,R,7901127,65,1,A
2025-07-03T13:38:59Z,8.8,91.98333333333333,0.2,29.151,1,33.132,1,1,R,7901127,66,1,A
2025-07-13T13:45:10Z,9.233333333333333,91.91666666666667,0.1,29.26,1,32.8,1,1,R,7901127,67,1,A
2025-07-23T13:58:05Z,10.033333333333333,91.43333333333334,0.2,29.026,1,32.722,1,1,R,7901127,68,1,A
2025-08-02T14:10:15Z,10.716666666666667,91.05,0.4,29.515,1,32.548,1,1,R,7901127,69,1,A
2025-08-12T14:12:55Z,11.15,91.21666666666667,0.2,29.399,1,32.786,1,1,R,7901127,70,1,A
2025-09-01T13:57:51Z,9.85,91.13333333333334,176.1,16.04,1,34.854,1,1,R,7901127,72,1,A
2024-05-15T02:29:26Z,17.604536,88.632164,4.26,30.4624,1,33.5624,1,1,D,7902190,2,1,A
2024-05-24T23:43:46Z,17.408449,88.488312,4.3,31.047,1,33.1843,1,1,D,7902190,3,1,A
2024-06-03T20:36:13Z,17.475,88.281,4.37,30.722,1,33.4425,1,1,D,7902190,4,8,A
2024-06-13T17:14:43Z,17.542585,88.073418,4.14,30.216,1,32.8902,1,1,D,7902190,5,1,A
2024-07-03T11:35:02Z,17.924667,87.715317,4.23,29.5611,1,33.3736,1,1,D,7902190,7,1,A
2024-07-13T08:46:10Z,18.061228,87.597588,4.28,29.8627,1,32.9078,1,1,D,7902190,8,1,A
2024-07-23T05:52:53Z,18.162889,87.473656,4.12,28.3224,1,33.175,1,1,D,7902190,9,1,A
2024-08-02T02:49:43Z,18.161999,87.577057,4.1,29.1117,1,31.5237,1,1,D,7902190,10,1,A
2024-08-11T23:52:37Z,18.005829,87.698357,4.46,29.2886,1,30.6524,1,1,D,7902190,11,1,A
2024-08-21T20:57:04Z,17.891,87.752,4.36,29.8676,1,32.1635,1,1,D,7902190,12,8,A
2024-09-10T16:51:29Z,17.660986,87.808723,4.23,29.0435,1,33.1524,1,1,D,7902190,14,1,A
2024-09-20T14:28:07Z,17.480005,87.816437,4.37,29.6601,1,32.648,1,1,D,7902190,15,1,A
2024-09-30T11:55:59Z,17.285172,87.669952,4.4,30.1465,1,33.9947,1,1,D,7902190,16,1,A
2024-10-10T10:53:12Z,17.067,87.495,14.64,30.1653,1,30.6742,1,1,D,7902190,17,8,A
2024-10-20T11:28:59Z,16.846,87.318,6.74,30.3541,1,30.6937,1,1,D,7902190,18,8,A
2024-10-30T10:22:16Z,16.626772,87.14299,4.35,29.7271,1,31.2248,1,1,D,7902190,19,1,A
2024-11-09T10:33:54Z,16.72,86.946,10.69,30.058,1,29.8941,1,1,D,7902190,20,8,A
2024-11-19T11:27:15Z,16.805,86.76,6.99,28.2614,1,29.7441,1,1,D,7902190,21,8,A
2024-11-29T10:37:13Z,16.889614,86.574905,6.03,28.4175,1,33.1446,1,1,D,7902190,22,1,A
2024-12-09T08:40:58Z,16.846563,86.383942,4.3,28.5502,1,32.9846,1,1,D,7902190,23,1,A
2024-12-19T07:19:17Z,16.91254,86.165657,4.35,27.6912,1,33.1354,1,1,D,7902190,24,1,A
2024-12-29T05:55:24Z,17.052464,86.131165,4.35,27.9064,1,32.7854,1,1,D,7902190,25,1,A
2025-01-08T04:32:45Z,16.977644,86.121658,5.99,27.1956,1,32.4274,1,1,D,7902190,26,1,A
2025-01-18T04:03:02Z,16.899376,85.961197,4.4,26.6296,1,31.9408,1,1,D,7902190,27,1,A
2025-01-28T02:43:42Z,17.000853,85.597595,4.32,27.2799,1,32.1509,1,1,D,7902190,28,1,A
2025-02-07T01:33:30Z,17.014263,85.350235,4.27,27.2863,1,31.3356,1,1,D,7902190,29,1,A
2025-02-17T00:07:56Z,16.781193,85.20565,6.0,27.627,1,31.6013,1,1,D,7902190,30,1,A
2025-02-26T23:14:58Z,16.437346,84.989281,4.25,27.6813,1,31.7895,1,1,D,7902190,31,1,A
2025-03-08T22:20:22Z,16.178101,84.403351,4.29,28.3143,1,32.1377,1,1,D,7902190,32,1,A
2025-03-18T21:45:29Z,15.780738,83.703384,4.0,28.9332,1,32.1648,1,1,D,7902190,33,1,A
2025-03-28T20:42:16Z,15.83821,83.173119,4.23,29.3055,1,32.522,1,1,D,7902190,34,1,A
2025-04-07T19:24:43Z,15.90285,82.785477,4.4,29.8125,1,32.5279,1,1,D,7902190,35,1,A
2025-04-17T17:37:24Z,15.662793,82.397743,4.03,30.0496,1,32.7204,1,1,D,7902190,36,1,A
2025-04-27T16:19:30Z,15.488087,82.157928,4.35,30.3848,1,32.6927,1,1,D,7902190,37,1,A
2025-05-07T14:43:49Z,15.460052,81.701637,4.26,30.592,1,34.0599,1,1,D,7902190,38,1,A
2025-06-26T05:08:21Z,13.120065,80.946762,4.24,29.9789,1,33.8357,1,1,A,7902190,43,1,A
2025-07-06T03:28:40Z,13.292563,81.374763,4.0,29.8224,1,33.773,1,1,A,7902190,44,1,A
2025-01-07T14:14:50Z,9.916666666666666,85.81666666666666,0.3,28.418,1,34.187,1,1,R,7902248,1,1,A
2025-01-17T14:15:06Z,9.65,85.36666666666666,0.2,28.182,1,33.806,1,1,R,7902248,2,1,A
2025-01-27T13:58:27Z,9.216666666666667,85.21666666666667,0.2,28.086,1,33.982,1,1,R,7902248,3,1,A
2025-02-06T14:06:30Z,9.0,85.23333333333333,0.3,27.715,1,33.093,1,1,R,7902248,4,1,A
2025-02-16T14:22:36Z,8.533333333333333,85.53333333333333,0.4,28.165,1,33.278,1,1,R,7902248,5,1,A
2025-02-26T14:09:58Z,8.266666666666667,86.06666666666666,0.3,28.902,1,33.696,1,1,R,7902248,6,1,A
2025-03-08T13:47:15Z,8.483333333333333,86.68333333333334,0.4,28.738,1,33.242,1,1,R,7902248,7,1,A
2025-03-18T14:14:26Z,8.95,87.03333333333333,0.4,29.41,1,32.789,1,1,R,7902248,8,1,A
2025-03-28T13:59:47Z,9.216666666666667,87.03333333333333,0.3,29.79,1,33.007,1,1,R,7902248,9,1,A
2025-04-07T14:10:56Z,9.483333333333333,86.91666666666667,0.3,29.91,1,33.373,1,1,R,7902248,10,1,A
2025-04-17T14:20:26Z,9.85,86.83333333333333,0.2,30.295,1,33.724,1,1,R,7902248,11,1,A
2025-04-27T14:18:52Z,10.233333333333333,86.71666666666667,0.1,30.977,3,33.529,3,1,R,7902248,12,1,A
2025-05-07T14:10:26Z,10.383333333333333,86.56666666666666,0.2,31.729,1,32.611,1,1,R,7902248,13,1,A
2025-05-17T14:16:05Z,10.516666666666667,86.41666666666667,0.1,30.808,1,32.604,1,1,R,7902248,14,1,A
2025-05-27T14:15:46Z,10.75,86.35,0.1,30.013,1,32.936,1,1,R,7902248,15,1,A
2025-06-06T14:27:06Z,10.9,86.66666666666667,0.4,30.257,1,33.391,1,1,R,7902248,16,1,A
2025-06-16T14:10:15Z,11.1,87.01666666666667,0.1,29.683,1,33.131,1,1,R,7902248,17,1,A
2025-06-26T14:14:44Z,11.233333333333333,87.03333333333333,0.4,29.618,1,32.83,1,1,R,7902248,18,1,A
2025-07-06T14:08:19Z,11.566666666666666,86.98333333333333,0.1,29.563,1,33.452,1,1,R,7902248,19,1,A
2025-07-16T14:13:17Z,11.683333333333334,86.81666666666666,0.3,29.574,1,33.303,1,1,R,7902248,20,1,A
2025-07-26T14:05:37Z,11.616666666666667,86.68333333333334,0.2,29.196,1,33.239,1,1,R,7902248,21,1,A
2025-08-05T14:17:12Z,11.65,86.58333333333333,0.2,29.657,1,32.927,1,1,R,7902248,22,1,A
2025-08-15T14:14:30Z,11.7,86.48333333333333,0.2,29.208,1,32.95,1,1,R,7902248,23,1,A
2025-08-25T14:21:03Z,11.6,86.48333333333333,0.3,29.33,1,33.221,1,1,R,7902248,24,1,A
2025-09-04T14:13:23Z,11.783333333333333,86.51666666666667,0.3,29.082,1,32.946,1,1,R,7902248,25,1,A
2025-09-14T14:15:48Z,11.533333333333333,86.71666666666667,0.3,29.507,1,32.947,1,1,R,7902248,26,1,A
2025-01-08T14:18:08Z,11.066666666666666,86.76666666666667,0.2,28.704,1,33.264,1,1,R,7902249,1,1,A
2025-01-18T14:09:46Z,11.4,86.51666666666667,0.3,28.411,1,33.247,1,1,R,7902249,2,1,A
2025-01-28T13:59:55Z,11.483333333333333,86.5,0.2,28.03,1,33.543,1,1,R,7902249,3,1,A
2025-02-07T14:03:25Z,11.216666666666667,86.38333333333334,0.2,28.28,1,33.929,1,1,R,7902249,4,1,A
2025-02-17T14:13:46Z,10.9,85.98333333333333,0.4,27.914,1,33.636,1,1,R,7902249,5,1,A
2025-02-27T13:56:49Z,10.766666666666667,85.4,0.3,28.495,1,33.71,1,1,R,7902249,6,1,A
2025-03-09T14:05:25Z,10.8,84.88333333333334,0.3,28.773,1,33.033,1,1,R,7902249,7,1,A
2025-03-19T14:01:58Z,10.7,84.51666666666667,0.4,29.806,1,33.492,1,1,R,7902249,8,1,A
2025-03-29T00:00:55Z,10.483333333333333,84.23333333333333,0.1,29.685,1,33.474,1,1,R,7902249,9,1,A
2025-04-08T13:56:48Z,10.4,84.06666666666666,0.2,30.147,1,33.232,1,1,R,7902249,10,1,A
2025-04-18T14:12:09Z,10.433333333333334,83.88333333333334,0.3,30.471,1,33.626,1,1,R,7902249,11,1,A
2025-04-28T14:12:26Z,10.333333333333334,83.83333333333333,0.4,30.577,1,33.143,1,1,R,7902249,12,1,A
2025-05-08T14:16:25Z,10.433333333333334,84.1,0.1,30.932,1,33.073,1,1,R,7902249,13,1,A
2025-05-18T14:10:20Z,10.366666666666667,84.4,0.3,30.494,1,33.28,1,1,R,7902249,14,1,A
2025-05-28T14:05:53Z,10.416666666666666,84.48333333333333,0.1,30.142,1,32.781,1,1,R,7902249,15,1,A
2025-06-07T14:07:04Z,10.6,84.65,0.1,30.231,1,32.946,1,1,R,7902249,16,1,A
2025-06-17T14:06:03Z,11.2,84.83333333333333,0.2,29.89,1,33.06,1,1,R,7902249,17,1,A
2025-06-27T14:14:38Z,11.5,85.06666666666666,0.1,29.735,1,33.167,1,1,R,7902249,18,1,A
2025-07-07T14:09:05Z,11.116666666666667,85.36666666666666,0.1,29.75,1,33.166,1,1,R,7902249,19,1,A
2025-07-17T14:17:07Z,11.15,85.66666666666667,0.1,29.553,1,33.5,1,1,R,7902249,20,1,A
2025-07-27T14:08:33Z,11.166666666666666,85.91666666666667,0.2,29.269,1,33.367,1,1,R,7902249,21,1,A
2025-08-06T14:16:24Z,11.233333333333333,86.01666666666667,0.4,29.947,1,33.227,1,1,R,7902249,22,1,A
2025-08-16T14:06:50Z,11.533333333333333,85.85,0.1,29.185,1,32.944,1,1,R,7902249,23,1,A
2025-08-26T14:01:25Z,11.65,85.53333333333333,0.1,29.311,1,32.977,1,1,R,7902249,24,1,A
2025-09-05T13:59:32Z,12.083333333333334,85.21666666666667,0.3,29.139,1,33.318,1,1,R,7902249,25,1,A
2025-09-15T14:04:25Z,12.433333333333334,85.03333333333333,0.3,29.498,1,33.126,1,1,R,7902249,26,1,A
2025-01-08T14:22:26Z,11.983333333333333,87.86666666666666,0.3,28.529,1,33.502,1,1,R,7902251,1,1,A
2025-01-18T14:01:56Z,11.55,87.68333333333334,0.1,28.492,1,34.149,1,1,R,7902251,2,1,A
2025-01-28T14:08:53Z,10.983333333333333,87.23333333333333,0.2,28.208,1,33.867,1,1,R,7902251,3,1,A
2025-02-07T13:52:56Z,10.333333333333334,86.76666666666667,0.3,28.198,1,33.72,1,1,R,7902251,4,1,A
2025-02-17T14:16:56Z,9.85,86.56666666666666,0.4,28.424,1,33.879,1,1,R,7902251,5,1,A
2025-02-27T14:01:39Z,9.8,86.36666666666666,0.2,28.72,1,33.721,1,1,R,7902251,6,1,A
2025-03-09T13:55:19Z,9.866666666666667,86.15,0.3,29.008,1,33.324,1,1,R,7902251,7,1,A
2025-03-19T13:58:26Z,10.0,86.11666666666666,0.2,29.667,1,33.383,1,1,R,7902251,8,1,A
2025-03-29T14:12:47Z,10.366666666666667,86.1,0.1,29.67,1,32.458,1,1,R,7902251,9,1,A
2025-04-08T14:12:26Z,10.766666666666667,86.08333333333333,0.4,29.725,1,32.817,1,1,R,7902251,10,1,A
2025-04-18T14:05:44Z,11.1,86.43333333333334,0.0,30.391,1,33.172,1,1,R,7902251,11,1,A
2025-04-28T14:17:16Z,11.416666666666666,87.01666666666667,0.1,30.568,1,32.968,1,1,R,7902251,12,1,A
2025-05-08T14:06:44Z,11.433333333333334,87.55,0.1,31.411,1,33.143,1,1,R,7902251,13,1,A
2025-05-18T14:11:31Z,11.816666666666666,87.91666666666667,0.2,30.709,1,32.734,1,1,R,7902251,14,1,A
2025-05-28T14:21:55Z,12.05,88.18333333333334,0.2,29.841,1,33.132,1,1,R,7902251,15,1,A
2025-06-07T14:23:26Z,12.366666666666667,88.23333333333333,0.2,30.063,1,33.053,1,1,R,7902251,16,1,A
2025-06-17T14:14:44Z,12.266666666666667,88.23333333333333,0.3,29.776,1,32.856,1,1,R,7902251,17,1,A
2025-06-27T14:06:14Z,11.883333333333333,88.03333333333333,0.3,29.639,1,33.188,1,1,R,7902251,18,1,A
2025-07-07T14:13:39Z,11.533333333333333,87.85,0.3,29.581,1,32.895,1,1,R,7902251,19,1,A
2025-07-17T14:04:56Z,11.2,87.81666666666666,0.2,29.646,1,32.916,1,1,R,7902251,20,1,A
2025-07-27T14:12:49Z,11.4,87.95,0.2,29.285,1,33.028,1,1,R,7902251,21,1,A
2025-08-06T14:18:30Z,11.666666666666666,88.11666666666666,0.0,29.97,1,33.325,1,1,R,7902251,22,1,A
2025-08-16T14:12:11Z,11.51485,88.4221,0.3,29.171,1,33.299,1,1,R,7902251,23,1,A
2025-08-26T14:09:24Z,11.4,88.55,0.4,29.109,1,32.867,1,1,R,7902251,24,1,A
2025-09-05T14:05:50Z,11.133333333333333,88.68333333333334,0.4,29.184,1,33.102,1,1,R,7902251,25,1,A
2025-09-15T13:53:55Z,11.216666666666667,88.71666666666667,0.1,29.781,1,32.865,1,1,R,7902251,26,1,A
